job_gpu,total_free,queue_length,running_jobs,max_free_node,variance_free,can_fit_now,gpu_fit_ratio,fragmentation,queue_pressure,node_availability,avg_free_per_node,wait_time
6,28,0,1,4,1.75,1,1.0,1.3228756555322954,0.0,0.0,3.5,0
8,10,0,4,4,2.9375,1,1.0,1.713913650100261,0.0,0.0,1.25,0
6,22,1,2,4,2.9375,1,1.0,1.713913650100261,0.2608695652173913,0.0,2.75,0
4,32,0,0,4,0.0,1,1.0,0.0,0.0,1.0,4.0,0
6,22,0,2,4,2.9375,1,1.0,1.713913650100261,0.0,0.0,2.75,0
6,2,3,5,2,0.4375,0,0.33333327777778704,0.6614378277661477,7.666666666666667,0.0,0.25,6
7,10,1,4,4,2.9375,1,1.0,1.713913650100261,0.7272727272727273,0.0,1.25,7
5,2,4,5,2,0.4375,0,0.399999920000016,0.6614378277661477,9.666666666666666,0.0,0.25,10
8,2,1,5,2,0.4375,0,0.24999996875000394,0.6614378277661477,2.3333333333333335,0.0,0.25,9
4,9,5,4,4,2.359375,1,1.0,1.5360257159305635,3.4,0.125,1.125,9
7,8,5,4,4,2.0,1,1.0,1.4142135623730951,3.7777777777777777,0.0,1.0,24
8,2,2,5,2,0.4375,0,0.24999996875000394,0.6614378277661477,5.0,0.0,0.25,23
5,1,8,5,1,0.109375,0,0.199999960000008,0.33071891388307384,26.0,0.0,0.125,19
7,7,5,4,4,1.859375,1,0.9999998571428775,1.3635890143294642,3.75,0.0,0.875,25
6,7,6,4,4,1.859375,1,1.0,1.3635890143294642,4.625,0.0,0.875,30
4,0,9,5,0,0.0,0,0.0,0.0,59.0,0.0,0.0,23
7,1,7,5,1,0.109375,0,0.1428571224489825,0.33071891388307384,22.5,0.0,0.125,32
8,1,6,5,1,0.109375,0,0.12499998437500197,0.33071891388307384,18.5,0.0,0.125,31
7,1,9,5,1,0.109375,0,0.1428571224489825,0.33071891388307384,28.5,0.0,0.125,39
6,2,11,5,2,0.4375,0,0.33333327777778704,0.6614378277661477,24.666666666666668,0.0,0.25,31
8,0,10,5,0,0.0,0,0.0,0.0,63.0,0.0,0.0,52
7,2,10,5,2,0.4375,0,0.285714244897965,0.6614378277661477,22.333333333333332,0.0,0.25,46
4,8,14,4,4,2.0,1,1.0,1.4142135623730951,10.222222222222221,0.125,1.0,40
5,2,12,5,2,0.4375,0,0.399999920000016,0.6614378277661477,26.666666666666668,0.0,0.25,55
8,0,14,5,0,0.0,0,0.0,0.0,88.0,0.0,0.0,53
4,1,15,5,1,0.109375,0,0.24999993750001562,0.33071891388307384,49.5,0.0,0.125,55
7,2,13,5,2,0.4375,0,0.285714244897965,0.6614378277661477,28.333333333333332,0.0,0.25,56
6,5,14,4,4,1.734375,0,0.8333331944444675,1.3169567191065923,14.833333333333334,0.0,0.625,51
4,1,16,5,1,0.109375,0,0.24999993750001562,0.33071891388307384,51.5,0.0,0.125,59
8,8,14,4,4,2.0,1,0.9999998750000157,1.4142135623730951,10.0,0.0,1.0,63
8,1,14,5,1,0.109375,0,0.12499998437500197,0.33071891388307384,45.5,0.0,0.125,69
6,1,17,5,1,0.109375,0,0.16666663888889352,0.33071891388307384,53.5,0.0,0.125,67
4,8,17,4,4,2.0,1,1.0,1.4142135623730951,12.11111111111111,0.125,1.0,66
5,2,17,5,2,0.4375,0,0.399999920000016,0.6614378277661477,35.666666666666664,0.0,0.25,68
8,2,18,5,2,0.4375,0,0.24999996875000394,0.6614378277661477,37.333333333333336,0.0,0.25,70
8,0,18,5,0,0.0,0,0.0,0.0,111.0,0.0,0.0,72
4,0,21,5,0,0.0,0,0.0,0.0,130.0,0.0,0.0,74
5,0,19,5,0,0.0,0,0.0,0.0,119.0,0.0,0.0,77
6,0,17,5,0,0.0,0,0.0,0.0,105.0,0.0,0.0,72
6,0,20,5,0,0.0,0,0.0,0.0,124.0,0.0,0.0,77
5,0,22,5,0,0.0,0,0.0,0.0,137.0,0.0,0.0,79
8,0,22,5,0,0.0,0,0.0,0.0,134.0,0.0,0.0,84
5,0,24,5,0,0.0,0,0.0,0.0,150.0,0.0,0.0,76
4,0,25,5,0,0.0,0,0.0,0.0,155.0,0.0,0.0,84
8,0,21,5,0,0.0,0,0.0,0.0,129.0,0.0,0.0,85
7,0,25,5,0,0.0,0,0.0,0.0,155.0,0.0,0.0,82
8,0,23,5,0,0.0,0,0.0,0.0,142.0,0.0,0.0,100
7,0,26,5,0,0.0,0,0.0,0.0,162.0,0.0,0.0,99
6,0,27,5,0,0.0,0,0.0,0.0,169.0,0.0,0.0,103
4,8,28,4,4,2.0,1,1.0,1.4142135623730951,19.22222222222222,0.125,1.0,94
8,0,28,5,0,0.0,0,0.0,0.0,169.0,0.0,0.0,106
5,0,28,5,0,0.0,0,0.0,0.0,175.0,0.0,0.0,95
8,0,29,5,0,0.0,0,0.0,0.0,177.0,0.0,0.0,107
6,0,30,5,0,0.0,0,0.0,0.0,185.0,0.0,0.0,109
5,0,34,5,0,0.0,0,0.0,0.0,210.0,0.0,0.0,111
8,0,32,5,0,0.0,0,0.0,0.0,195.0,0.0,0.0,115
7,0,33,5,0,0.0,0,0.0,0.0,203.0,0.0,0.0,119
4,0,31,5,0,0.0,0,0.0,0.0,191.0,0.0,0.0,114
5,2,32,5,2,0.4375,0,0.399999920000016,0.6614378277661477,65.33333333333333,0.0,0.25,113
5,2,33,5,2,0.4375,0,0.399999920000016,0.6614378277661477,67.0,0.0,0.25,115
6,2,34,5,2,0.4375,0,0.33333327777778704,0.6614378277661477,68.66666666666667,0.0,0.25,114
7,8,32,4,4,3.0,1,1.0,1.7320508075688772,21.666666666666668,0.0,1.0,114
4,3,42,5,2,0.484375,0,0.7499998125000469,0.6959705453537527,64.75,0.0,0.375,98
5,2,36,5,2,0.4375,0,0.399999920000016,0.6614378277661477,72.66666666666667,0.0,0.25,114
5,11,40,4,4,1.734375,1,1.0,1.3169567191065923,20.666666666666668,0.0,1.375,115
5,2,37,5,2,0.4375,0,0.399999920000016,0.6614378277661477,75.66666666666667,0.0,0.25,116
8,2,37,5,2,0.4375,0,0.24999996875000394,0.6614378277661477,74.33333333333333,0.0,0.25,134
6,2,35,5,2,0.4375,0,0.33333327777778704,0.6614378277661477,70.66666666666667,0.0,0.25,128
6,2,38,5,2,0.4375,0,0.33333327777778704,0.6614378277661477,77.33333333333333,0.0,0.25,125
6,7,39,4,3,1.359375,1,1.0,1.165922381636102,29.75,0.0,0.875,132
6,3,43,5,2,0.484375,0,0.49999991666668053,0.6959705453537527,65.75,0.0,0.375,128
8,7,40,4,3,1.359375,0,0.8749998906250137,1.165922381636102,30.5,0.0,0.875,142
4,7,44,4,2,0.859375,1,1.0,0.9270248108869579,33.625,0.0,0.875,138
7,3,41,5,2,0.484375,0,0.4285713673469475,0.6959705453537527,63.0,0.0,0.375,149
4,8,45,4,4,1.75,1,1.0,1.3228756555322954,30.444444444444443,0.125,1.0,146
7,3,40,5,2,0.484375,0,0.4285713673469475,0.6959705453537527,61.25,0.0,0.375,142
7,7,45,4,2,0.859375,1,0.9999998571428775,0.9270248108869579,34.125,0.0,0.875,150
8,8,46,4,4,1.75,1,0.9999998750000157,1.3228756555322954,30.88888888888889,0.0,1.0,159
5,1,46,5,1,0.109375,0,0.199999960000008,0.33071891388307384,139.5,0.0,0.125,154
6,1,46,5,1,0.109375,0,0.16666663888889352,0.33071891388307384,140.5,0.0,0.125,164
5,6,46,4,4,1.9375,1,1.0,1.3919410907075054,39.714285714285715,0.0,0.75,155
7,6,47,4,4,1.9375,0,0.857142734693895,1.3919410907075054,40.42857142857143,0.0,0.75,162
8,1,47,5,1,0.109375,0,0.12499998437500197,0.33071891388307384,142.0,0.0,0.125,167
6,9,48,4,4,1.859375,1,1.0,1.3635890143294642,29.2,0.0,1.125,163
7,9,49,4,4,1.859375,1,1.0,1.3635890143294642,29.8,0.0,1.125,171
8,3,46,5,2,0.484375,0,0.3749999531250059,0.6959705453537527,70.25,0.0,0.375,167
5,3,45,5,2,0.484375,0,0.599999880000024,0.6959705453537527,69.0,0.0,0.375,160
6,0,45,5,0,0.0,0,0.0,0.0,277.0,0.0,0.0,146
7,3,47,5,2,0.484375,0,0.4285713673469475,0.6959705453537527,72.25,0.0,0.375,171
4,0,47,5,0,0.0,0,0.0,0.0,291.0,0.0,0.0,153
7,3,48,5,2,0.484375,0,0.4285713673469475,0.6959705453537527,74.0,0.0,0.375,175
8,0,46,5,0,0.0,0,0.0,0.0,283.0,0.0,0.0,171
7,0,48,5,0,0.0,0,0.0,0.0,295.0,0.0,0.0,168
5,0,49,5,0,0.0,0,0.0,0.0,302.0,0.0,0.0,166
5,0,50,5,0,0.0,0,0.0,0.0,307.0,0.0,0.0,169
6,0,51,5,0,0.0,0,0.0,0.0,315.0,0.0,0.0,183
6,0,50,5,0,0.0,0,0.0,0.0,309.0,0.0,0.0,174
8,7,50,4,4,1.859375,0,0.8749998906250137,1.3635890143294642,38.5,0.0,0.875,181
4,0,57,5,0,0.0,0,0.0,0.0,357.0,0.0,0.0,183
7,0,52,5,0,0.0,0,0.0,0.0,321.0,0.0,0.0,183
8,0,53,5,0,0.0,0,0.0,0.0,328.0,0.0,0.0,203
6,0,54,5,0,0.0,0,0.0,0.0,336.0,0.0,0.0,191
7,0,55,5,0,0.0,0,0.0,0.0,342.0,0.0,0.0,191
7,0,58,5,0,0.0,0,0.0,0.0,361.0,0.0,0.0,203
4,8,59,4,4,2.0,1,1.0,1.4142135623730951,41.111111111111114,0.125,1.0,190
5,0,58,5,0,0.0,0,0.0,0.0,365.0,0.0,0.0,203
7,0,59,5,0,0.0,0,0.0,0.0,368.0,0.0,0.0,212
8,0,56,5,0,0.0,0,0.0,0.0,349.0,0.0,0.0,209
7,0,57,5,0,0.0,0,0.0,0.0,358.0,0.0,0.0,209
6,1,59,5,1,0.109375,0,0.16666663888889352,0.33071891388307384,183.5,0.0,0.125,217
8,32,1,0,4,0.0,1,1.0,0.0,0.24242424242424243,0.0,4.0,0
8,32,0,0,4,0.0,1,1.0,0.0,0.0,0.0,4.0,0
8,16,0,2,4,4.0,1,1.0,2.0,0.0,0.0,2.0,0
8,8,0,3,4,3.0,1,0.9999998750000157,1.7320508075688772,0.0,0.0,1.0,0
7,8,1,3,4,3.0,1,1.0,1.7320508075688772,0.8888888888888888,0.0,1.0,5
8,0,2,4,0,0.0,0,0.0,0.0,14.0,0.0,0.0,12
7,0,1,4,0,0.0,0,0.0,0.0,7.0,0.0,0.0,10
4,2,11,4,2,0.4375,0,0.49999987500003124,0.6614378277661477,23.0,0.0,0.25,13
6,0,3,4,0,0.0,0,0.0,0.0,22.0,0.0,0.0,18
5,0,4,4,0,0.0,0,0.0,0.0,28.0,0.0,0.0,26
5,8,5,3,4,3.0,1,1.0,1.7320508075688772,3.6666666666666665,0.0,1.0,26
7,1,5,4,1,0.109375,0,0.1428571224489825,0.33071891388307384,15.5,0.0,0.125,28
4,2,10,4,2,0.4375,0,0.49999987500003124,0.6614378277661477,21.666666666666668,0.0,0.25,4
5,2,12,4,2,0.4375,0,0.399999920000016,0.6614378277661477,24.333333333333332,0.0,0.25,24
6,2,8,4,2,0.4375,0,0.33333327777778704,0.6614378277661477,17.333333333333332,0.0,0.25,31
6,1,6,4,1,0.109375,0,0.16666663888889352,0.33071891388307384,19.0,0.0,0.125,37
7,1,7,4,1,0.109375,0,0.1428571224489825,0.33071891388307384,22.0,0.0,0.125,34
8,2,7,4,1,0.1875,0,0.24999996875000394,0.4330127018922193,14.666666666666666,0.0,0.25,32
5,2,14,4,2,0.4375,0,0.399999920000016,0.6614378277661477,28.0,0.0,0.25,33
6,2,13,4,2,0.4375,0,0.33333327777778704,0.6614378277661477,26.0,0.0,0.25,42
5,10,15,3,4,2.9375,1,1.0,1.713913650100261,8.090909090909092,0.0,1.25,46
7,2,9,4,2,0.4375,0,0.285714244897965,0.6614378277661477,19.333333333333332,0.0,0.25,54
8,2,8,4,1,0.1875,0,0.24999996875000394,0.4330127018922193,17.333333333333332,0.0,0.25,55
5,0,15,5,0,0.0,0,0.0,0.0,91.0,0.0,0.0,47
7,0,14,5,0,0.0,0,0.0,0.0,84.0,0.0,0.0,54
5,0,18,5,0,0.0,0,0.0,0.0,110.0,0.0,0.0,50
6,0,19,5,0,0.0,0,0.0,0.0,115.0,0.0,0.0,56
6,0,17,5,0,0.0,0,0.0,0.0,104.0,0.0,0.0,55
8,0,16,5,0,0.0,0,0.0,0.0,96.0,0.0,0.0,59
4,0,20,5,0,0.0,0,0.0,0.0,121.0,0.0,0.0,61
6,1,19,6,1,0.109375,0,0.16666663888889352,0.33071891388307384,58.0,0.0,0.125,63
7,1,20,6,1,0.109375,0,0.1428571224489825,0.33071891388307384,61.0,0.0,0.125,68
7,1,21,6,1,0.109375,0,0.1428571224489825,0.33071891388307384,64.5,0.0,0.125,70
5,7,21,4,4,2.359375,1,1.0,1.5360257159305635,15.625,0.0,0.875,64
7,8,23,5,4,2.25,1,1.0,1.5,15.777777777777779,0.0,1.0,74
6,1,22,6,1,0.109375,0,0.16666663888889352,0.33071891388307384,68.0,0.0,0.125,74
6,5,25,5,3,1.234375,0,0.8333331944444675,1.1110243021644486,26.166666666666668,0.0,0.625,73
5,5,26,5,3,1.234375,1,0.99999980000004,1.1110243021644486,27.166666666666668,0.0,0.625,77
7,1,23,6,1,0.109375,0,0.1428571224489825,0.33071891388307384,71.0,0.0,0.125,78
8,0,26,6,0,0.0,0,0.0,0.0,163.0,0.0,0.0,83
8,1,24,6,1,0.109375,0,0.12499998437500197,0.33071891388307384,74.5,0.0,0.125,81
4,0,25,5,0,0.0,0,0.0,0.0,159.0,0.0,0.0,74
8,0,28,6,0,0.0,0,0.0,0.0,178.0,0.0,0.0,96
8,5,26,4,3,1.234375,0,0.6249999218750099,1.1110243021644486,27.166666666666668,0.0,0.625,88
5,0,26,5,0,0.0,0,0.0,0.0,166.0,0.0,0.0,83
6,0,28,5,0,0.0,0,0.0,0.0,179.0,0.0,0.0,91
4,0,29,5,0,0.0,0,0.0,0.0,184.0,0.0,0.0,88
7,0,27,6,0,0.0,0,0.0,0.0,171.0,0.0,0.0,96
8,0,27,5,0,0.0,0,0.0,0.0,171.0,0.0,0.0,93
7,0,30,5,0,0.0,0,0.0,0.0,188.0,0.0,0.0,97
5,6,29,4,4,1.9375,1,1.0,1.3919410907075054,26.428571428571427,0.0,0.75,97
4,6,32,4,4,1.9375,1,1.0,1.3919410907075054,29.0,0.125,0.75,97
8,0,31,5,0,0.0,0,0.0,0.0,195.0,0.0,0.0,101
8,8,32,4,4,2.25,1,0.9999998750000157,1.5,22.444444444444443,0.0,1.0,101
7,0,32,5,0,0.0,0,0.0,0.0,202.0,0.0,0.0,104
8,7,34,4,4,2.359375,0,0.8749998906250137,1.5360257159305635,26.5,0.0,0.875,107
4,1,32,5,1,0.109375,0,0.24999993750001562,0.33071891388307384,102.0,0.0,0.125,104
4,1,33,5,1,0.109375,0,0.24999993750001562,0.33071891388307384,104.0,0.0,0.125,108
7,0,33,5,0,0.0,0,0.0,0.0,209.0,0.0,0.0,113
6,7,35,4,4,2.359375,1,1.0,1.5360257159305635,27.5,0.0,0.875,117
5,0,36,5,0,0.0,0,0.0,0.0,223.0,0.0,0.0,118
5,5,35,4,4,1.734375,1,0.99999980000004,1.3169567191065923,36.5,0.0,0.625,118
4,0,35,5,0,0.0,0,0.0,0.0,219.0,0.0,0.0,117
4,0,37,5,0,0.0,0,0.0,0.0,231.0,0.0,0.0,115
7,0,37,5,0,0.0,0,0.0,0.0,228.0,0.0,0.0,129
4,0,38,5,0,0.0,0,0.0,0.0,235.0,0.0,0.0,123
8,0,38,5,0,0.0,0,0.0,0.0,235.0,0.0,0.0,131
8,6,37,4,4,1.6875,0,0.7499999062500118,1.299038105676658,32.714285714285715,0.0,0.75,131
4,9,38,4,3,2.109375,1,1.0,1.4523687548277813,23.5,0.0,1.125,125
7,9,37,4,3,2.109375,1,1.0,1.4523687548277813,22.8,0.0,1.125,122
4,7,39,4,4,2.359375,1,1.0,1.5360257159305635,29.875,0.125,0.875,132
8,2,38,5,2,0.4375,0,0.24999996875000394,0.6614378277661477,77.33333333333333,0.0,0.25,129
5,3,38,5,2,0.484375,0,0.599999880000024,0.6959705453537527,58.25,0.0,0.375,127
4,13,45,3,4,2.234375,1,1.0,1.4947825928876748,19.428571428571427,0.25,1.625,114
4,0,44,5,0,0.0,0,0.0,0.0,263.0,0.0,0.0,117
6,3,40,5,2,0.484375,0,0.49999991666668053,0.6959705453537527,60.75,0.0,0.375,139
7,3,41,5,2,0.484375,0,0.4285713673469475,0.6959705453537527,62.25,0.0,0.375,145
5,3,39,5,2,0.484375,0,0.599999880000024,0.6959705453537527,59.5,0.0,0.375,134
6,7,43,4,3,1.609375,1,1.0,1.2686114456365274,32.75,0.0,0.875,153
6,3,42,5,2,0.484375,0,0.49999991666668053,0.6959705453537527,64.0,0.0,0.375,147
4,0,51,5,0,0.0,0,0.0,0.0,304.0,0.0,0.0,111
4,0,52,5,0,0.0,0,0.0,0.0,308.0,0.0,0.0,113
5,0,43,5,0,0.0,0,0.0,0.0,262.0,0.0,0.0,156
5,0,44,5,0,0.0,0,0.0,0.0,267.0,0.0,0.0,160
7,7,43,4,4,1.609375,1,0.9999998571428775,1.2686114456365274,32.75,0.0,0.875,156
7,1,44,5,1,0.109375,0,0.1428571224489825,0.33071891388307384,132.5,0.0,0.125,159
7,0,46,5,0,0.0,0,0.0,0.0,275.0,0.0,0.0,154
6,6,47,4,3,1.1875,1,0.9999998333333611,1.0897247358851685,40.285714285714285,0.0,0.75,160
6,0,45,5,0,0.0,0,0.0,0.0,272.0,0.0,0.0,163
5,0,49,5,0,0.0,0,0.0,0.0,295.0,0.0,0.0,150
6,6,48,4,3,1.1875,1,0.9999998333333611,1.0897247358851685,41.142857142857146,0.0,0.75,164
6,6,49,4,3,1.1875,1,0.9999998333333611,1.0897247358851685,42.0,0.0,0.75,172
8,0,45,5,0,0.0,0,0.0,0.0,267.0,0.0,0.0,165
7,0,48,5,0,0.0,0,0.0,0.0,288.0,0.0,0.0,168
5,0,50,5,0,0.0,0,0.0,0.0,300.0,0.0,0.0,172
6,0,51,5,0,0.0,0,0.0,0.0,305.0,0.0,0.0,176
8,0,53,5,0,0.0,0,0.0,0.0,317.0,0.0,0.0,177
6,0,52,5,0,0.0,0,0.0,0.0,311.0,0.0,0.0,179
5,12,55,3,4,2.5,1,1.0,1.5811388300841898,25.23076923076923,0.0,1.5,174
7,0,50,5,0,0.0,0,0.0,0.0,297.0,0.0,0.0,176
8,0,54,5,0,0.0,0,0.0,0.0,320.0,0.0,0.0,185
8,0,53,5,0,0.0,0,0.0,0.0,312.0,0.0,0.0,181
4,8,55,4,4,1.75,1,1.0,1.3228756555322954,36.44444444444444,0.125,1.0,178
4,2,55,5,2,0.4375,0,0.49999987500003124,0.6614378277661477,108.66666666666667,0.0,0.25,181
5,2,56,5,2,0.4375,0,0.399999920000016,0.6614378277661477,110.0,0.0,0.25,198
6,8,55,4,4,2.25,1,1.0,1.5,36.333333333333336,0.0,1.0,187
7,8,54,4,4,1.75,1,1.0,1.3228756555322954,35.666666666666664,0.0,1.0,198
8,2,57,5,2,0.4375,0,0.24999996875000394,0.6614378277661477,111.66666666666667,0.0,0.25,199
7,8,55,4,4,2.25,1,1.0,1.5,36.111111111111114,0.0,1.0,192
7,0,55,5,0,0.0,0,0.0,0.0,324.0,0.0,0.0,193
6,32,0,0,4,0.0,1,1.0,0.0,0.0,0.0,4.0,0
4,21,0,2,4,3.234375,1,1.0,1.79843682124227,0.0,0.625,2.625,0
5,26,0,1,4,1.9375,1,1.0,1.3919410907075054,0.0,0.0,3.25,0
5,17,0,3,4,3.609375,1,1.0,1.899835519196333,0.0,0.0,2.125,0
6,10,1,4,4,2.9375,1,1.0,1.713913650100261,0.7272727272727273,0.0,1.25,2
8,12,0,4,4,3.75,1,1.0,1.9364916731037085,0.0,0.0,1.5,0
8,10,0,4,4,2.9375,1,1.0,1.713913650100261,0.0,0.0,1.25,0
5,6,2,4,3,1.1875,1,1.0,1.0897247358851685,2.0,0.0,0.75,1
4,5,1,4,4,1.734375,1,1.0,1.3169567191065923,1.3333333333333333,0.125,0.625,0
7,1,1,5,1,0.109375,0,0.1428571224489825,0.33071891388307384,4.0,0.0,0.125,5
8,2,1,5,2,0.4375,0,0.24999996875000394,0.6614378277661477,2.0,0.0,0.25,15
6,7,4,4,3,1.109375,1,1.0,1.0532687216470449,3.375,0.0,0.875,11
4,1,2,5,1,0.109375,0,0.24999993750001562,0.33071891388307384,7.5,0.0,0.125,7
8,7,3,4,3,1.109375,0,0.8749998906250137,1.0532687216470449,2.375,0.0,0.875,7
4,8,4,4,4,3.0,1,1.0,1.7320508075688772,2.888888888888889,0.25,1.0,5
4,1,2,5,1,0.109375,0,0.24999993750001562,0.33071891388307384,6.5,0.0,0.125,13
7,8,4,4,4,2.0,1,1.0,1.4142135623730951,2.4444444444444446,0.0,1.0,7
7,1,3,5,1,0.109375,0,0.1428571224489825,0.33071891388307384,8.5,0.0,0.125,20
5,3,4,5,2,0.484375,0,0.599999880000024,0.6959705453537527,6.0,0.0,0.375,3
4,0,5,6,0,0.0,0,0.0,0.0,34.0,0.0,0.0,3
6,3,2,5,2,0.484375,0,0.49999991666668053,0.6959705453537527,2.75,0.0,0.375,17
6,3,5,5,2,0.484375,0,0.49999991666668053,0.6959705453537527,7.25,0.0,0.375,21
4,10,7,4,4,2.1875,1,1.0,1.479019945774904,4.545454545454546,0.125,1.25,4
7,3,3,5,2,0.484375,0,0.4285713673469475,0.6959705453537527,4.25,0.0,0.375,21
5,10,8,4,4,2.1875,1,1.0,1.479019945774904,4.909090909090909,0.0,1.25,10
6,3,4,5,2,0.484375,0,0.49999991666668053,0.6959705453537527,7.0,0.0,0.375,28
7,0,6,6,0,0.0,0,0.0,0.0,38.0,0.0,0.0,32
8,0,4,6,0,0.0,0,0.0,0.0,26.0,0.0,0.0,28
5,0,9,6,0,0.0,0,0.0,0.0,61.0,0.0,0.0,16
6,3,8,5,2,0.484375,0,0.49999991666668053,0.6959705453537527,13.0,0.0,0.375,28
6,0,8,6,0,0.0,0,0.0,0.0,55.0,0.0,0.0,29
6,4,10,5,2,0.5,0,0.6666665555555741,0.7071067811865476,13.2,0.0,0.5,29
5,4,9,5,2,0.5,0,0.799999840000032,0.7071067811865476,12.2,0.0,0.5,28
7,3,9,5,2,0.484375,0,0.4285713673469475,0.6959705453537527,14.5,0.0,0.375,33
8,3,5,5,2,0.484375,0,0.3749999531250059,0.6959705453537527,8.5,0.0,0.375,41
8,3,6,5,2,0.484375,0,0.3749999531250059,0.6959705453537527,10.5,0.0,0.375,56
6,2,10,5,1,0.1875,0,0.33333327777778704,0.4330127018922193,21.333333333333332,0.0,0.25,45
4,1,11,5,1,0.109375,0,0.24999993750001562,0.33071891388307384,38.0,0.0,0.125,29
5,0,12,5,0,0.0,0,0.0,0.0,80.0,0.0,0.0,30
8,2,11,5,1,0.1875,0,0.24999996875000394,0.4330127018922193,23.333333333333332,0.0,0.25,42
8,2,12,5,1,0.1875,0,0.24999996875000394,0.4330127018922193,26.0,0.0,0.25,47
8,0,11,5,0,0.0,0,0.0,0.0,74.0,0.0,0.0,62
6,1,12,5,1,0.109375,0,0.16666663888889352,0.33071891388307384,40.0,0.0,0.125,50
8,0,13,5,0,0.0,0,0.0,0.0,85.0,0.0,0.0,56
5,6,15,4,4,1.6875,1,1.0,1.299038105676658,14.428571428571429,0.0,0.75,44
5,8,16,4,3,1.75,1,1.0,1.3228756555322954,12.0,0.0,1.0,46
8,0,14,5,0,0.0,0,0.0,0.0,93.0,0.0,0.0,63
5,0,16,5,0,0.0,0,0.0,0.0,105.0,0.0,0.0,60
7,6,16,4,4,1.6875,0,0.857142734693895,1.299038105676658,15.142857142857142,0.0,0.75,68
4,0,17,5,0,0.0,0,0.0,0.0,110.0,0.0,0.0,64
8,8,15,4,3,1.75,1,0.9999998750000157,1.3228756555322954,11.11111111111111,0.0,1.0,70
6,0,18,5,0,0.0,0,0.0,0.0,114.0,0.0,0.0,74
5,0,18,5,0,0.0,0,0.0,0.0,115.0,0.0,0.0,77
7,6,19,4,2,0.9375,0,0.857142734693895,0.9682458365518543,17.142857142857142,0.0,0.75,84
4,0,23,5,0,0.0,0,0.0,0.0,150.0,0.0,0.0,85
5,0,21,5,0,0.0,0,0.0,0.0,137.0,0.0,0.0,82
8,0,19,5,0,0.0,0,0.0,0.0,121.0,0.0,0.0,85
8,0,20,5,0,0.0,0,0.0,0.0,129.0,0.0,0.0,96
8,0,22,5,0,0.0,0,0.0,0.0,142.0,0.0,0.0,106
5,0,25,5,0,0.0,0,0.0,0.0,162.0,0.0,0.0,97
4,0,24,5,0,0.0,0,0.0,0.0,154.0,0.0,0.0,95
7,0,26,5,0,0.0,0,0.0,0.0,167.0,0.0,0.0,98
8,12,25,3,4,2.5,1,1.0,1.5811388300841898,12.153846153846153,0.0,1.5,108
8,0,24,5,0,0.0,0,0.0,0.0,154.0,0.0,0.0,113
4,1,26,5,1,0.109375,0,0.24999993750001562,0.33071891388307384,83.0,0.0,0.125,107
4,5,27,4,2,0.484375,1,1.0,0.6959705453537527,29.0,0.0,0.625,109
7,1,25,5,1,0.109375,0,0.1428571224489825,0.33071891388307384,79.5,0.0,0.125,110
8,9,27,4,4,2.109375,1,1.0,1.4523687548277813,17.0,0.0,1.125,118
8,1,28,5,1,0.109375,0,0.12499998437500197,0.33071891388307384,87.5,0.0,0.125,117
5,1,29,5,1,0.109375,0,0.199999960000008,0.33071891388307384,91.5,0.0,0.125,122
4,1,33,5,1,0.109375,0,0.24999993750001562,0.33071891388307384,103.5,0.0,0.125,116
5,9,28,4,4,2.109375,1,1.0,1.4523687548277813,17.8,0.0,1.125,120
7,1,30,5,1,0.109375,0,0.1428571224489825,0.33071891388307384,94.0,0.0,0.125,128
4,1,34,5,1,0.109375,0,0.24999993750001562,0.33071891388307384,105.5,0.0,0.125,126
7,1,31,5,1,0.109375,0,0.1428571224489825,0.33071891388307384,97.5,0.0,0.125,127
5,5,38,4,3,1.234375,1,0.99999980000004,1.1110243021644486,39.666666666666664,0.0,0.625,132
4,0,38,5,0,0.0,0,0.0,0.0,238.0,0.0,0.0,128
5,1,32,5,1,0.109375,0,0.199999960000008,0.33071891388307384,101.0,0.0,0.125,135
8,1,35,5,1,0.109375,0,0.12499998437500197,0.33071891388307384,107.5,0.0,0.125,136
7,1,36,5,1,0.109375,0,0.1428571224489825,0.33071891388307384,111.5,0.0,0.125,143
5,5,42,4,2,0.484375,1,0.99999980000004,0.6959705453537527,44.0,0.0,0.625,143
6,5,43,4,2,0.484375,0,0.8333331944444675,0.6959705453537527,44.833333333333336,0.0,0.625,147
8,7,38,4,4,1.859375,0,0.8749998906250137,1.3635890143294642,29.5,0.0,0.875,155
6,1,37,5,1,0.109375,0,0.16666663888889352,0.33071891388307384,115.0,0.0,0.125,151
4,8,44,4,4,2.25,1,1.0,1.5,30.666666666666668,0.125,1.0,153
6,8,43,4,3,1.75,1,1.0,1.3228756555322954,30.0,0.0,1.0,159
7,0,41,5,0,0.0,0,0.0,0.0,257.0,0.0,0.0,166
7,0,40,5,0,0.0,0,0.0,0.0,250.0,0.0,0.0,166
8,0,39,5,0,0.0,0,0.0,0.0,242.0,0.0,0.0,159
4,0,50,5,0,0.0,0,0.0,0.0,314.0,0.0,0.0,160
6,0,45,5,0,0.0,0,0.0,0.0,280.0,0.0,0.0,166
8,0,43,5,0,0.0,0,0.0,0.0,268.0,0.0,0.0,176
6,0,47,5,0,0.0,0,0.0,0.0,294.0,0.0,0.0,167
8,0,44,5,0,0.0,0,0.0,0.0,272.0,0.0,0.0,177
4,1,51,5,1,0.109375,0,0.24999993750001562,0.33071891388307384,159.0,0.0,0.125,174
6,0,51,5,0,0.0,0,0.0,0.0,317.0,0.0,0.0,185
8,0,46,5,0,0.0,0,0.0,0.0,286.0,0.0,0.0,186
6,0,48,5,0,0.0,0,0.0,0.0,300.0,0.0,0.0,184
4,3,51,5,2,0.484375,0,0.7499998125000469,0.6959705453537527,79.0,0.0,0.375,183
8,0,49,5,0,0.0,0,0.0,0.0,306.0,0.0,0.0,187
5,3,50,5,2,0.484375,0,0.599999880000024,0.6959705453537527,77.75,0.0,0.375,188
8,8,54,4,4,1.75,1,0.9999998750000157,1.3228756555322954,36.888888888888886,0.0,1.0,197
7,3,52,5,2,0.484375,0,0.4285713673469475,0.6959705453537527,80.0,0.0,0.375,194
7,8,51,4,3,1.75,1,1.0,1.3228756555322954,35.333333333333336,0.0,1.0,201
5,3,53,5,2,0.484375,0,0.599999880000024,0.6959705453537527,81.75,0.0,0.375,195
4,0,54,5,0,0.0,0,0.0,0.0,332.0,0.0,0.0,197
7,0,55,5,0,0.0,0,0.0,0.0,336.0,0.0,0.0,204
5,2,56,5,2,0.4375,0,0.399999920000016,0.6614378277661477,114.66666666666667,0.0,0.25,204
7,2,55,5,2,0.4375,0,0.285714244897965,0.6614378277661477,112.33333333333333,0.0,0.25,202
4,2,57,5,2,0.4375,0,0.49999987500003124,0.6614378277661477,116.33333333333333,0.0,0.25,203
4,32,0,0,4,0.0,1,1.0,0.0,0.0,1.0,4.0,0
7,7,0,5,4,2.359375,1,0.9999998571428775,1.5360257159305635,0.0,0.0,0.875,0
6,13,0,4,4,3.484375,1,1.0,1.8666480653835098,0.0,0.0,1.625,0
4,22,0,2,4,2.9375,1,1.0,1.713913650100261,0.0,0.625,2.75,0
5,18,0,3,4,3.4375,1,1.0,1.8540496217739157,0.0,0.0,2.25,0
6,28,0,1,4,1.75,1,1.0,1.3228756555322954,0.0,0.0,3.5,0
5,7,1,5,4,2.359375,1,1.0,1.5360257159305635,0.875,0.0,0.875,10
4,0,3,6,0,0.0,0,0.0,0.0,19.0,0.0,0.0,2
6,0,2,6,0,0.0,0,0.0,0.0,13.0,0.0,0.0,8
8,0,1,6,0,0.0,0,0.0,0.0,5.0,0.0,0.0,10
7,0,4,6,0,0.0,0,0.0,0.0,23.0,0.0,0.0,12
5,0,5,6,0,0.0,0,0.0,0.0,30.0,0.0,0.0,15
5,4,6,5,4,1.75,0,0.799999840000032,1.3228756555322954,7.0,0.0,0.5,18
8,9,6,4,4,2.359375,1,1.0,1.5360257159305635,3.3,0.0,1.125,23
4,3,6,5,3,0.984375,0,0.7499998125000469,0.9921567416492215,8.75,0.0,0.375,21
4,9,8,4,4,2.359375,1,1.0,1.5360257159305635,4.7,0.125,1.125,23
4,2,5,6,2,0.4375,0,0.49999987500003124,0.6614378277661477,10.333333333333334,0.0,0.25,24
6,8,6,5,4,1.75,1,1.0,1.3228756555322954,3.888888888888889,0.0,1.0,24
4,2,8,5,2,0.4375,0,0.49999987500003124,0.6614378277661477,14.666666666666666,0.0,0.25,30
8,9,7,4,4,2.359375,1,1.0,1.5360257159305635,3.9,0.0,1.125,34
5,2,14,5,2,0.4375,0,0.399999920000016,0.6614378277661477,26.0,0.0,0.25,36
5,2,12,5,2,0.4375,0,0.399999920000016,0.6614378277661477,22.0,0.0,0.25,37
4,2,10,5,2,0.4375,0,0.49999987500003124,0.6614378277661477,18.333333333333332,0.0,0.25,34
5,2,13,5,2,0.4375,0,0.399999920000016,0.6614378277661477,24.333333333333332,0.0,0.25,37
4,1,16,5,1,0.109375,0,0.24999993750001562,0.33071891388307384,46.0,0.0,0.125,36
5,7,21,4,4,1.859375,1,1.0,1.3635890143294642,15.0,0.0,0.875,42
4,18,22,3,4,1.6875,1,1.0,1.299038105676658,6.684210526315789,0.25,2.25,44
7,2,11,5,2,0.4375,0,0.285714244897965,0.6614378277661477,19.666666666666668,0.0,0.25,51
7,2,9,5,2,0.4375,0,0.285714244897965,0.6614378277661477,16.0,0.0,0.25,48
4,1,18,5,1,0.109375,0,0.24999993750001562,0.33071891388307384,51.5,0.0,0.125,43
5,1,23,6,1,0.109375,0,0.199999960000008,0.33071891388307384,68.0,0.0,0.125,34
5,1,24,6,1,0.109375,0,0.199999960000008,0.33071891388307384,70.5,0.0,0.125,38
4,1,25,6,1,0.109375,0,0.24999993750001562,0.33071891388307384,73.0,0.0,0.125,41
7,6,15,4,4,1.9375,0,0.857142734693895,1.3919410907075054,11.857142857142858,0.0,0.75,68
4,6,24,5,2,0.9375,1,1.0,0.9682458365518543,20.142857142857142,0.0,0.75,38
7,7,13,4,3,1.359375,1,0.9999998571428775,1.165922381636102,8.875,0.0,0.875,70
4,1,24,6,1,0.109375,0,0.24999993750001562,0.33071891388307384,71.0,0.0,0.125,45
7,1,15,5,1,0.109375,0,0.1428571224489825,0.33071891388307384,42.5,0.0,0.125,83
5,5,24,5,2,0.734375,1,0.99999980000004,0.8569568250501305,23.333333333333332,0.0,0.625,43
5,1,24,6,1,0.109375,0,0.199999960000008,0.33071891388307384,71.0,0.0,0.125,44
4,5,28,5,2,0.734375,1,1.0,0.8569568250501305,28.5,0.0,0.625,34
7,1,17,5,1,0.109375,0,0.1428571224489825,0.33071891388307384,48.0,0.0,0.125,88
4,4,26,5,2,0.75,1,0.9999997500000625,0.8660254037844386,33.0,0.0,0.5,22
6,18,21,3,4,1.6875,1,1.0,1.299038105676658,6.368421052631579,0.0,2.25,88
6,1,19,5,1,0.109375,0,0.16666663888889352,0.33071891388307384,53.5,0.0,0.125,91
5,5,28,5,3,1.234375,1,0.99999980000004,1.1110243021644486,28.5,0.0,0.625,51
4,0,26,6,0,0.0,0,0.0,0.0,165.0,0.0,0.0,36
4,0,32,6,0,0.0,0,0.0,0.0,206.0,0.0,0.0,31
7,1,20,5,1,0.109375,0,0.1428571224489825,0.33071891388307384,56.5,0.0,0.125,101
6,1,20,6,1,0.109375,0,0.16666663888889352,0.33071891388307384,58.0,0.0,0.125,96
7,1,19,6,1,0.109375,0,0.1428571224489825,0.33071891388307384,54.5,0.0,0.125,109
6,1,22,6,1,0.109375,0,0.16666663888889352,0.33071891388307384,65.0,0.0,0.125,94
6,1,25,6,1,0.109375,0,0.16666663888889352,0.33071891388307384,73.5,0.0,0.125,93
5,1,33,6,1,0.109375,0,0.199999960000008,0.33071891388307384,106.0,0.0,0.125,43
6,5,27,5,3,1.234375,0,0.8333331944444675,1.1110243021644486,27.5,0.0,0.625,90
8,1,21,6,1,0.109375,0,0.12499998437500197,0.33071891388307384,61.0,0.0,0.125,112
6,0,29,6,0,0.0,0,0.0,0.0,184.0,0.0,0.0,76
7,2,25,6,1,0.1875,0,0.285714244897965,0.4330127018922193,48.666666666666664,0.0,0.25,114
6,5,31,5,4,1.734375,0,0.8333331944444675,1.3169567191065923,32.833333333333336,0.0,0.625,75
7,6,24,5,4,1.9375,0,0.857142734693895,1.3919410907075054,20.0,0.0,0.75,120
5,1,35,6,1,0.109375,0,0.199999960000008,0.33071891388307384,111.5,0.0,0.125,68
6,1,32,6,1,0.109375,0,0.16666663888889352,0.33071891388307384,103.0,0.0,0.125,85
7,1,26,6,1,0.109375,0,0.1428571224489825,0.33071891388307384,79.0,0.0,0.125,113
7,1,24,6,1,0.109375,0,0.1428571224489825,0.33071891388307384,71.5,0.0,0.125,110
7,4,27,5,2,0.75,0,0.57142848979593,0.8660254037844386,33.8,0.0,0.5,107
5,12,36,4,4,2.0,1,1.0,1.4142135623730951,17.53846153846154,0.0,1.5,92
6,1,34,6,1,0.109375,0,0.16666663888889352,0.33071891388307384,108.5,0.0,0.125,97
7,0,30,6,0,0.0,0,0.0,0.0,190.0,0.0,0.0,110
7,0,28,6,0,0.0,0,0.0,0.0,177.0,0.0,0.0,108
7,7,26,5,2,0.859375,1,0.9999998571428775,0.9270248108869579,20.625,0.0,0.875,113
8,0,24,6,0,0.0,0,0.0,0.0,139.0,0.0,0.0,153
4,0,34,6,0,0.0,0,0.0,0.0,217.0,0.0,0.0,99
7,0,36,6,0,0.0,0,0.0,0.0,229.0,0.0,0.0,103
5,4,36,5,2,0.75,0,0.799999840000032,0.8660254037844386,45.8,0.0,0.5,105
8,1,25,6,1,0.109375,0,0.12499998437500197,0.33071891388307384,75.0,0.0,0.125,154
8,0,26,6,0,0.0,0,0.0,0.0,161.0,0.0,0.0,151
4,0,35,6,0,0.0,0,0.0,0.0,223.0,0.0,0.0,114
5,6,35,5,4,1.6875,1,1.0,1.299038105676658,32.0,0.0,0.75,121
8,0,31,6,0,0.0,0,0.0,0.0,198.0,0.0,0.0,147
8,0,27,6,0,0.0,0,0.0,0.0,169.0,0.0,0.0,153
6,0,36,6,0,0.0,0,0.0,0.0,227.0,0.0,0.0,121
4,5,37,5,2,0.734375,1,1.0,0.8569568250501305,38.833333333333336,0.0,0.625,134
4,0,36,6,0,0.0,0,0.0,0.0,231.0,0.0,0.0,126
8,0,35,6,0,0.0,0,0.0,0.0,221.0,0.0,0.0,148
7,0,37,6,0,0.0,0,0.0,0.0,232.0,0.0,0.0,142
7,4,38,5,2,0.75,0,0.57142848979593,0.8660254037844386,47.8,0.0,0.5,140
5,0,40,6,0,0.0,0,0.0,0.0,256.0,0.0,0.0,141
6,0,37,6,0,0.0,0,0.0,0.0,235.0,0.0,0.0,135
8,0,38,6,0,0.0,0,0.0,0.0,241.0,0.0,0.0,143
8,0,39,6,0,0.0,0,0.0,0.0,249.0,0.0,0.0,144
4,6,40,5,4,1.6875,1,1.0,1.299038105676658,36.714285714285715,0.125,0.75,135
5,0,41,6,0,0.0,0,0.0,0.0,261.0,0.0,0.0,151
7,0,39,6,0,0.0,0,0.0,0.0,249.0,0.0,0.0,153
4,1,49,5,1,0.109375,0,0.24999993750001562,0.33071891388307384,156.0,0.0,0.125,144
7,0,42,6,0,0.0,0,0.0,0.0,266.0,0.0,0.0,149
5,0,44,6,0,0.0,0,0.0,0.0,278.0,0.0,0.0,158
5,0,43,6,0,0.0,0,0.0,0.0,273.0,0.0,0.0,150
4,0,45,6,0,0.0,0,0.0,0.0,283.0,0.0,0.0,148
4,0,50,5,0,0.0,0,0.0,0.0,314.0,0.0,0.0,150
7,8,46,4,4,2.0,1,1.0,1.4142135623730951,32.22222222222222,0.0,1.0,158
7,1,46,5,1,0.109375,0,0.1428571224489825,0.33071891388307384,145.0,0.0,0.125,158
8,0,46,6,0,0.0,0,0.0,0.0,287.0,0.0,0.0,173
5,0,51,5,0,0.0,0,0.0,0.0,318.0,0.0,0.0,160
7,1,48,5,1,0.109375,0,0.1428571224489825,0.33071891388307384,152.5,0.0,0.125,167
7,8,50,4,4,1.75,1,1.0,1.3228756555322954,35.111111111111114,0.0,1.0,166
5,8,51,4,4,1.75,1,1.0,1.3228756555322954,35.888888888888886,0.0,1.0,163
8,1,47,5,1,0.109375,0,0.12499998437500197,0.33071891388307384,148.5,0.0,0.125,181
7,0,51,5,0,0.0,0,0.0,0.0,315.0,0.0,0.0,169
4,0,52,5,0,0.0,0,0.0,0.0,322.0,0.0,0.0,168
5,0,50,5,0,0.0,0,0.0,0.0,310.0,0.0,0.0,168
5,32,0,0,4,0.0,1,1.0,0.0,0.0,0.0,4.0,0
7,27,0,1,4,1.734375,1,1.0,1.3169567191065923,0.0,0.0,3.375,0
6,20,0,2,4,3.75,1,1.0,1.9364916731037085,0.0,0.0,2.5,0
8,10,0,4,4,2.9375,1,1.0,1.713913650100261,0.0,0.0,1.25,0
4,14,0,3,4,3.4375,1,1.0,1.8540496217739157,0.0,0.375,1.75,0
4,2,0,5,2,0.4375,0,0.49999987500003124,0.6614378277661477,0.0,0.0,0.25,2
5,3,3,5,2,0.484375,0,0.599999880000024,0.6959705453537527,5.0,0.0,0.375,5
4,2,1,5,2,0.4375,0,0.49999987500003124,0.6614378277661477,1.3333333333333333,0.0,0.25,10
5,3,4,5,2,0.484375,0,0.599999880000024,0.6959705453537527,6.25,0.0,0.375,13
4,5,6,5,4,1.734375,1,1.0,1.3169567191065923,7.333333333333333,0.125,0.625,0
5,1,5,6,1,0.109375,0,0.199999960000008,0.33071891388307384,18.5,0.0,0.125,4
8,2,2,5,2,0.4375,0,0.24999996875000394,0.6614378277661477,2.6666666666666665,0.0,0.25,20
6,5,4,5,4,1.734375,0,0.8333331944444675,1.3169567191065923,5.333333333333333,0.0,0.625,6
8,7,3,4,4,1.859375,0,0.8749998906250137,1.3635890143294642,2.0,0.0,0.875,28
5,1,10,5,1,0.109375,0,0.199999960000008,0.33071891388307384,33.5,0.0,0.125,2
4,1,11,5,1,0.109375,0,0.24999993750001562,0.33071891388307384,36.0,0.0,0.125,6
8,3,5,5,2,0.484375,0,0.3749999531250059,0.6959705453537527,7.5,0.0,0.375,38
6,5,5,5,4,1.734375,0,0.8333331944444675,1.3169567191065923,6.333333333333333,0.0,0.625,27
6,1,7,6,1,0.109375,0,0.16666663888889352,0.33071891388307384,25.5,0.0,0.125,23
8,1,4,6,1,0.109375,0,0.12499998437500197,0.33071891388307384,14.5,0.0,0.125,33
8,5,3,5,4,1.734375,0,0.6249999218750099,1.3169567191065923,4.0,0.0,0.625,46
4,1,10,5,1,0.109375,0,0.24999993750001562,0.33071891388307384,33.5,0.0,0.125,18
6,9,7,4,4,2.859375,1,1.0,1.6909686573085854,5.1,0.0,1.125,42
7,1,6,6,1,0.109375,0,0.1428571224489825,0.33071891388307384,22.0,0.0,0.125,49
6,9,8,4,4,2.859375,1,1.0,1.6909686573085854,5.7,0.0,1.125,45
7,1,11,5,1,0.109375,0,0.1428571224489825,0.33071891388307384,35.5,0.0,0.125,46
6,1,8,5,1,0.109375,0,0.16666663888889352,0.33071891388307384,27.5,0.0,0.125,49
6,1,9,5,1,0.109375,0,0.16666663888889352,0.33071891388307384,30.5,0.0,0.125,49
7,1,12,5,1,0.109375,0,0.1428571224489825,0.33071891388307384,39.0,0.0,0.125,52
4,1,15,5,1,0.109375,0,0.24999993750001562,0.33071891388307384,49.0,0.0,0.125,58
5,1,14,5,1,0.109375,0,0.199999960000008,0.33071891388307384,46.5,0.0,0.125,54
5,9,16,4,4,1.859375,1,1.0,1.3635890143294642,10.2,0.0,1.125,57
8,1,13,5,1,0.109375,0,0.12499998437500197,0.33071891388307384,42.5,0.0,0.125,56
4,0,25,5,0,0.0,0,0.0,0.0,155.0,0.0,0.0,46
4,0,16,5,0,0.0,0,0.0,0.0,99.0,0.0,0.0,55
5,0,23,5,0,0.0,0,0.0,0.0,144.0,0.0,0.0,54
6,0,13,5,0,0.0,0,0.0,0.0,79.0,0.0,0.0,57
6,0,18,5,0,0.0,0,0.0,0.0,111.0,0.0,0.0,66
5,0,20,5,0,0.0,0,0.0,0.0,126.0,0.0,0.0,55
4,8,27,4,4,3.0,1,1.0,1.7320508075688772,17.666666666666668,0.25,1.0,50
6,0,14,5,0,0.0,0,0.0,0.0,85.0,0.0,0.0,68
6,0,22,5,0,0.0,0,0.0,0.0,138.0,0.0,0.0,70
5,0,26,5,0,0.0,0,0.0,0.0,159.0,0.0,0.0,64
6,0,19,5,0,0.0,0,0.0,0.0,120.0,0.0,0.0,72
5,0,27,5,0,0.0,0,0.0,0.0,164.0,0.0,0.0,70
4,1,28,5,1,0.109375,0,0.24999993750001562,0.33071891388307384,80.5,0.0,0.125,61
5,0,27,5,0,0.0,0,0.0,0.0,161.0,0.0,0.0,79
6,0,24,5,0,0.0,0,0.0,0.0,149.0,0.0,0.0,82
5,0,28,5,0,0.0,0,0.0,0.0,166.0,0.0,0.0,84
7,4,19,4,2,0.75,0,0.57142848979593,0.8660254037844386,23.4,0.0,0.5,98
7,0,21,5,0,0.0,0,0.0,0.0,131.0,0.0,0.0,104
4,3,30,5,2,0.484375,0,0.7499998125000469,0.6959705453537527,43.25,0.0,0.375,88
8,0,15,5,0,0.0,0,0.0,0.0,91.0,0.0,0.0,106
5,1,27,5,1,0.109375,0,0.199999960000008,0.33071891388307384,78.0,0.0,0.125,88
7,1,29,5,1,0.109375,0,0.1428571224489825,0.33071891388307384,82.5,0.0,0.125,99
4,1,31,5,1,0.109375,0,0.24999993750001562,0.33071891388307384,89.0,0.0,0.125,95
8,0,17,5,0,0.0,0,0.0,0.0,103.0,0.0,0.0,121
7,9,30,4,4,1.859375,1,1.0,1.3635890143294642,17.2,0.0,1.125,105
5,0,33,5,0,0.0,0,0.0,0.0,187.0,0.0,0.0,101
7,1,30,5,1,0.109375,0,0.1428571224489825,0.33071891388307384,85.5,0.0,0.125,105
4,3,39,5,3,0.984375,0,0.7499998125000469,0.9921567416492215,57.0,0.0,0.375,97
4,1,32,5,1,0.109375,0,0.24999993750001562,0.33071891388307384,91.0,0.0,0.125,103
8,0,32,5,0,0.0,0,0.0,0.0,179.0,0.0,0.0,104
4,12,39,3,4,3.0,1,1.0,1.7320508075688772,17.307692307692307,0.25,1.5,97
4,0,34,5,0,0.0,0,0.0,0.0,192.0,0.0,0.0,108
8,0,35,5,0,0.0,0,0.0,0.0,196.0,0.0,0.0,116
6,0,36,5,0,0.0,0,0.0,0.0,204.0,0.0,0.0,121
4,4,44,5,3,1.0,1,0.9999997500000625,1.0,52.2,0.0,0.5,103
8,6,36,4,4,1.9375,0,0.7499999062500118,1.3919410907075054,29.0,0.0,0.75,123
4,0,42,6,0,0.0,0,0.0,0.0,249.0,0.0,0.0,102
6,8,36,4,4,2.25,1,1.0,1.5,22.88888888888889,0.0,1.0,116
4,4,45,5,3,1.0,1,0.9999997500000625,1.0,53.0,0.0,0.5,106
7,0,38,5,0,0.0,0,0.0,0.0,218.0,0.0,0.0,136
7,8,37,4,4,2.25,1,1.0,1.5,23.555555555555557,0.0,1.0,131
7,0,37,5,0,0.0,0,0.0,0.0,211.0,0.0,0.0,134
4,0,48,6,0,0.0,0,0.0,0.0,301.0,0.0,0.0,91
5,3,41,5,3,0.984375,0,0.599999880000024,0.9921567416492215,60.0,0.0,0.375,134
8,3,40,5,3,0.984375,0,0.3749999531250059,0.9921567416492215,58.0,0.0,0.375,146
5,0,44,6,0,0.0,0,0.0,0.0,262.0,0.0,0.0,135
8,12,40,3,4,3.0,1,1.0,1.7320508075688772,17.615384615384617,0.0,1.5,145
5,0,43,6,0,0.0,0,0.0,0.0,255.0,0.0,0.0,138
6,3,43,5,3,0.984375,0,0.49999991666668053,0.9921567416492215,63.25,0.0,0.375,144
5,0,45,6,0,0.0,0,0.0,0.0,270.0,0.0,0.0,142
8,3,42,5,3,0.984375,0,0.3749999531250059,0.9921567416492215,61.25,0.0,0.375,159
8,0,43,6,0,0.0,0,0.0,0.0,253.0,0.0,0.0,160
4,1,48,6,1,0.109375,0,0.24999993750001562,0.33071891388307384,150.5,0.0,0.125,124
6,6,44,5,3,1.1875,1,0.9999998333333611,1.0897247358851685,37.42857142857143,0.0,0.75,154
8,8,44,5,4,2.25,1,0.9999998750000157,1.5,28.88888888888889,0.0,1.0,166
6,5,49,5,4,1.734375,0,0.8333331944444675,1.3169567191065923,50.666666666666664,0.0,0.625,145
5,1,52,6,1,0.109375,0,0.199999960000008,0.33071891388307384,162.5,0.0,0.125,144
7,0,44,6,0,0.0,0,0.0,0.0,263.0,0.0,0.0,164
8,0,46,6,0,0.0,0,0.0,0.0,275.0,0.0,0.0,175
5,1,54,6,1,0.109375,0,0.199999960000008,0.33071891388307384,170.0,0.0,0.125,153
6,1,49,6,1,0.109375,0,0.16666663888889352,0.33071891388307384,152.5,0.0,0.125,153
6,1,50,6,1,0.109375,0,0.16666663888889352,0.33071891388307384,155.5,0.0,0.125,156
7,0,47,6,0,0.0,0,0.0,0.0,290.0,0.0,0.0,174
8,0,47,6,0,0.0,0,0.0,0.0,283.0,0.0,0.0,186
7,5,48,5,4,1.734375,0,0.7142856122449125,1.3169567191065923,49.5,0.0,0.625,184
4,9,57,4,4,2.109375,1,1.0,1.4523687548277813,36.2,0.125,1.125,158
8,0,46,6,0,0.0,0,0.0,0.0,282.0,0.0,0.0,195
8,5,48,5,4,1.734375,0,0.6249999218750099,1.3169567191065923,48.5,0.0,0.625,193
7,6,49,5,4,1.6875,0,0.857142734693895,1.299038105676658,43.57142857142857,0.0,0.75,192
7,1,54,6,1,0.109375,0,0.1428571224489825,0.33071891388307384,169.0,0.0,0.125,195
8,1,51,6,1,0.109375,0,0.12499998437500197,0.33071891388307384,158.5,0.0,0.125,191
8,1,53,6,1,0.109375,0,0.12499998437500197,0.33071891388307384,165.0,0.0,0.125,193
8,0,54,6,0,0.0,0,0.0,0.0,338.0,0.0,0.0,190
8,0,56,6,0,0.0,0,0.0,0.0,354.0,0.0,0.0,201
7,1,57,5,1,0.109375,0,0.1428571224489825,0.33071891388307384,180.0,0.0,0.125,203
8,0,55,6,0,0.0,0,0.0,0.0,346.0,0.0,0.0,202
7,9,58,4,4,2.109375,1,1.0,1.4523687548277813,36.6,0.0,1.125,204
4,26,0,1,4,1.9375,1,1.0,1.3919410907075054,0.0,0.75,3.25,0
6,32,0,0,4,0.0,1,1.0,0.0,0.0,0.0,4.0,0
5,22,1,2,4,2.9375,1,1.0,1.713913650100261,0.21739130434782608,0.0,2.75,0
5,12,0,4,4,3.75,1,1.0,1.9364916731037085,0.0,0.0,1.5,0
5,22,0,2,4,2.9375,1,1.0,1.713913650100261,0.0,0.0,2.75,0
4,0,3,6,0,0.0,0,0.0,0.0,22.0,0.0,0.0,1
8,12,1,4,4,3.75,1,1.0,1.9364916731037085,0.38461538461538464,0.0,1.5,13
7,7,1,5,4,2.359375,1,0.9999998571428775,1.5360257159305635,1.0,0.0,0.875,0
4,0,2,6,0,0.0,0,0.0,0.0,15.0,0.0,0.0,5
6,2,3,6,2,0.4375,0,0.33333327777778704,0.6614378277661477,7.333333333333333,0.0,0.25,10
6,12,4,4,4,2.5,1,1.0,1.5811388300841898,2.1538461538461537,0.0,1.5,12
6,4,4,5,3,1.0,0,0.6666665555555741,1.0,5.2,0.0,0.5,11
7,0,1,6,0,0.0,0,0.0,0.0,8.0,0.0,0.0,16
7,0,3,6,0,0.0,0,0.0,0.0,19.0,0.0,0.0,19
8,4,6,5,3,1.0,0,0.4999999375000079,1.0,7.6,0.0,0.5,19
4,8,9,4,4,1.75,1,1.0,1.3228756555322954,6.444444444444445,0.125,1.0,13
5,4,7,5,3,1.0,0,0.799999840000032,1.0,9.2,0.0,0.5,24
6,4,5,5,3,1.0,0,0.6666665555555741,1.0,6.4,0.0,0.5,18
7,6,8,4,4,1.6875,0,0.857142734693895,1.299038105676658,7.285714285714286,0.0,0.75,27
7,2,7,5,1,0.1875,0,0.285714244897965,0.4330127018922193,14.666666666666666,0.0,0.25,24
7,8,11,4,4,1.75,1,1.0,1.3228756555322954,7.333333333333333,0.0,1.0,33
4,8,10,4,4,1.75,1,1.0,1.3228756555322954,6.888888888888889,0.125,1.0,28
4,0,12,5,0,0.0,0,0.0,0.0,71.0,0.0,0.0,32
6,6,9,4,4,1.6875,1,0.9999998333333611,1.299038105676658,8.285714285714286,0.0,0.75,28
4,1,11,5,1,0.109375,0,0.24999993750001562,0.33071891388307384,33.0,0.0,0.125,36
5,0,13,5,0,0.0,0,0.0,0.0,75.0,0.0,0.0,42
5,8,12,4,4,2.25,1,1.0,1.5,7.777777777777778,0.0,1.0,44
4,0,15,5,0,0.0,0,0.0,0.0,88.0,0.0,0.0,42
8,0,11,5,0,0.0,0,0.0,0.0,63.0,0.0,0.0,41
5,0,17,5,0,0.0,0,0.0,0.0,99.0,0.0,0.0,41
4,7,20,4,3,1.359375,1,1.0,1.165922381636102,15.25,0.0,0.875,36
6,0,19,5,0,0.0,0,0.0,0.0,111.0,0.0,0.0,49
4,2,20,5,2,0.4375,0,0.49999987500003124,0.6614378277661477,40.333333333333336,0.0,0.25,43
8,0,14,5,0,0.0,0,0.0,0.0,80.0,0.0,0.0,61
4,1,20,5,1,0.109375,0,0.24999993750001562,0.33071891388307384,61.5,0.0,0.125,30
5,0,20,6,0,0.0,0,0.0,0.0,126.0,0.0,0.0,31
4,6,20,5,2,0.6875,1,1.0,0.82915619758885,18.714285714285715,0.0,0.75,21
7,0,16,5,0,0.0,0,0.0,0.0,92.0,0.0,0.0,72
4,0,21,6,0,0.0,0,0.0,0.0,136.0,0.0,0.0,22
8,0,19,5,0,0.0,0,0.0,0.0,111.0,0.0,0.0,76
7,0,18,5,0,0.0,0,0.0,0.0,104.0,0.0,0.0,75
7,0,18,5,0,0.0,0,0.0,0.0,107.0,0.0,0.0,86
5,1,19,6,1,0.109375,0,0.199999960000008,0.33071891388307384,59.0,0.0,0.125,48
8,0,19,5,0,0.0,0,0.0,0.0,114.0,0.0,0.0,84
5,0,20,6,0,0.0,0,0.0,0.0,125.0,0.0,0.0,52
7,6,19,4,3,1.1875,0,0.857142734693895,1.0897247358851685,16.0,0.0,0.75,82
7,2,20,5,2,0.4375,0,0.285714244897965,0.6614378277661477,39.333333333333336,0.0,0.25,82
5,0,22,6,0,0.0,0,0.0,0.0,140.0,0.0,0.0,51
6,6,20,5,3,1.6875,1,0.9999998333333611,1.299038105676658,18.0,0.0,0.75,70
7,1,18,5,1,0.109375,0,0.1428571224489825,0.33071891388307384,54.0,0.0,0.125,83
7,5,20,5,2,0.734375,0,0.7142856122449125,0.8569568250501305,20.5,0.0,0.625,80
7,0,19,6,0,0.0,0,0.0,0.0,119.0,0.0,0.0,83
4,5,23,5,4,1.734375,1,1.0,1.3169567191065923,24.166666666666668,0.125,0.625,75
7,1,23,6,1,0.109375,0,0.1428571224489825,0.33071891388307384,72.5,0.0,0.125,77
7,0,20,6,0,0.0,0,0.0,0.0,129.0,0.0,0.0,80
7,9,24,5,4,1.609375,1,1.0,1.2686114456365274,15.5,0.0,1.125,81
7,1,24,6,1,0.109375,0,0.1428571224489825,0.33071891388307384,76.0,0.0,0.125,77
7,1,24,6,1,0.109375,0,0.1428571224489825,0.33071891388307384,77.0,0.0,0.125,84
4,6,35,4,4,1.6875,1,1.0,1.299038105676658,33.42857142857143,0.125,0.75,56
8,1,19,5,1,0.109375,0,0.12499998437500197,0.33071891388307384,57.5,0.0,0.125,126
6,0,25,6,0,0.0,0,0.0,0.0,168.0,0.0,0.0,80
7,1,26,6,1,0.109375,0,0.1428571224489825,0.33071891388307384,86.0,0.0,0.125,84
6,0,26,6,0,0.0,0,0.0,0.0,174.0,0.0,0.0,85
5,2,28,5,2,0.4375,0,0.399999920000016,0.6614378277661477,63.0,0.0,0.25,86
5,2,31,5,2,0.4375,0,0.399999920000016,0.6614378277661477,69.66666666666667,0.0,0.25,90
5,2,27,5,2,0.4375,0,0.399999920000016,0.6614378277661477,61.333333333333336,0.0,0.25,79
8,1,19,6,1,0.109375,0,0.12499998437500197,0.33071891388307384,61.5,0.0,0.125,115
8,1,24,6,1,0.109375,0,0.12499998437500197,0.33071891388307384,78.0,0.0,0.125,108
4,13,38,3,4,2.734375,1,1.0,1.653594569415369,18.214285714285715,0.25,1.625,90
6,2,32,5,2,0.4375,0,0.33333327777778704,0.6614378277661477,71.33333333333333,0.0,0.25,95
6,2,34,5,2,0.4375,0,0.33333327777778704,0.6614378277661477,76.0,0.0,0.25,101
8,1,25,6,1,0.109375,0,0.12499998437500197,0.33071891388307384,82.0,0.0,0.125,122
7,8,26,5,4,1.75,1,1.0,1.3228756555322954,19.555555555555557,0.0,1.0,113
4,0,42,5,0,0.0,0,0.0,0.0,280.0,0.0,0.0,94
7,2,29,5,2,0.4375,0,0.285714244897965,0.6614378277661477,64.66666666666667,0.0,0.25,119
8,10,26,4,4,2.1875,1,1.0,1.479019945774904,16.0,0.0,1.25,122
6,1,35,5,1,0.109375,0,0.16666663888889352,0.33071891388307384,116.5,0.0,0.125,114
4,0,42,5,0,0.0,0,0.0,0.0,279.0,0.0,0.0,103
7,1,37,5,1,0.109375,0,0.1428571224489825,0.33071891388307384,123.5,0.0,0.125,119
7,0,37,5,0,0.0,0,0.0,0.0,246.0,0.0,0.0,128
8,2,26,5,2,0.4375,0,0.24999996875000394,0.6614378277661477,58.666666666666664,0.0,0.25,146
4,1,44,5,1,0.109375,0,0.24999993750001562,0.33071891388307384,144.5,0.0,0.125,121
6,0,38,5,0,0.0,0,0.0,0.0,253.0,0.0,0.0,131
6,7,40,4,4,1.859375,1,1.0,1.3635890143294642,33.375,0.0,0.875,137
8,2,30,5,2,0.4375,0,0.24999996875000394,0.6614378277661477,67.0,0.0,0.25,153
8,2,33,5,2,0.4375,0,0.24999996875000394,0.6614378277661477,73.33333333333333,0.0,0.25,153
4,1,49,5,1,0.109375,0,0.24999993750001562,0.33071891388307384,160.5,0.0,0.125,112
5,0,43,5,0,0.0,0,0.0,0.0,283.0,0.0,0.0,138
6,0,41,5,0,0.0,0,0.0,0.0,274.0,0.0,0.0,147
8,1,38,5,1,0.109375,0,0.12499998437500197,0.33071891388307384,127.0,0.0,0.125,170
5,0,45,5,0,0.0,0,0.0,0.0,293.0,0.0,0.0,148
8,1,36,5,1,0.109375,0,0.12499998437500197,0.33071891388307384,119.5,0.0,0.125,170
6,6,45,4,3,1.1875,1,0.9999998333333611,1.0897247358851685,41.857142857142854,0.0,0.75,153
5,1,48,5,1,0.109375,0,0.199999960000008,0.33071891388307384,158.0,0.0,0.125,135
8,0,39,5,0,0.0,0,0.0,0.0,259.0,0.0,0.0,179
5,7,50,4,3,1.359375,1,1.0,1.165922381636102,40.625,0.0,0.875,143
6,0,45,5,0,0.0,0,0.0,0.0,291.0,0.0,0.0,161
7,7,42,4,4,1.859375,1,0.9999998571428775,1.3635890143294642,35.0,0.0,0.875,183
8,7,41,4,4,1.859375,0,0.8749998906250137,1.3635890143294642,34.125,0.0,0.875,180
4,0,51,5,0,0.0,0,0.0,0.0,329.0,0.0,0.0,147
6,0,48,5,0,0.0,0,0.0,0.0,309.0,0.0,0.0,156
7,0,45,5,0,0.0,0,0.0,0.0,291.0,0.0,0.0,172
8,1,43,5,1,0.109375,0,0.12499998437500197,0.33071891388307384,140.5,0.0,0.125,192
7,5,47,4,3,0.984375,0,0.7142856122449125,0.9921567416492215,50.833333333333336,0.0,0.625,173
8,0,46,5,0,0.0,0,0.0,0.0,297.0,0.0,0.0,185
8,5,48,4,3,0.984375,0,0.6249999218750099,0.9921567416492215,52.0,0.0,0.625,183
8,0,49,5,0,0.0,0,0.0,0.0,315.0,0.0,0.0,183
6,0,50,5,0,0.0,0,0.0,0.0,323.0,0.0,0.0,191
6,0,52,5,0,0.0,0,0.0,0.0,333.0,0.0,0.0,190
7,0,53,5,0,0.0,0,0.0,0.0,339.0,0.0,0.0,199
8,32,0,0,4,0.0,1,1.0,0.0,0.0,0.0,4.0,0
6,24,0,1,4,3.0,1,1.0,1.7320508075688772,0.0,0.0,3.0,0
6,7,0,4,4,2.359375,1,1.0,1.5360257159305635,0.0,0.0,0.875,0
7,24,2,1,4,3.0,1,1.0,1.7320508075688772,0.4,0.0,3.0,0
4,24,1,1,4,3.0,1,1.0,1.7320508075688772,0.24,0.75,3.0,0
8,1,0,5,1,0.109375,0,0.12499998437500197,0.33071891388307384,0.0,0.0,0.125,10
4,7,1,4,4,1.859375,1,1.0,1.3635890143294642,1.0,0.125,0.875,0
7,1,1,5,1,0.109375,0,0.1428571224489825,0.33071891388307384,4.0,0.0,0.125,6
6,7,2,4,4,1.859375,1,1.0,1.3635890143294642,1.5,0.0,0.875,8
6,1,3,5,1,0.109375,0,0.16666663888889352,0.33071891388307384,11.5,0.0,0.125,5
8,3,2,5,2,0.484375,0,0.3749999531250059,0.6959705453537527,3.5,0.0,0.375,13
8,1,2,5,1,0.109375,0,0.12499998437500197,0.33071891388307384,7.5,0.0,0.125,23
4,3,3,5,2,0.484375,0,0.7499998125000469,0.6959705453537527,5.5,0.0,0.375,10
4,1,4,5,1,0.109375,0,0.24999993750001562,0.33071891388307384,13.5,0.0,0.125,9
7,1,5,5,1,0.109375,0,0.1428571224489825,0.33071891388307384,15.5,0.0,0.125,17
7,1,3,5,1,0.109375,0,0.1428571224489825,0.33071891388307384,10.0,0.0,0.125,13
5,1,7,5,1,0.109375,0,0.199999960000008,0.33071891388307384,22.0,0.0,0.125,21
5,1,8,5,1,0.109375,0,0.199999960000008,0.33071891388307384,24.5,0.0,0.125,28
6,1,6,5,1,0.109375,0,0.16666663888889352,0.33071891388307384,19.0,0.0,0.125,21
4,1,7,5,1,0.109375,0,0.24999993750001562,0.33071891388307384,21.0,0.0,0.125,29
6,8,8,4,4,1.75,1,1.0,1.3228756555322954,5.111111111111111,0.0,1.0,31
4,2,7,5,2,0.4375,0,0.49999987500003124,0.6614378277661477,12.666666666666666,0.0,0.25,22
4,1,7,5,1,0.109375,0,0.24999993750001562,0.33071891388307384,20.5,0.0,0.125,18
5,3,12,5,2,0.484375,0,0.599999880000024,0.6959705453537527,17.5,0.0,0.375,23
8,1,6,5,1,0.109375,0,0.12499998437500197,0.33071891388307384,16.5,0.0,0.125,28
5,3,8,5,2,0.484375,0,0.599999880000024,0.6959705453537527,11.5,0.0,0.375,22
4,3,15,5,2,0.484375,0,0.7499998125000469,0.6959705453537527,22.5,0.0,0.375,27
6,3,10,5,2,0.484375,0,0.49999991666668053,0.6959705453537527,14.5,0.0,0.375,28
7,3,9,5,2,0.484375,0,0.4285713673469475,0.6959705453537527,12.75,0.0,0.375,39
7,2,9,5,2,0.4375,0,0.285714244897965,0.6614378277661477,16.666666666666668,0.0,0.25,42
8,2,8,5,2,0.4375,0,0.24999996875000394,0.6614378277661477,14.0,0.0,0.25,38
6,3,11,5,2,0.484375,0,0.49999991666668053,0.6959705453537527,16.0,0.0,0.375,50
6,3,16,5,2,0.484375,0,0.49999991666668053,0.6959705453537527,23.5,0.0,0.375,47
4,3,17,5,2,0.484375,0,0.7499998125000469,0.6959705453537527,25.0,0.0,0.375,43
7,3,13,5,2,0.484375,0,0.4285713673469475,0.6959705453537527,18.75,0.0,0.375,47
7,2,17,5,2,0.4375,0,0.285714244897965,0.6614378277661477,33.0,0.0,0.25,55
8,3,14,5,2,0.484375,0,0.3749999531250059,0.6959705453537527,20.5,0.0,0.375,53
5,2,20,5,2,0.4375,0,0.399999920000016,0.6614378277661477,39.666666666666664,0.0,0.25,62
5,2,19,5,2,0.4375,0,0.399999920000016,0.6614378277661477,38.0,0.0,0.25,59
4,9,21,4,4,1.859375,1,1.0,1.3635890143294642,12.4,0.125,1.125,64
7,1,20,6,1,0.109375,0,0.1428571224489825,0.33071891388307384,60.0,0.0,0.125,73
8,2,18,5,2,0.4375,0,0.24999996875000394,0.6614378277661477,35.333333333333336,0.0,0.25,70
4,0,22,6,0,0.0,0,0.0,0.0,135.0,0.0,0.0,73
6,7,22,5,2,0.859375,1,1.0,0.9270248108869579,16.625,0.0,0.875,78
8,8,21,5,3,1.75,1,0.9999998750000157,1.3228756555322954,14.11111111111111,0.0,1.0,74
4,2,21,6,2,0.4375,0,0.49999987500003124,0.6614378277661477,43.0,0.0,0.25,77
8,0,23,6,0,0.0,0,0.0,0.0,139.0,0.0,0.0,85
4,0,25,6,0,0.0,0,0.0,0.0,155.0,0.0,0.0,79
8,8,22,5,2,1.0,1,0.9999998750000157,1.0,15.0,0.0,1.0,82
5,0,24,6,0,0.0,0,0.0,0.0,147.0,0.0,0.0,86
5,0,25,6,0,0.0,0,0.0,0.0,152.0,0.0,0.0,85
7,6,26,5,3,1.1875,0,0.857142734693895,1.0897247358851685,22.714285714285715,0.0,0.75,95
8,6,26,5,4,1.9375,0,0.7499999062500118,1.3919410907075054,22.428571428571427,0.0,0.75,96
4,1,25,5,1,0.109375,0,0.24999993750001562,0.33071891388307384,77.0,0.0,0.125,89
6,0,25,6,0,0.0,0,0.0,0.0,156.0,0.0,0.0,87
5,0,26,5,0,0.0,0,0.0,0.0,155.0,0.0,0.0,98
5,0,27,5,0,0.0,0,0.0,0.0,160.0,0.0,0.0,98
5,14,26,3,4,1.6875,1,1.0,1.299038105676658,10.533333333333333,0.0,1.75,90
6,0,25,5,0,0.0,0,0.0,0.0,149.0,0.0,0.0,99
5,0,31,5,0,0.0,0,0.0,0.0,185.0,0.0,0.0,99
6,0,29,5,0,0.0,0,0.0,0.0,173.0,0.0,0.0,102
6,0,30,5,0,0.0,0,0.0,0.0,179.0,0.0,0.0,106
7,4,33,4,2,0.75,0,0.57142848979593,0.8660254037844386,39.6,0.0,0.5,106
4,1,32,5,1,0.109375,0,0.24999993750001562,0.33071891388307384,98.0,0.0,0.125,90
4,1,35,5,1,0.109375,0,0.24999993750001562,0.33071891388307384,106.0,0.0,0.125,88
4,1,33,5,1,0.109375,0,0.24999993750001562,0.33071891388307384,100.0,0.0,0.125,92
4,3,36,5,3,0.984375,0,0.7499998125000469,0.9921567416492215,55.0,0.0,0.375,101
6,7,32,4,3,1.359375,1,1.0,1.165922381636102,24.375,0.0,0.875,119
8,0,28,5,0,0.0,0,0.0,0.0,165.0,0.0,0.0,131
4,2,37,5,2,0.4375,0,0.49999987500003124,0.6614378277661477,74.0,0.0,0.25,97
4,2,47,5,2,0.4375,0,0.49999987500003124,0.6614378277661477,96.0,0.0,0.25,81
6,0,33,5,0,0.0,0,0.0,0.0,197.0,0.0,0.0,110
6,0,35,5,0,0.0,0,0.0,0.0,211.0,0.0,0.0,126
4,5,42,4,4,1.734375,1,1.0,1.3169567191065923,42.166666666666664,0.125,0.625,89
8,4,32,4,2,0.75,0,0.4999999375000079,0.8660254037844386,38.0,0.0,0.5,143
5,0,35,5,0,0.0,0,0.0,0.0,211.0,0.0,0.0,126
6,3,37,5,3,0.984375,0,0.49999991666668053,0.9921567416492215,56.0,0.0,0.375,126
5,8,40,4,2,1.0,1,1.0,1.0,26.666666666666668,0.0,1.0,118
8,1,31,5,1,0.109375,0,0.12499998437500197,0.33071891388307384,94.0,0.0,0.125,140
8,0,34,5,0,0.0,0,0.0,0.0,203.0,0.0,0.0,150
8,7,36,4,3,1.359375,0,0.8749998906250137,1.165922381636102,27.0,0.0,0.875,144
8,1,32,5,1,0.109375,0,0.12499998437500197,0.33071891388307384,98.0,0.0,0.125,158
8,3,37,5,2,0.484375,0,0.3749999531250059,0.6959705453537527,54.75,0.0,0.375,138
6,3,39,5,2,0.484375,0,0.49999991666668053,0.6959705453537527,58.5,0.0,0.375,145
8,0,40,5,0,0.0,0,0.0,0.0,237.0,0.0,0.0,147
7,3,38,5,2,0.484375,0,0.4285713673469475,0.6959705453537527,56.75,0.0,0.375,143
8,0,41,5,0,0.0,0,0.0,0.0,245.0,0.0,0.0,157
6,2,42,5,1,0.1875,0,0.33333327777778704,0.4330127018922193,85.66666666666667,0.0,0.25,154
4,10,57,4,4,1.6875,1,1.0,1.299038105676658,32.09090909090909,0.125,1.25,133
8,5,42,4,2,0.734375,0,0.6249999218750099,0.8569568250501305,42.166666666666664,0.0,0.625,152
6,8,42,4,4,1.75,1,1.0,1.3228756555322954,28.555555555555557,0.0,1.0,155
6,2,43,5,2,0.4375,0,0.33333327777778704,0.6614378277661477,86.66666666666667,0.0,0.25,164
5,2,42,5,2,0.4375,0,0.399999920000016,0.6614378277661477,85.0,0.0,0.25,155
8,2,45,5,2,0.4375,0,0.24999996875000394,0.6614378277661477,91.0,0.0,0.25,164
7,2,44,5,2,0.4375,0,0.285714244897965,0.6614378277661477,88.66666666666667,0.0,0.25,163
6,12,49,3,4,1.5,1,1.0,1.224744871391589,22.846153846153847,0.0,1.5,178
5,2,48,5,2,0.4375,0,0.399999920000016,0.6614378277661477,97.33333333333333,0.0,0.25,168
5,2,54,5,2,0.4375,0,0.399999920000016,0.6614378277661477,112.0,0.0,0.25,167
7,2,46,5,2,0.4375,0,0.285714244897965,0.6614378277661477,93.66666666666667,0.0,0.25,174
6,2,46,5,2,0.4375,0,0.33333327777778704,0.6614378277661477,93.66666666666667,0.0,0.25,176
6,2,55,5,2,0.4375,0,0.33333327777778704,0.6614378277661477,113.66666666666667,0.0,0.25,181
7,2,48,5,2,0.4375,0,0.285714244897965,0.6614378277661477,97.66666666666667,0.0,0.25,187
6,2,56,5,2,0.4375,0,0.33333327777778704,0.6614378277661477,115.66666666666667,0.0,0.25,186
6,2,47,5,2,0.4375,0,0.33333327777778704,0.6614378277661477,95.66666666666667,0.0,0.25,184
8,2,49,5,2,0.4375,0,0.24999996875000394,0.6614378277661477,100.0,0.0,0.25,203
7,2,50,5,2,0.4375,0,0.285714244897965,0.6614378277661477,102.66666666666667,0.0,0.25,188
7,2,51,5,2,0.4375,0,0.285714244897965,0.6614378277661477,105.0,0.0,0.25,203
7,2,52,5,2,0.4375,0,0.285714244897965,0.6614378277661477,107.33333333333333,0.0,0.25,204
8,2,57,5,2,0.4375,0,0.24999996875000394,0.6614378277661477,116.33333333333333,0.0,0.25,205
7,2,53,5,2,0.4375,0,0.285714244897965,0.6614378277661477,109.66666666666667,0.0,0.25,209
6,32,0,0,4,0.0,1,1.0,0.0,0.0,0.0,4.0,0
5,26,0,1,4,1.9375,1,1.0,1.3919410907075054,0.0,0.0,3.25,0
5,21,0,2,4,3.234375,1,1.0,1.79843682124227,0.0,0.0,2.625,0
5,5,1,5,4,1.734375,1,0.99999980000004,1.3169567191065923,1.1666666666666667,0.0,0.625,0
4,9,0,4,4,2.859375,1,1.0,1.6909686573085854,0.0,0.25,1.125,0
7,16,0,3,4,4.0,1,1.0,2.0,0.0,0.0,2.0,0
4,0,3,6,0,0.0,0,0.0,0.0,18.0,0.0,0.0,6
7,5,0,5,4,1.734375,0,0.7142856122449125,1.3169567191065923,0.0,0.0,0.625,10
4,0,2,6,0,0.0,0,0.0,0.0,14.0,0.0,0.0,1
4,2,3,6,2,0.4375,0,0.49999987500003124,0.6614378277661477,6.0,0.0,0.25,11
5,2,5,6,2,0.4375,0,0.399999920000016,0.6614378277661477,10.0,0.0,0.25,13
7,0,1,6,0,0.0,0,0.0,0.0,7.0,0.0,0.0,18
5,1,7,6,1,0.109375,0,0.199999960000008,0.33071891388307384,22.5,0.0,0.125,11
5,1,6,6,1,0.109375,0,0.199999960000008,0.33071891388307384,20.0,0.0,0.125,10
6,1,8,6,1,0.109375,0,0.16666663888889352,0.33071891388307384,25.0,0.0,0.125,11
4,1,14,6,1,0.109375,0,0.24999993750001562,0.33071891388307384,45.5,0.0,0.125,12
5,1,11,6,1,0.109375,0,0.199999960000008,0.33071891388307384,35.5,0.0,0.125,19
8,2,4,6,2,0.4375,0,0.24999996875000394,0.6614378277661477,7.333333333333333,0.0,0.25,27
4,0,14,6,0,0.0,0,0.0,0.0,99.0,0.0,0.0,6
4,0,17,6,0,0.0,0,0.0,0.0,118.0,0.0,0.0,13
4,0,18,6,0,0.0,0,0.0,0.0,122.0,0.0,0.0,24
8,2,6,6,2,0.4375,0,0.24999996875000394,0.6614378277661477,11.666666666666666,0.0,0.25,43
8,1,5,6,1,0.109375,0,0.12499998437500197,0.33071891388307384,16.0,0.0,0.125,45
4,5,17,5,4,1.734375,1,1.0,1.3169567191065923,19.5,0.125,0.625,24
7,1,10,6,1,0.109375,0,0.1428571224489825,0.33071891388307384,32.0,0.0,0.125,57
8,1,9,6,1,0.109375,0,0.12499998437500197,0.33071891388307384,28.0,0.0,0.125,43
4,0,24,5,0,0.0,0,0.0,0.0,155.0,0.0,0.0,11
7,1,12,6,1,0.109375,0,0.1428571224489825,0.33071891388307384,38.0,0.0,0.125,59
6,0,13,6,0,0.0,0,0.0,0.0,93.0,0.0,0.0,48
8,1,13,6,1,0.109375,0,0.12499998437500197,0.33071891388307384,41.5,0.0,0.125,68
7,6,17,5,4,1.6875,0,0.857142734693895,1.299038105676658,15.857142857142858,0.0,0.75,65
4,0,33,5,0,0.0,0,0.0,0.0,210.0,0.0,0.0,16
7,5,15,5,3,0.984375,0,0.7142856122449125,0.9921567416492215,17.0,0.0,0.625,71
7,0,14,6,0,0.0,0,0.0,0.0,99.0,0.0,0.0,75
8,1,15,6,1,0.109375,0,0.12499998437500197,0.33071891388307384,47.5,0.0,0.125,83
6,0,15,6,0,0.0,0,0.0,0.0,106.0,0.0,0.0,68
4,0,34,5,0,0.0,0,0.0,0.0,217.0,0.0,0.0,35
7,5,16,5,4,1.734375,0,0.7142856122449125,1.3169567191065923,18.333333333333332,0.0,0.625,87
6,0,16,6,0,0.0,0,0.0,0.0,112.0,0.0,0.0,85
8,1,16,6,1,0.109375,0,0.12499998437500197,0.33071891388307384,51.5,0.0,0.125,102
6,0,17,6,0,0.0,0,0.0,0.0,116.0,0.0,0.0,87
5,0,20,6,0,0.0,0,0.0,0.0,133.0,0.0,0.0,90
7,0,22,6,0,0.0,0,0.0,0.0,143.0,0.0,0.0,102
7,0,19,6,0,0.0,0,0.0,0.0,126.0,0.0,0.0,101
5,0,21,6,0,0.0,0,0.0,0.0,138.0,0.0,0.0,102
5,0,23,6,0,0.0,0,0.0,0.0,150.0,0.0,0.0,105
5,1,24,6,1,0.109375,0,0.199999960000008,0.33071891388307384,78.0,0.0,0.125,110
5,5,24,5,3,0.984375,1,0.99999980000004,0.9921567416492215,25.833333333333332,0.0,0.625,107
6,3,25,5,3,0.984375,0,0.49999991666668053,0.9921567416492215,40.25,0.0,0.375,104
5,0,26,5,0,0.0,0,0.0,0.0,169.0,0.0,0.0,94
5,0,31,5,0,0.0,0,0.0,0.0,200.0,0.0,0.0,98
6,0,29,5,0,0.0,0,0.0,0.0,187.0,0.0,0.0,96
5,0,27,5,0,0.0,0,0.0,0.0,174.0,0.0,0.0,96
8,1,25,6,1,0.109375,0,0.12499998437500197,0.33071891388307384,80.5,0.0,0.125,128
5,0,32,5,0,0.0,0,0.0,0.0,205.0,0.0,0.0,113
6,0,33,5,0,0.0,0,0.0,0.0,211.0,0.0,0.0,109
7,0,25,5,0,0.0,0,0.0,0.0,159.0,0.0,0.0,130
8,8,26,4,4,2.25,1,0.9999998750000157,1.5,18.555555555555557,0.0,1.0,126
6,0,36,5,0,0.0,0,0.0,0.0,225.0,0.0,0.0,120
4,0,35,5,0,0.0,0,0.0,0.0,221.0,0.0,0.0,109
4,0,39,5,0,0.0,0,0.0,0.0,246.0,0.0,0.0,115
7,0,25,5,0,0.0,0,0.0,0.0,162.0,0.0,0.0,134
8,0,28,5,0,0.0,0,0.0,0.0,179.0,0.0,0.0,141
7,0,30,5,0,0.0,0,0.0,0.0,193.0,0.0,0.0,138
6,0,37,5,0,0.0,0,0.0,0.0,234.0,0.0,0.0,117
4,1,45,5,1,0.109375,0,0.24999993750001562,0.33071891388307384,139.5,0.0,0.125,95
7,1,34,5,1,0.109375,0,0.1428571224489825,0.33071891388307384,108.5,0.0,0.125,152
7,4,34,4,3,1.0,0,0.57142848979593,1.0,42.8,0.0,0.5,150
7,1,33,5,1,0.109375,0,0.1428571224489825,0.33071891388307384,105.0,0.0,0.125,150
7,0,37,5,0,0.0,0,0.0,0.0,231.0,0.0,0.0,152
6,7,38,4,4,1.859375,1,1.0,1.3635890143294642,30.0,0.0,0.875,152
8,0,37,5,0,0.0,0,0.0,0.0,230.0,0.0,0.0,161
4,1,48,5,1,0.109375,0,0.24999993750001562,0.33071891388307384,147.5,0.0,0.125,112
7,8,37,4,4,3.0,1,1.0,1.7320508075688772,25.666666666666668,0.0,1.0,161
7,0,38,5,0,0.0,0,0.0,0.0,239.0,0.0,0.0,156
7,0,39,5,0,0.0,0,0.0,0.0,240.0,0.0,0.0,154
5,0,38,5,0,0.0,0,0.0,0.0,236.0,0.0,0.0,157
6,0,39,5,0,0.0,0,0.0,0.0,241.0,0.0,0.0,155
5,0,40,5,0,0.0,0,0.0,0.0,247.0,0.0,0.0,155
7,0,41,5,0,0.0,0,0.0,0.0,252.0,0.0,0.0,160
6,4,42,4,3,1.0,0,0.6666665555555741,1.0,51.8,0.0,0.5,161
8,0,42,5,0,0.0,0,0.0,0.0,261.0,0.0,0.0,169
6,0,43,5,0,0.0,0,0.0,0.0,269.0,0.0,0.0,170
5,0,44,5,0,0.0,0,0.0,0.0,273.0,0.0,0.0,177
6,8,45,4,4,3.0,1,1.0,1.7320508075688772,30.88888888888889,0.0,1.0,179
5,0,43,5,0,0.0,0,0.0,0.0,268.0,0.0,0.0,168
8,1,44,5,1,0.109375,0,0.12499998437500197,0.33071891388307384,135.5,0.0,0.125,177
7,0,44,5,0,0.0,0,0.0,0.0,275.0,0.0,0.0,181
4,0,49,5,0,0.0,0,0.0,0.0,298.0,0.0,0.0,180
6,1,46,5,1,0.109375,0,0.16666663888889352,0.33071891388307384,141.5,0.0,0.125,185
6,1,47,5,1,0.109375,0,0.16666663888889352,0.33071891388307384,144.5,0.0,0.125,186
6,0,50,5,0,0.0,0,0.0,0.0,302.0,0.0,0.0,183
4,5,49,4,3,0.984375,1,1.0,0.9921567416492215,49.833333333333336,0.0,0.625,184
4,7,52,4,4,2.359375,1,1.0,1.5360257159305635,39.375,0.125,0.875,174
7,0,51,5,0,0.0,0,0.0,0.0,308.0,0.0,0.0,190
4,2,51,5,2,0.4375,0,0.49999987500003124,0.6614378277661477,102.66666666666667,0.0,0.25,183
4,0,50,6,0,0.0,0,0.0,0.0,305.0,0.0,0.0,174
7,3,51,5,3,0.984375,0,0.4285713673469475,0.9921567416492215,76.75,0.0,0.375,179
4,0,52,6,0,0.0,0,0.0,0.0,317.0,0.0,0.0,174
6,3,52,5,3,0.984375,0,0.49999991666668053,0.9921567416492215,78.5,0.0,0.375,182
8,2,50,5,2,0.4375,0,0.24999996875000394,0.6614378277661477,100.0,0.0,0.25,207
5,3,52,5,3,0.984375,0,0.599999880000024,0.9921567416492215,78.75,0.0,0.375,194
7,1,51,6,1,0.109375,0,0.1428571224489825,0.33071891388307384,154.5,0.0,0.125,198
5,3,53,5,3,0.984375,0,0.599999880000024,0.9921567416492215,80.0,0.0,0.375,196
5,5,53,5,3,1.234375,1,0.99999980000004,1.1110243021644486,53.5,0.0,0.625,193
5,0,54,6,0,0.0,0,0.0,0.0,327.0,0.0,0.0,203
8,0,51,6,0,0.0,0,0.0,0.0,309.0,0.0,0.0,201
6,0,53,6,0,0.0,0,0.0,0.0,321.0,0.0,0.0,202
8,0,55,6,0,0.0,0,0.0,0.0,332.0,0.0,0.0,204
7,0,56,6,0,0.0,0,0.0,0.0,340.0,0.0,0.0,215
6,23,0,2,4,2.859375,1,1.0,1.6909686573085854,0.0,0.0,2.875,0
6,17,1,3,4,3.609375,1,1.0,1.899835519196333,0.4444444444444444,0.0,2.125,0
5,32,0,0,4,0.0,1,1.0,0.0,0.0,0.0,4.0,0
8,17,0,3,4,3.609375,1,1.0,1.899835519196333,0.0,0.0,2.125,0
4,27,0,1,4,1.734375,1,1.0,1.3169567191065923,0.0,0.75,3.375,0
6,3,0,5,3,0.984375,0,0.49999991666668053,0.9921567416492215,0.0,0.0,0.375,10
6,3,1,5,3,0.984375,0,0.49999991666668053,0.9921567416492215,1.5,0.0,0.375,10
8,9,2,4,4,2.859375,1,1.0,1.6909686573085854,1.4,0.0,1.125,7
8,3,2,5,3,0.984375,0,0.3749999531250059,0.9921567416492215,3.0,0.0,0.375,13
6,0,4,5,0,0.0,0,0.0,0.0,29.0,0.0,0.0,16
6,3,2,5,3,0.984375,0,0.49999991666668053,0.9921567416492215,4.0,0.0,0.375,16
7,3,3,5,3,0.984375,0,0.4285713673469475,0.9921567416492215,5.5,0.0,0.375,20
4,0,5,5,0,0.0,0,0.0,0.0,35.0,0.0,0.0,4
8,0,6,5,0,0.0,0,0.0,0.0,39.0,0.0,0.0,29
8,8,4,4,4,2.25,1,0.9999998750000157,1.5,3.2222222222222223,0.0,1.0,23
7,0,6,5,0,0.0,0,0.0,0.0,39.0,0.0,0.0,23
5,0,9,5,0,0.0,0,0.0,0.0,65.0,0.0,0.0,23
4,0,11,5,0,0.0,0,0.0,0.0,76.0,0.0,0.0,23
7,4,8,4,3,1.0,0,0.57142848979593,1.0,10.8,0.0,0.5,43
8,4,9,4,3,1.0,0,0.4999999375000079,1.0,12.2,0.0,0.5,47
8,4,7,4,3,1.0,0,0.4999999375000079,1.0,9.2,0.0,0.5,42
6,0,10,5,0,0.0,0,0.0,0.0,70.0,0.0,0.0,48
6,0,14,5,0,0.0,0,0.0,0.0,91.0,0.0,0.0,51
4,0,12,5,0,0.0,0,0.0,0.0,80.0,0.0,0.0,53
4,0,15,5,0,0.0,0,0.0,0.0,97.0,0.0,0.0,62
5,0,17,5,0,0.0,0,0.0,0.0,109.0,0.0,0.0,58
7,0,13,5,0,0.0,0,0.0,0.0,84.0,0.0,0.0,58
6,0,17,5,0,0.0,0,0.0,0.0,109.0,0.0,0.0,67
7,0,18,5,0,0.0,0,0.0,0.0,114.0,0.0,0.0,74
4,0,21,5,0,0.0,0,0.0,0.0,134.0,0.0,0.0,48
5,7,20,4,4,1.859375,1,1.0,1.3635890143294642,15.625,0.0,0.875,62
6,0,19,5,0,0.0,0,0.0,0.0,121.0,0.0,0.0,65
4,1,26,5,1,0.109375,0,0.24999993750001562,0.33071891388307384,81.0,0.0,0.125,37
6,6,21,4,4,1.6875,1,0.9999998333333611,1.299038105676658,19.142857142857142,0.0,0.75,80
8,0,16,5,0,0.0,0,0.0,0.0,101.0,0.0,0.0,89
7,0,20,5,0,0.0,0,0.0,0.0,127.0,0.0,0.0,84
6,1,19,5,1,0.109375,0,0.16666663888889352,0.33071891388307384,59.5,0.0,0.125,81
5,0,23,5,0,0.0,0,0.0,0.0,145.0,0.0,0.0,72
6,13,20,3,4,2.984375,1,1.0,1.7275343701356567,8.785714285714286,0.0,1.625,89
7,0,22,5,0,0.0,0,0.0,0.0,138.0,0.0,0.0,91
8,0,18,5,0,0.0,0,0.0,0.0,112.0,0.0,0.0,87
6,0,20,5,0,0.0,0,0.0,0.0,128.0,0.0,0.0,89
6,0,24,5,0,0.0,0,0.0,0.0,150.0,0.0,0.0,92
8,8,25,4,4,2.25,1,0.9999998750000157,1.5,17.333333333333332,0.0,1.0,96
4,10,28,3,4,1.9375,1,1.0,1.3919410907075054,15.545454545454545,0.125,1.25,87
4,1,27,5,1,0.109375,0,0.24999993750001562,0.33071891388307384,83.0,0.0,0.125,87
6,1,25,5,1,0.109375,0,0.16666663888889352,0.33071891388307384,78.0,0.0,0.125,98
8,0,19,5,0,0.0,0,0.0,0.0,120.0,0.0,0.0,104
4,10,29,3,4,1.9375,1,1.0,1.3919410907075054,15.909090909090908,0.125,1.25,102
7,8,25,4,4,1.75,1,1.0,1.3228756555322954,17.333333333333332,0.0,1.0,111
8,0,28,5,0,0.0,0,0.0,0.0,169.0,0.0,0.0,107
7,8,28,4,4,2.25,1,1.0,1.5,18.88888888888889,0.0,1.0,108
4,8,30,4,4,2.25,1,1.0,1.5,20.333333333333332,0.125,1.0,109
6,0,29,5,0,0.0,0,0.0,0.0,177.0,0.0,0.0,98
4,1,30,5,1,0.109375,0,0.24999993750001562,0.33071891388307384,90.0,0.0,0.125,109
8,0,28,5,0,0.0,0,0.0,0.0,169.0,0.0,0.0,117
8,1,32,5,1,0.109375,0,0.12499998437500197,0.33071891388307384,95.0,0.0,0.125,114
6,1,31,5,1,0.109375,0,0.16666663888889352,0.33071891388307384,92.0,0.0,0.125,115
4,0,35,6,0,0.0,0,0.0,0.0,217.0,0.0,0.0,107
7,0,32,6,0,0.0,0,0.0,0.0,197.0,0.0,0.0,124
5,6,34,5,3,1.1875,1,1.0,1.0897247358851685,30.285714285714285,0.0,0.75,109
8,0,31,6,0,0.0,0,0.0,0.0,189.0,0.0,0.0,124
4,4,35,5,3,1.0,1,0.9999997500000625,1.0,43.4,0.0,0.5,117
6,0,35,6,0,0.0,0,0.0,0.0,217.0,0.0,0.0,130
8,0,33,6,0,0.0,0,0.0,0.0,204.0,0.0,0.0,128
6,6,34,5,3,0.9375,1,0.9999998333333611,0.9682458365518543,30.142857142857142,0.0,0.75,129
6,6,35,5,3,0.9375,1,0.9999998333333611,0.9682458365518543,31.0,0.0,0.75,131
5,0,37,6,0,0.0,0,0.0,0.0,233.0,0.0,0.0,129
8,0,36,6,0,0.0,0,0.0,0.0,225.0,0.0,0.0,142
7,5,37,5,3,0.984375,0,0.7142856122449125,0.9921567416492215,38.333333333333336,0.0,0.625,141
7,5,36,5,3,0.984375,0,0.7142856122449125,0.9921567416492215,37.166666666666664,0.0,0.625,139
4,0,38,6,0,0.0,0,0.0,0.0,238.0,0.0,0.0,140
6,0,39,6,0,0.0,0,0.0,0.0,242.0,0.0,0.0,146
4,0,50,5,0,0.0,0,0.0,0.0,309.0,0.0,0.0,131
5,0,40,6,0,0.0,0,0.0,0.0,248.0,0.0,0.0,147
7,0,40,6,0,0.0,0,0.0,0.0,247.0,0.0,0.0,147
6,0,41,6,0,0.0,0,0.0,0.0,254.0,0.0,0.0,150
4,0,49,5,0,0.0,0,0.0,0.0,299.0,0.0,0.0,134
5,1,42,5,1,0.109375,0,0.199999960000008,0.33071891388307384,129.5,0.0,0.125,154
5,1,44,5,1,0.109375,0,0.199999960000008,0.33071891388307384,135.5,0.0,0.125,157
4,0,53,5,0,0.0,0,0.0,0.0,324.0,0.0,0.0,139
5,0,48,5,0,0.0,0,0.0,0.0,296.0,0.0,0.0,156
5,0,47,5,0,0.0,0,0.0,0.0,291.0,0.0,0.0,155
7,0,41,6,0,0.0,0,0.0,0.0,253.0,0.0,0.0,167
6,1,43,5,1,0.109375,0,0.16666663888889352,0.33071891388307384,132.0,0.0,0.125,164
5,5,46,4,3,0.984375,1,0.99999980000004,0.9921567416492215,47.333333333333336,0.0,0.625,154
4,0,54,5,0,0.0,0,0.0,0.0,330.0,0.0,0.0,143
4,0,55,5,0,0.0,0,0.0,0.0,334.0,0.0,0.0,147
4,0,56,5,0,0.0,0,0.0,0.0,338.0,0.0,0.0,152
6,7,50,4,4,1.859375,1,1.0,1.3635890143294642,37.875,0.0,0.875,165
7,9,42,4,4,2.109375,1,1.0,1.4523687548277813,26.0,0.0,1.125,189
6,1,50,5,1,0.109375,0,0.16666663888889352,0.33071891388307384,151.5,0.0,0.125,167
6,0,52,5,0,0.0,0,0.0,0.0,318.0,0.0,0.0,175
7,1,43,5,1,0.109375,0,0.1428571224489825,0.33071891388307384,132.0,0.0,0.125,194
6,0,55,5,0,0.0,0,0.0,0.0,335.0,0.0,0.0,168
8,1,45,5,1,0.109375,0,0.12499998437500197,0.33071891388307384,138.0,0.0,0.125,209
7,0,46,5,0,0.0,0,0.0,0.0,284.0,0.0,0.0,201
4,6,57,4,3,1.1875,1,1.0,1.0897247358851685,48.57142857142857,0.0,0.75,169
7,0,54,5,0,0.0,0,0.0,0.0,328.0,0.0,0.0,192
6,0,56,5,0,0.0,0,0.0,0.0,334.0,0.0,0.0,185
8,0,49,5,0,0.0,0,0.0,0.0,301.0,0.0,0.0,218
8,1,51,5,1,0.109375,0,0.12499998437500197,0.33071891388307384,154.5,0.0,0.125,213
7,0,53,5,0,0.0,0,0.0,0.0,323.0,0.0,0.0,198
6,6,56,4,3,1.1875,1,0.9999998333333611,1.0897247358851685,47.714285714285715,0.0,0.75,201
8,1,52,5,1,0.109375,0,0.12499998437500197,0.33071891388307384,158.5,0.0,0.125,224
7,2,57,5,2,0.4375,0,0.285714244897965,0.6614378277661477,113.33333333333333,0.0,0.25,206
7,2,58,5,2,0.4375,0,0.285714244897965,0.6614378277661477,115.66666666666667,0.0,0.25,210
8,2,60,5,2,0.4375,0,0.24999996875000394,0.6614378277661477,119.66666666666667,0.0,0.25,217
8,2,61,5,2,0.4375,0,0.24999996875000394,0.6614378277661477,122.33333333333333,0.0,0.25,222
5,2,59,5,2,0.4375,0,0.399999920000016,0.6614378277661477,118.0,0.0,0.25,217
6,32,0,0,4,0.0,1,1.0,0.0,0.0,0.0,4.0,0
8,18,0,2,4,3.4375,1,1.0,1.8540496217739157,0.0,0.0,2.25,0
7,18,1,2,4,3.4375,1,1.0,1.8540496217739157,0.42105263157894735,0.0,2.25,0
8,32,1,0,4,0.0,1,1.0,0.0,0.18181818181818182,0.0,4.0,0
7,3,0,4,3,0.984375,0,0.4285713673469475,0.9921567416492215,0.0,0.0,0.375,13
8,3,1,4,3,0.984375,0,0.3749999531250059,0.9921567416492215,1.75,0.0,0.375,13
4,3,3,4,3,0.984375,0,0.7499998125000469,0.9921567416492215,5.5,0.0,0.375,18
7,3,2,4,3,0.984375,0,0.4285713673469475,0.9921567416492215,3.75,0.0,0.375,17
5,3,4,4,3,0.984375,0,0.599999880000024,0.9921567416492215,6.5,0.0,0.375,18
7,3,5,4,3,0.984375,0,0.4285713673469475,0.9921567416492215,7.75,0.0,0.375,15
4,3,6,4,3,0.984375,0,0.7499998125000469,0.9921567416492215,9.5,0.0,0.375,20
4,9,8,3,4,2.359375,1,1.0,1.5360257159305635,4.9,0.125,1.125,17
7,9,7,3,4,2.359375,1,1.0,1.5360257159305635,4.2,0.0,1.125,26
4,10,10,3,4,1.9375,1,1.0,1.3919410907075054,5.636363636363637,0.125,1.25,22
6,2,10,4,2,0.4375,0,0.33333327777778704,0.6614378277661477,19.666666666666668,0.0,0.25,24
8,2,8,4,2,0.4375,0,0.24999996875000394,0.6614378277661477,15.333333333333334,0.0,0.25,33
8,2,9,4,2,0.4375,0,0.24999996875000394,0.6614378277661477,18.0,0.0,0.25,40
5,1,12,5,1,0.109375,0,0.199999960000008,0.33071891388307384,37.0,0.0,0.125,29
5,1,8,5,1,0.109375,0,0.199999960000008,0.33071891388307384,24.5,0.0,0.125,22
6,1,9,5,1,0.109375,0,0.16666663888889352,0.33071891388307384,27.0,0.0,0.125,34
8,1,10,5,1,0.109375,0,0.12499998437500197,0.33071891388307384,30.0,0.0,0.125,40
4,11,10,4,4,1.734375,1,1.0,1.3169567191065923,5.75,0.125,1.375,21
8,9,10,3,4,2.359375,1,1.0,1.5360257159305635,5.8,0.0,1.125,43
6,1,11,5,1,0.109375,0,0.16666663888889352,0.33071891388307384,34.0,0.0,0.125,42
7,1,11,6,1,0.109375,0,0.1428571224489825,0.33071891388307384,35.5,0.0,0.125,45
4,2,10,5,1,0.1875,0,0.49999987500003124,0.4330127018922193,22.333333333333332,0.0,0.25,23
7,11,11,4,4,1.734375,1,1.0,1.3169567191065923,6.083333333333333,0.0,1.375,33
8,1,10,6,1,0.109375,0,0.12499998437500197,0.33071891388307384,33.5,0.0,0.125,42
4,1,14,5,1,0.109375,0,0.24999993750001562,0.33071891388307384,45.0,0.0,0.125,44
7,9,13,4,4,2.359375,1,1.0,1.5360257159305635,8.3,0.0,1.125,47
6,2,12,5,1,0.1875,0,0.33333327777778704,0.4330127018922193,25.666666666666668,0.0,0.25,41
6,2,11,5,1,0.1875,0,0.33333327777778704,0.4330127018922193,23.666666666666668,0.0,0.25,41
8,9,14,4,4,2.359375,1,1.0,1.5360257159305635,9.0,0.0,1.125,52
4,0,14,5,0,0.0,0,0.0,0.0,89.0,0.0,0.0,50
6,0,16,5,0,0.0,0,0.0,0.0,97.0,0.0,0.0,52
6,6,19,4,2,0.9375,1,0.9999998333333611,0.9682458365518543,16.857142857142858,0.0,0.75,54
4,0,15,5,0,0.0,0,0.0,0.0,93.0,0.0,0.0,52
4,0,20,5,0,0.0,0,0.0,0.0,120.0,0.0,0.0,44
8,6,17,4,2,0.9375,0,0.7499999062500118,0.9682458365518543,14.714285714285714,0.0,0.75,64
4,0,21,5,0,0.0,0,0.0,0.0,123.0,0.0,0.0,54
5,0,18,5,0,0.0,0,0.0,0.0,110.0,0.0,0.0,65
7,6,18,4,2,0.9375,0,0.857142734693895,0.9682458365518543,15.857142857142858,0.0,0.75,72
5,0,19,5,0,0.0,0,0.0,0.0,115.0,0.0,0.0,70
4,2,21,5,2,0.4375,0,0.49999987500003124,0.6614378277661477,41.0,0.0,0.25,66
4,2,24,5,2,0.4375,0,0.49999987500003124,0.6614378277661477,47.666666666666664,0.0,0.25,67
7,3,24,5,2,0.484375,0,0.4285713673469475,0.6959705453537527,35.0,0.0,0.375,67
5,13,21,3,4,1.984375,1,1.0,1.4086784586980805,8.857142857142858,0.0,1.625,70
5,6,21,4,4,1.6875,1,1.0,1.299038105676658,17.714285714285715,0.0,0.75,68
7,13,22,3,4,1.984375,1,1.0,1.4086784586980805,9.214285714285714,0.0,1.625,77
4,1,31,5,1,0.109375,0,0.24999993750001562,0.33071891388307384,91.0,0.0,0.125,57
8,2,22,5,2,0.4375,0,0.24999996875000394,0.6614378277661477,42.333333333333336,0.0,0.25,90
7,7,27,4,4,2.359375,1,0.9999998571428775,1.5360257159305635,20.0,0.0,0.875,88
4,1,34,5,1,0.109375,0,0.24999993750001562,0.33071891388307384,101.0,0.0,0.125,60
5,7,26,4,4,2.359375,1,1.0,1.5360257159305635,19.375,0.0,0.875,79
4,5,34,4,2,0.734375,1,1.0,0.8569568250501305,33.833333333333336,0.0,0.625,55
8,2,23,5,2,0.4375,0,0.24999996875000394,0.6614378277661477,45.0,0.0,0.25,101
4,0,35,6,0,0.0,0,0.0,0.0,217.0,0.0,0.0,60
7,0,27,5,0,0.0,0,0.0,0.0,160.0,0.0,0.0,98
5,0,28,5,0,0.0,0,0.0,0.0,167.0,0.0,0.0,100
4,0,33,6,0,0.0,0,0.0,0.0,205.0,0.0,0.0,55
4,0,36,6,0,0.0,0,0.0,0.0,221.0,0.0,0.0,63
4,0,40,6,0,0.0,0,0.0,0.0,248.0,0.0,0.0,66
7,0,29,5,0,0.0,0,0.0,0.0,172.0,0.0,0.0,110
4,0,39,6,0,0.0,0,0.0,0.0,241.0,0.0,0.0,64
8,3,25,5,2,0.484375,0,0.3749999531250059,0.6959705453537527,36.75,0.0,0.375,111
5,0,31,5,0,0.0,0,0.0,0.0,185.0,0.0,0.0,113
4,0,43,6,0,0.0,0,0.0,0.0,263.0,0.0,0.0,72
6,0,30,5,0,0.0,0,0.0,0.0,179.0,0.0,0.0,126
4,5,43,5,4,1.734375,1,1.0,1.3169567191065923,43.833333333333336,0.125,0.625,68
7,1,30,5,1,0.109375,0,0.1428571224489825,0.33071891388307384,87.5,0.0,0.125,122
5,0,31,5,0,0.0,0,0.0,0.0,182.0,0.0,0.0,123
8,1,32,5,1,0.109375,0,0.12499998437500197,0.33071891388307384,93.0,0.0,0.125,124
8,1,33,5,1,0.109375,0,0.12499998437500197,0.33071891388307384,97.0,0.0,0.125,124
4,0,46,6,0,0.0,0,0.0,0.0,287.0,0.0,0.0,66
6,0,33,6,0,0.0,0,0.0,0.0,205.0,0.0,0.0,123
8,1,35,5,1,0.109375,0,0.12499998437500197,0.33071891388307384,103.0,0.0,0.125,142
6,0,41,6,0,0.0,0,0.0,0.0,252.0,0.0,0.0,114
8,1,35,5,1,0.109375,0,0.12499998437500197,0.33071891388307384,105.0,0.0,0.125,146
4,2,47,6,2,0.4375,0,0.49999987500003124,0.6614378277661477,98.33333333333333,0.0,0.25,86
6,0,40,6,0,0.0,0,0.0,0.0,245.0,0.0,0.0,120
5,0,41,6,0,0.0,0,0.0,0.0,251.0,0.0,0.0,129
8,6,32,5,4,1.9375,0,0.7499999062500118,1.3919410907075054,27.857142857142858,0.0,0.75,148
8,0,32,6,0,0.0,0,0.0,0.0,197.0,0.0,0.0,153
5,8,44,4,4,3.0,1,1.0,1.7320508075688772,29.666666666666668,0.0,1.0,133
8,0,34,6,0,0.0,0,0.0,0.0,209.0,0.0,0.0,164
6,1,42,6,1,0.109375,0,0.16666663888889352,0.33071891388307384,128.5,0.0,0.125,138
7,0,37,6,0,0.0,0,0.0,0.0,225.0,0.0,0.0,169
5,5,44,5,4,1.734375,1,0.99999980000004,1.3169567191065923,44.5,0.0,0.625,141
5,6,47,5,3,1.1875,1,1.0,1.0897247358851685,41.714285714285715,0.0,0.75,147
8,0,38,6,0,0.0,0,0.0,0.0,232.0,0.0,0.0,176
5,0,45,6,0,0.0,0,0.0,0.0,282.0,0.0,0.0,151
7,1,39,6,1,0.109375,0,0.1428571224489825,0.33071891388307384,120.5,0.0,0.125,171
7,0,42,6,0,0.0,0,0.0,0.0,256.0,0.0,0.0,167
5,0,47,6,0,0.0,0,0.0,0.0,294.0,0.0,0.0,142
8,0,39,6,0,0.0,0,0.0,0.0,240.0,0.0,0.0,186
4,0,49,6,0,0.0,0,0.0,0.0,306.0,0.0,0.0,144
8,6,46,5,3,1.1875,0,0.7499999062500118,1.0897247358851685,40.57142857142857,0.0,0.75,184
8,1,44,6,1,0.109375,0,0.12499998437500197,0.33071891388307384,134.0,0.0,0.125,181
4,4,51,5,4,1.75,1,0.9999997500000625,1.3228756555322954,63.6,0.125,0.5,152
8,1,45,6,1,0.109375,0,0.12499998437500197,0.33071891388307384,138.0,0.0,0.125,182
7,0,45,6,0,0.0,0,0.0,0.0,279.0,0.0,0.0,189
5,0,52,6,0,0.0,0,0.0,0.0,326.0,0.0,0.0,163
6,0,46,6,0,0.0,0,0.0,0.0,287.0,0.0,0.0,183
6,0,48,6,0,0.0,0,0.0,0.0,299.0,0.0,0.0,175
7,7,47,5,4,1.859375,1,0.9999998571428775,1.3635890143294642,36.625,0.0,0.875,184
8,0,48,6,0,0.0,0,0.0,0.0,298.0,0.0,0.0,184
7,2,48,6,2,0.4375,0,0.285714244897965,0.6614378277661477,99.66666666666667,0.0,0.25,185
4,8,53,5,4,2.0,1,1.0,1.4142135623730951,36.77777777777778,0.125,1.0,172
8,4,50,5,4,1.75,0,0.4999999375000079,1.3228756555322954,62.0,0.0,0.5,192
8,4,52,5,4,1.75,0,0.4999999375000079,1.3228756555322954,64.4,0.0,0.5,192
7,32,0,0,4,0.0,1,1.0,0.0,0.0,0.0,4.0,0
6,25,0,1,4,2.359375,1,1.0,1.5360257159305635,0.0,0.0,3.125,0
5,15,0,3,4,3.609375,1,1.0,1.899835519196333,0.0,0.0,1.875,0
4,19,0,2,4,3.484375,1,1.0,1.8666480653835098,0.0,0.5,2.375,0
8,15,1,3,4,3.609375,1,1.0,1.899835519196333,0.3125,0.0,1.875,0
7,15,2,3,4,3.609375,1,1.0,1.899835519196333,0.8125,0.0,1.875,5
4,2,1,5,2,0.4375,0,0.49999987500003124,0.6614378277661477,2.3333333333333335,0.0,0.25,4
4,4,4,5,2,0.5,1,0.9999997500000625,0.7071067811865476,5.4,0.0,0.5,0
6,8,3,4,4,1.75,1,1.0,1.3228756555322954,2.0,0.0,1.0,15
8,8,2,4,4,1.75,1,0.9999998750000157,1.3228756555322954,1.1111111111111112,0.0,1.0,14
6,9,2,4,4,2.359375,1,1.0,1.5360257159305635,1.1,0.0,1.125,14
7,4,3,5,2,0.5,0,0.57142848979593,0.7071067811865476,4.0,0.0,0.5,21
5,9,7,4,4,2.359375,1,1.0,1.5360257159305635,4.8,0.0,1.125,12
6,5,5,5,3,1.234375,0,0.8333331944444675,1.1110243021644486,5.833333333333333,0.0,0.625,16
6,11,7,4,4,2.734375,1,1.0,1.653594569415369,3.9166666666666665,0.0,1.375,21
5,0,7,5,0,0.0,0,0.0,0.0,51.0,0.0,0.0,10
7,9,6,4,4,2.359375,1,1.0,1.5360257159305635,4.1,0.0,1.125,25
6,4,6,5,2,0.5,0,0.6666665555555741,0.7071067811865476,7.8,0.0,0.5,25
8,0,4,6,0,0.0,0,0.0,0.0,27.0,0.0,0.0,25
8,4,7,5,2,0.5,0,0.4999999375000079,0.7071067811865476,9.0,0.0,0.5,28
8,12,8,3,4,2.5,1,1.0,1.5811388300841898,4.076923076923077,0.0,1.5,25
8,0,6,5,0,0.0,0,0.0,0.0,43.0,0.0,0.0,26
5,0,10,5,0,0.0,0,0.0,0.0,72.0,0.0,0.0,31
8,0,8,5,0,0.0,0,0.0,0.0,56.0,0.0,0.0,28
8,0,9,5,0,0.0,0,0.0,0.0,64.0,0.0,0.0,32
4,0,11,5,0,0.0,0,0.0,0.0,75.0,0.0,0.0,38
6,0,11,5,0,0.0,0,0.0,0.0,77.0,0.0,0.0,40
6,0,12,5,0,0.0,0,0.0,0.0,79.0,0.0,0.0,42
6,0,13,5,0,0.0,0,0.0,0.0,85.0,0.0,0.0,45
5,6,17,4,3,1.6875,1,1.0,1.299038105676658,15.857142857142858,0.0,0.75,50
4,6,14,4,3,1.6875,1,1.0,1.299038105676658,13.0,0.0,0.75,50
5,12,17,3,4,2.5,1,1.0,1.5811388300841898,8.461538461538462,0.0,1.5,49
4,0,16,5,0,0.0,0,0.0,0.0,103.0,0.0,0.0,50
5,0,18,5,0,0.0,0,0.0,0.0,115.0,0.0,0.0,60
8,6,15,4,3,1.6875,0,0.7499999062500118,1.299038105676658,13.571428571428571,0.0,0.75,56
6,0,17,5,0,0.0,0,0.0,0.0,107.0,0.0,0.0,63
4,0,19,4,0,0.0,0,0.0,0.0,112.0,0.0,0.0,49
8,6,16,4,3,1.6875,0,0.7499999062500118,1.299038105676658,14.714285714285714,0.0,0.75,78
5,0,20,5,0,0.0,0,0.0,0.0,126.0,0.0,0.0,62
8,2,20,4,2,0.4375,0,0.24999996875000394,0.6614378277661477,40.0,0.0,0.25,72
8,0,18,5,0,0.0,0,0.0,0.0,113.0,0.0,0.0,76
6,0,19,5,0,0.0,0,0.0,0.0,120.0,0.0,0.0,73
4,16,21,2,4,2.25,1,1.0,1.5,7.176470588235294,0.25,2.0,67
5,11,21,3,4,2.484375,1,1.0,1.5761900266148114,10.916666666666666,0.0,1.375,72
6,0,20,4,0,0.0,0,0.0,0.0,116.0,0.0,0.0,78
6,3,20,4,2,0.484375,0,0.49999991666668053,0.6959705453537527,28.25,0.0,0.375,75
5,3,26,4,2,0.484375,0,0.599999880000024,0.6959705453537527,38.25,0.0,0.375,68
4,0,26,5,0,0.0,0,0.0,0.0,156.0,0.0,0.0,64
6,3,21,4,2,0.484375,0,0.49999991666668053,0.6959705453537527,29.75,0.0,0.375,75
4,8,28,4,4,2.25,1,1.0,1.5,18.444444444444443,0.125,1.0,66
8,3,23,4,2,0.484375,0,0.3749999531250059,0.6959705453537527,32.75,0.0,0.375,82
4,0,30,6,0,0.0,0,0.0,0.0,188.0,0.0,0.0,54
4,0,31,6,0,0.0,0,0.0,0.0,192.0,0.0,0.0,58
6,3,22,4,2,0.484375,0,0.49999991666668053,0.6959705453537527,31.25,0.0,0.375,80
6,3,25,4,2,0.484375,0,0.49999991666668053,0.6959705453537527,36.75,0.0,0.375,86
8,3,24,4,2,0.484375,0,0.3749999531250059,0.6959705453537527,34.75,0.0,0.375,97
8,0,25,5,0,0.0,0,0.0,0.0,148.0,0.0,0.0,92
6,0,24,5,0,0.0,0,0.0,0.0,142.0,0.0,0.0,92
4,1,41,5,1,0.109375,0,0.24999993750001562,0.33071891388307384,131.0,0.0,0.125,50
6,0,27,5,0,0.0,0,0.0,0.0,160.0,0.0,0.0,91
6,8,29,4,4,2.25,1,1.0,1.5,18.88888888888889,0.0,1.0,99
8,2,29,5,2,0.4375,0,0.24999996875000394,0.6614378277661477,56.666666666666664,0.0,0.25,101
5,0,32,6,0,0.0,0,0.0,0.0,196.0,0.0,0.0,91
6,10,30,4,4,1.9375,1,1.0,1.3919410907075054,16.181818181818183,0.0,1.25,102
5,0,34,6,0,0.0,0,0.0,0.0,209.0,0.0,0.0,98
8,2,27,6,2,0.4375,0,0.24999996875000394,0.6614378277661477,55.333333333333336,0.0,0.25,108
7,8,28,5,3,1.25,1,1.0,1.118033988749895,19.333333333333332,0.0,1.0,101
6,0,39,6,0,0.0,0,0.0,0.0,250.0,0.0,0.0,97
5,4,38,5,2,0.75,0,0.799999840000032,0.8660254037844386,47.8,0.0,0.5,103
6,4,37,5,2,0.75,0,0.6666665555555741,0.8660254037844386,46.6,0.0,0.5,99
8,8,29,5,3,1.25,1,0.9999998750000157,1.118033988749895,20.11111111111111,0.0,1.0,118
4,0,43,5,0,0.0,0,0.0,0.0,274.0,0.0,0.0,100
7,5,36,5,2,0.734375,0,0.7142856122449125,0.8569568250501305,37.333333333333336,0.0,0.625,125
8,0,33,6,0,0.0,0,0.0,0.0,201.0,0.0,0.0,131
7,0,29,6,0,0.0,0,0.0,0.0,181.0,0.0,0.0,124
6,9,41,4,4,1.859375,1,1.0,1.3635890143294642,26.4,0.0,1.125,110
4,5,44,4,3,1.234375,1,1.0,1.1110243021644486,46.333333333333336,0.0,0.625,108
7,0,38,6,0,0.0,0,0.0,0.0,243.0,0.0,0.0,131
7,0,36,6,0,0.0,0,0.0,0.0,226.0,0.0,0.0,134
8,0,35,6,0,0.0,0,0.0,0.0,214.0,0.0,0.0,139
6,15,43,3,4,2.109375,1,1.0,1.4523687548277813,17.0625,0.0,1.875,133
6,8,43,4,4,2.0,1,1.0,1.4142135623730951,30.666666666666668,0.0,1.0,138
8,6,36,5,4,1.6875,0,0.7499999062500118,1.299038105676658,31.714285714285715,0.0,0.75,162
4,1,46,5,1,0.109375,0,0.24999993750001562,0.33071891388307384,145.5,0.0,0.125,120
7,1,42,5,1,0.109375,0,0.1428571224489825,0.33071891388307384,133.0,0.0,0.125,147
7,1,44,5,1,0.109375,0,0.1428571224489825,0.33071891388307384,139.0,0.0,0.125,140
6,1,45,5,1,0.109375,0,0.16666663888889352,0.33071891388307384,142.5,0.0,0.125,141
8,0,37,6,0,0.0,0,0.0,0.0,235.0,0.0,0.0,165
8,9,40,4,4,1.859375,1,1.0,1.3635890143294642,25.6,0.0,1.125,165
8,0,42,5,0,0.0,0,0.0,0.0,268.0,0.0,0.0,170
4,1,47,5,1,0.109375,0,0.24999993750001562,0.33071891388307384,147.5,0.0,0.125,161
8,5,42,4,2,0.734375,0,0.6249999218750099,0.8569568250501305,44.166666666666664,0.0,0.625,171
7,1,48,5,1,0.109375,0,0.1428571224489825,0.33071891388307384,149.5,0.0,0.125,166
4,0,53,6,0,0.0,0,0.0,0.0,337.0,0.0,0.0,144
7,9,50,4,4,1.859375,1,1.0,1.3635890143294642,31.2,0.0,1.125,169
6,1,49,5,1,0.109375,0,0.16666663888889352,0.33071891388307384,153.0,0.0,0.125,170
8,0,48,6,0,0.0,0,0.0,0.0,302.0,0.0,0.0,167
7,6,49,5,4,1.9375,0,0.857142734693895,1.3919410907075054,44.285714285714285,0.0,0.75,178
4,0,53,6,0,0.0,0,0.0,0.0,336.0,0.0,0.0,161
7,0,50,6,0,0.0,0,0.0,0.0,317.0,0.0,0.0,183
5,0,51,6,0,0.0,0,0.0,0.0,324.0,0.0,0.0,188
5,0,49,6,0,0.0,0,0.0,0.0,311.0,0.0,0.0,183
5,0,50,6,0,0.0,0,0.0,0.0,316.0,0.0,0.0,184
6,5,52,5,2,0.734375,0,0.8333331944444675,0.8569568250501305,54.833333333333336,0.0,0.625,186
5,1,52,6,1,0.109375,0,0.199999960000008,0.33071891388307384,166.5,0.0,0.125,195
8,1,51,6,1,0.109375,0,0.12499998437500197,0.33071891388307384,162.5,0.0,0.125,195
5,12,53,4,4,2.75,1,1.0,1.6583123951777,26.0,0.0,1.5,199
6,0,52,6,0,0.0,0,0.0,0.0,331.0,0.0,0.0,200
5,0,52,6,0,0.0,0,0.0,0.0,331.0,0.0,0.0,194
5,0,54,6,0,0.0,0,0.0,0.0,340.0,0.0,0.0,201
8,12,0,3,4,3.75,1,1.0,1.9364916731037085,0.0,0.0,1.5,0
4,24,0,1,4,3.0,1,1.0,1.7320508075688772,0.0,0.75,3.0,0
8,32,0,0,4,0.0,1,1.0,0.0,0.0,0.0,4.0,0
8,20,0,2,4,3.75,1,1.0,1.9364916731037085,0.0,0.0,2.5,0
5,4,3,4,4,1.75,0,0.799999840000032,1.3228756555322954,3.8,0.0,0.5,6
8,4,1,4,4,1.75,0,0.4999999375000079,1.3228756555322954,1.2,0.0,0.5,16
5,4,2,4,4,1.75,0,0.799999840000032,1.3228756555322954,2.8,0.0,0.5,6
6,4,0,4,4,1.75,0,0.6666665555555741,1.3228756555322954,0.0,0.0,0.5,9
7,5,3,4,4,1.734375,0,0.7142856122449125,1.3169567191065923,3.3333333333333335,0.0,0.625,20
7,4,4,4,4,1.75,0,0.57142848979593,1.3228756555322954,4.8,0.0,0.5,15
7,1,2,5,1,0.109375,0,0.1428571224489825,0.33071891388307384,6.5,0.0,0.125,13
6,0,3,5,0,0.0,0,0.0,0.0,22.0,0.0,0.0,13
5,1,4,5,1,0.109375,0,0.199999960000008,0.33071891388307384,13.5,0.0,0.125,9
6,1,5,5,1,0.109375,0,0.16666663888889352,0.33071891388307384,16.0,0.0,0.125,19
7,1,3,5,1,0.109375,0,0.1428571224489825,0.33071891388307384,10.0,0.0,0.125,20
4,6,6,4,4,1.6875,1,1.0,1.299038105676658,5.428571428571429,0.125,0.75,23
4,0,7,5,0,0.0,0,0.0,0.0,43.0,0.0,0.0,22
4,0,9,5,0,0.0,0,0.0,0.0,54.0,0.0,0.0,22
6,8,10,4,4,3.0,1,1.0,1.7320508075688772,6.444444444444445,0.0,1.0,30
7,0,6,5,0,0.0,0,0.0,0.0,36.0,0.0,0.0,28
7,0,8,5,0,0.0,0,0.0,0.0,47.0,0.0,0.0,33
4,8,11,4,4,3.0,1,1.0,1.7320508075688772,7.111111111111111,0.25,1.0,33
8,0,9,5,0,0.0,0,0.0,0.0,49.0,0.0,0.0,31
6,0,11,5,0,0.0,0,0.0,0.0,64.0,0.0,0.0,34
7,0,10,5,0,0.0,0,0.0,0.0,57.0,0.0,0.0,39
7,0,12,5,0,0.0,0,0.0,0.0,70.0,0.0,0.0,40
4,7,14,4,4,2.359375,1,1.0,1.5360257159305635,10.25,0.125,0.875,44
6,0,14,5,0,0.0,0,0.0,0.0,79.0,0.0,0.0,47
5,0,13,5,0,0.0,0,0.0,0.0,77.0,0.0,0.0,48
5,0,15,5,0,0.0,0,0.0,0.0,85.0,0.0,0.0,52
6,1,17,5,1,0.109375,0,0.16666663888889352,0.33071891388307384,47.5,0.0,0.125,59
4,6,20,5,4,1.6875,1,1.0,1.299038105676658,16.857142857142858,0.125,0.75,56
6,7,17,4,4,2.359375,1,1.0,1.5360257159305635,11.875,0.0,0.875,54
5,0,16,5,0,0.0,0,0.0,0.0,90.0,0.0,0.0,52
5,8,19,4,4,1.75,1,1.0,1.3228756555322954,12.11111111111111,0.0,1.0,53
5,0,18,6,0,0.0,0,0.0,0.0,106.0,0.0,0.0,56
7,0,19,6,0,0.0,0,0.0,0.0,111.0,0.0,0.0,64
4,0,18,6,0,0.0,0,0.0,0.0,106.0,0.0,0.0,55
5,0,18,6,0,0.0,0,0.0,0.0,106.0,0.0,0.0,53
4,8,19,4,4,1.75,1,1.0,1.3228756555322954,12.333333333333334,0.125,1.0,53
8,1,18,5,1,0.109375,0,0.12499998437500197,0.33071891388307384,50.5,0.0,0.125,83
4,0,19,5,0,0.0,0,0.0,0.0,107.0,0.0,0.0,56
8,6,21,5,4,1.6875,0,0.7499999062500118,1.299038105676658,17.428571428571427,0.0,0.75,81
4,0,20,5,0,0.0,0,0.0,0.0,111.0,0.0,0.0,61
7,0,21,5,0,0.0,0,0.0,0.0,115.0,0.0,0.0,62
4,0,23,5,0,0.0,0,0.0,0.0,126.0,0.0,0.0,69
4,0,22,5,0,0.0,0,0.0,0.0,122.0,0.0,0.0,69
7,0,24,5,0,0.0,0,0.0,0.0,130.0,0.0,0.0,76
4,0,27,5,0,0.0,0,0.0,0.0,150.0,0.0,0.0,78
5,9,33,4,4,1.859375,1,1.0,1.3635890143294642,18.9,0.0,1.125,65
7,6,26,4,4,1.9375,0,0.857142734693895,1.3919410907075054,20.285714285714285,0.0,0.75,79
5,0,25,5,0,0.0,0,0.0,0.0,137.0,0.0,0.0,74
7,6,27,4,4,1.9375,0,0.857142734693895,1.3919410907075054,21.285714285714285,0.0,0.75,88
4,0,31,5,0,0.0,0,0.0,0.0,173.0,0.0,0.0,69
4,3,33,5,2,0.484375,0,0.7499998125000469,0.6959705453537527,47.0,0.0,0.375,69
7,0,28,5,0,0.0,0,0.0,0.0,153.0,0.0,0.0,91
7,0,28,5,0,0.0,0,0.0,0.0,154.0,0.0,0.0,91
7,0,29,5,0,0.0,0,0.0,0.0,160.0,0.0,0.0,95
4,3,34,5,2,0.484375,0,0.7499998125000469,0.6959705453537527,48.0,0.0,0.375,71
6,0,29,5,0,0.0,0,0.0,0.0,161.0,0.0,0.0,96
6,0,31,5,0,0.0,0,0.0,0.0,173.0,0.0,0.0,101
8,0,32,5,0,0.0,0,0.0,0.0,179.0,0.0,0.0,100
4,3,35,5,2,0.484375,0,0.7499998125000469,0.6959705453537527,49.0,0.0,0.375,96
6,0,30,5,0,0.0,0,0.0,0.0,167.0,0.0,0.0,101
7,8,33,4,4,1.75,1,1.0,1.3228756555322954,20.77777777777778,0.0,1.0,107
7,1,35,6,1,0.109375,0,0.1428571224489825,0.33071891388307384,97.0,0.0,0.125,101
5,0,34,6,0,0.0,0,0.0,0.0,190.0,0.0,0.0,101
5,0,35,6,0,0.0,0,0.0,0.0,195.0,0.0,0.0,103
6,1,36,6,1,0.109375,0,0.16666663888889352,0.33071891388307384,100.5,0.0,0.125,108
4,1,38,6,1,0.109375,0,0.24999993750001562,0.33071891388307384,105.5,0.0,0.125,110
4,1,37,6,1,0.109375,0,0.24999993750001562,0.33071891388307384,103.5,0.0,0.125,111
8,0,39,6,0,0.0,0,0.0,0.0,216.0,0.0,0.0,116
4,1,41,6,1,0.109375,0,0.24999993750001562,0.33071891388307384,118.5,0.0,0.125,106
6,5,39,5,3,0.984375,0,0.8333331944444675,0.9921567416492215,35.833333333333336,0.0,0.625,114
4,0,43,6,0,0.0,0,0.0,0.0,247.0,0.0,0.0,111
5,6,41,5,4,1.9375,1,1.0,1.3919410907075054,33.142857142857146,0.0,0.75,117
5,7,42,5,4,1.859375,1,1.0,1.3635890143294642,30.125,0.0,0.875,111
4,2,43,6,2,0.4375,0,0.49999987500003124,0.6614378277661477,82.0,0.0,0.25,116
8,6,40,5,4,1.9375,0,0.7499999062500118,1.3919410907075054,32.0,0.0,0.75,127
4,6,43,5,4,1.9375,1,1.0,1.3919410907075054,35.285714285714285,0.125,0.75,117
4,3,43,6,2,0.484375,0,0.7499998125000469,0.6959705453537527,61.5,0.0,0.375,119
4,6,43,5,4,1.6875,1,1.0,1.299038105676658,35.142857142857146,0.125,0.75,120
8,0,41,6,0,0.0,0,0.0,0.0,231.0,0.0,0.0,151
7,0,42,6,0,0.0,0,0.0,0.0,239.0,0.0,0.0,139
4,1,40,6,1,0.109375,0,0.24999993750001562,0.33071891388307384,115.5,0.0,0.125,114
8,0,42,6,0,0.0,0,0.0,0.0,239.0,0.0,0.0,143
8,16,42,3,4,2.75,1,1.0,1.6583123951777,14.0,0.0,2.0,135
4,1,42,6,1,0.109375,0,0.24999993750001562,0.33071891388307384,121.0,0.0,0.125,119
5,1,43,6,1,0.109375,0,0.199999960000008,0.33071891388307384,123.0,0.0,0.125,135
8,1,41,5,1,0.109375,0,0.12499998437500197,0.33071891388307384,115.5,0.0,0.125,132
4,1,46,6,1,0.109375,0,0.24999993750001562,0.33071891388307384,132.5,0.0,0.125,127
7,1,41,6,1,0.109375,0,0.1428571224489825,0.33071891388307384,117.5,0.0,0.125,134
4,1,44,6,1,0.109375,0,0.24999993750001562,0.33071891388307384,126.5,0.0,0.125,123
4,5,48,5,3,1.234375,1,1.0,1.1110243021644486,45.833333333333336,0.0,0.625,134
7,12,48,4,4,3.0,1,1.0,1.7320508075688772,21.0,0.0,1.5,138
4,12,47,4,4,3.0,1,1.0,1.7320508075688772,20.692307692307693,0.25,1.5,131
6,1,44,6,1,0.109375,0,0.16666663888889352,0.33071891388307384,125.5,0.0,0.125,145
6,12,49,4,4,3.0,1,1.0,1.7320508075688772,21.53846153846154,0.0,1.5,139
4,7,51,5,4,2.359375,1,1.0,1.5360257159305635,36.25,0.125,0.875,145
4,0,47,6,0,0.0,0,0.0,0.0,270.0,0.0,0.0,136
8,0,44,6,0,0.0,0,0.0,0.0,252.0,0.0,0.0,159
4,0,52,6,0,0.0,0,0.0,0.0,295.0,0.0,0.0,145
8,1,45,6,1,0.109375,0,0.12499998437500197,0.33071891388307384,128.5,0.0,0.125,160
5,0,48,6,0,0.0,0,0.0,0.0,274.0,0.0,0.0,160
6,0,49,6,0,0.0,0,0.0,0.0,279.0,0.0,0.0,159
5,0,50,6,0,0.0,0,0.0,0.0,285.0,0.0,0.0,164
7,8,53,5,4,2.25,1,1.0,1.5,33.333333333333336,0.0,1.0,170
7,0,50,6,0,0.0,0,0.0,0.0,283.0,0.0,0.0,168
5,8,52,5,4,2.25,1,1.0,1.5,32.77777777777778,0.0,1.0,169
5,0,51,6,0,0.0,0,0.0,0.0,290.0,0.0,0.0,172
7,16,0,3,4,4.0,1,1.0,2.0,0.0,0.0,2.0,0
7,32,0,0,4,0.0,1,1.0,0.0,0.0,0.0,4.0,0
5,9,0,4,4,2.859375,1,1.0,1.6909686573085854,0.0,0.0,1.125,0
4,25,0,1,4,2.359375,1,1.0,1.5360257159305635,0.0,0.75,3.125,0
5,25,1,1,4,2.359375,1,1.0,1.5360257159305635,0.15384615384615385,0.0,3.125,0
4,4,3,5,4,1.75,1,0.9999997500000625,1.3228756555322954,4.0,0.125,0.5,0
7,4,0,5,4,1.75,0,0.57142848979593,1.3228756555322954,0.0,0.0,0.5,9
5,4,1,5,4,1.75,0,0.799999840000032,1.3228756555322954,1.4,0.0,0.5,8
8,4,2,5,4,1.75,0,0.4999999375000079,1.3228756555322954,2.4,0.0,0.5,11
7,3,2,5,3,0.984375,0,0.4285713673469475,0.9921567416492215,3.25,0.0,0.375,17
8,7,1,5,4,1.859375,0,0.8749998906250137,1.3635890143294642,1.0,0.0,0.875,9
4,6,2,4,4,1.9375,1,1.0,1.3919410907075054,2.142857142857143,0.125,0.75,0
5,3,1,5,3,0.984375,0,0.599999880000024,0.9921567416492215,2.0,0.0,0.375,7
8,3,3,5,3,0.984375,0,0.3749999531250059,0.9921567416492215,5.0,0.0,0.375,21
5,2,2,5,2,0.4375,0,0.399999920000016,0.6614378277661477,5.0,0.0,0.25,19
6,2,4,5,2,0.4375,0,0.33333327777778704,0.6614378277661477,9.333333333333334,0.0,0.25,17
8,2,3,5,2,0.4375,0,0.24999996875000394,0.6614378277661477,6.666666666666667,0.0,0.25,16
5,0,6,5,0,0.0,0,0.0,0.0,42.0,0.0,0.0,12
8,2,5,5,2,0.4375,0,0.24999996875000394,0.6614378277661477,11.333333333333334,0.0,0.25,17
6,0,7,5,0,0.0,0,0.0,0.0,47.0,0.0,0.0,26
5,0,8,5,0,0.0,0,0.0,0.0,51.0,0.0,0.0,19
7,0,5,5,0,0.0,0,0.0,0.0,35.0,0.0,0.0,31
8,0,9,5,0,0.0,0,0.0,0.0,56.0,0.0,0.0,30
4,0,10,5,0,0.0,0,0.0,0.0,64.0,0.0,0.0,30
5,0,11,5,0,0.0,0,0.0,0.0,68.0,0.0,0.0,31
6,0,8,5,0,0.0,0,0.0,0.0,53.0,0.0,0.0,34
5,1,12,5,1,0.109375,0,0.199999960000008,0.33071891388307384,39.0,0.0,0.125,19
5,7,12,4,4,1.859375,1,1.0,1.3635890143294642,9.125,0.0,0.875,41
4,2,15,5,2,0.4375,0,0.49999987500003124,0.6614378277661477,32.666666666666664,0.0,0.25,9
7,8,9,4,3,1.5,1,1.0,1.224744871391589,6.0,0.0,1.0,38
5,6,14,4,4,1.6875,1,1.0,1.299038105676658,12.857142857142858,0.0,0.75,18
6,0,10,5,0,0.0,0,0.0,0.0,61.0,0.0,0.0,39
8,0,9,5,0,0.0,0,0.0,0.0,53.0,0.0,0.0,47
4,2,16,5,2,0.4375,0,0.49999987500003124,0.6614378277661477,34.0,0.0,0.25,22
8,0,11,5,0,0.0,0,0.0,0.0,67.0,0.0,0.0,50
6,2,13,5,2,0.4375,0,0.33333327777778704,0.6614378277661477,28.0,0.0,0.25,32
6,2,14,5,2,0.4375,0,0.33333327777778704,0.6614378277661477,30.666666666666668,0.0,0.25,38
5,5,19,5,4,1.734375,1,0.99999980000004,1.3169567191065923,21.0,0.0,0.625,32
7,0,13,5,0,0.0,0,0.0,0.0,82.0,0.0,0.0,64
6,2,19,5,2,0.4375,0,0.33333327777778704,0.6614378277661477,40.333333333333336,0.0,0.25,45
7,0,12,5,0,0.0,0,0.0,0.0,75.0,0.0,0.0,60
7,1,13,5,1,0.109375,0,0.1428571224489825,0.33071891388307384,41.5,0.0,0.125,67
7,0,13,5,0,0.0,0,0.0,0.0,84.0,0.0,0.0,64
5,0,20,6,0,0.0,0,0.0,0.0,133.0,0.0,0.0,45
6,12,19,4,3,1.75,1,1.0,1.3228756555322954,9.615384615384615,0.0,1.5,50
7,0,14,5,0,0.0,0,0.0,0.0,89.0,0.0,0.0,68
4,0,22,6,0,0.0,0,0.0,0.0,144.0,0.0,0.0,62
7,2,20,5,2,0.4375,0,0.285714244897965,0.6614378277661477,42.333333333333336,0.0,0.25,72
7,2,13,5,2,0.4375,0,0.285714244897965,0.6614378277661477,28.333333333333332,0.0,0.25,73
7,2,17,5,2,0.4375,0,0.285714244897965,0.6614378277661477,35.333333333333336,0.0,0.25,72
7,0,19,6,0,0.0,0,0.0,0.0,126.0,0.0,0.0,82
7,5,18,5,4,1.734375,0,0.7142856122449125,1.3169567191065923,19.833333333333332,0.0,0.625,76
4,6,24,5,4,1.6875,1,1.0,1.299038105676658,22.142857142857142,0.125,0.75,72
7,0,23,6,0,0.0,0,0.0,0.0,148.0,0.0,0.0,91
6,0,21,6,0,0.0,0,0.0,0.0,138.0,0.0,0.0,84
8,2,18,5,2,0.4375,0,0.24999996875000394,0.6614378277661477,37.666666666666664,0.0,0.25,97
6,6,25,5,4,1.6875,1,0.9999998333333611,1.299038105676658,22.714285714285715,0.0,0.75,92
5,2,26,5,2,0.4375,0,0.399999920000016,0.6614378277661477,56.0,0.0,0.25,86
8,0,26,6,0,0.0,0,0.0,0.0,165.0,0.0,0.0,102
7,0,27,6,0,0.0,0,0.0,0.0,173.0,0.0,0.0,98
6,0,25,6,0,0.0,0,0.0,0.0,159.0,0.0,0.0,99
4,2,28,5,2,0.4375,0,0.49999987500003124,0.6614378277661477,60.333333333333336,0.0,0.25,100
7,2,29,5,2,0.4375,0,0.285714244897965,0.6614378277661477,61.666666666666664,0.0,0.25,101
8,2,27,5,2,0.4375,0,0.24999996875000394,0.6614378277661477,57.666666666666664,0.0,0.25,109
4,2,30,5,2,0.4375,0,0.49999987500003124,0.6614378277661477,64.0,0.0,0.25,111
4,0,31,5,0,0.0,0,0.0,0.0,195.0,0.0,0.0,114
7,0,32,5,0,0.0,0,0.0,0.0,199.0,0.0,0.0,110
4,0,33,5,0,0.0,0,0.0,0.0,206.0,0.0,0.0,108
4,1,35,5,1,0.109375,0,0.24999993750001562,0.33071891388307384,107.5,0.0,0.125,110
7,0,30,5,0,0.0,0,0.0,0.0,188.0,0.0,0.0,114
6,14,31,3,4,2.6875,1,1.0,1.6393596310755,13.066666666666666,0.0,1.75,115
4,0,35,5,0,0.0,0,0.0,0.0,214.0,0.0,0.0,112
6,0,33,5,0,0.0,0,0.0,0.0,206.0,0.0,0.0,125
7,8,35,4,4,1.75,1,1.0,1.3228756555322954,23.88888888888889,0.0,1.0,126
5,8,34,4,4,1.75,1,1.0,1.3228756555322954,23.333333333333332,0.0,1.0,124
7,0,36,5,0,0.0,0,0.0,0.0,218.0,0.0,0.0,122
4,0,37,5,0,0.0,0,0.0,0.0,227.0,0.0,0.0,113
8,13,38,3,4,1.734375,1,1.0,1.3169567191065923,16.571428571428573,0.0,1.625,133
7,8,37,4,4,3.0,1,1.0,1.7320508075688772,25.0,0.0,1.0,130
4,0,40,5,0,0.0,0,0.0,0.0,245.0,0.0,0.0,134
7,1,37,5,1,0.109375,0,0.1428571224489825,0.33071891388307384,112.5,0.0,0.125,131
8,0,38,5,0,0.0,0,0.0,0.0,231.0,0.0,0.0,142
6,0,39,5,0,0.0,0,0.0,0.0,239.0,0.0,0.0,129
8,0,41,5,0,0.0,0,0.0,0.0,249.0,0.0,0.0,146
6,7,41,4,4,2.359375,1,1.0,1.5360257159305635,31.5,0.0,0.875,139
4,0,46,5,0,0.0,0,0.0,0.0,277.0,0.0,0.0,129
4,0,41,5,0,0.0,0,0.0,0.0,248.0,0.0,0.0,140
6,0,40,5,0,0.0,0,0.0,0.0,242.0,0.0,0.0,143
4,0,40,5,0,0.0,0,0.0,0.0,245.0,0.0,0.0,139
5,0,42,5,0,0.0,0,0.0,0.0,252.0,0.0,0.0,147
4,0,49,5,0,0.0,0,0.0,0.0,295.0,0.0,0.0,144
5,7,43,4,4,2.359375,1,1.0,1.5360257159305635,32.125,0.0,0.875,149
7,7,44,4,4,2.359375,1,0.9999998571428775,1.5360257159305635,32.75,0.0,0.875,149
5,7,44,4,3,1.109375,1,1.0,1.0532687216470449,33.125,0.0,0.875,145
6,0,44,5,0,0.0,0,0.0,0.0,263.0,0.0,0.0,145
5,0,52,5,0,0.0,0,0.0,0.0,313.0,0.0,0.0,151
6,0,48,5,0,0.0,0,0.0,0.0,289.0,0.0,0.0,168
6,0,51,5,0,0.0,0,0.0,0.0,307.0,0.0,0.0,165
7,0,44,5,0,0.0,0,0.0,0.0,262.0,0.0,0.0,165
7,0,45,5,0,0.0,0,0.0,0.0,269.0,0.0,0.0,165
5,0,53,5,0,0.0,0,0.0,0.0,318.0,0.0,0.0,164
8,0,47,5,0,0.0,0,0.0,0.0,281.0,0.0,0.0,181
5,0,54,5,0,0.0,0,0.0,0.0,323.0,0.0,0.0,170
8,0,45,5,0,0.0,0,0.0,0.0,269.0,0.0,0.0,180
6,7,55,4,4,1.859375,1,1.0,1.3635890143294642,41.0,0.0,0.875,172
8,0,50,5,0,0.0,0,0.0,0.0,299.0,0.0,0.0,192
6,0,56,5,0,0.0,0,0.0,0.0,337.0,0.0,0.0,190
7,0,54,5,0,0.0,0,0.0,0.0,323.0,0.0,0.0,184
7,0,55,5,0,0.0,0,0.0,0.0,330.0,0.0,0.0,190
7,0,56,5,0,0.0,0,0.0,0.0,336.0,0.0,0.0,188
5,32,1,0,4,0.0,1,1.0,0.0,0.21212121212121213,0.0,4.0,0
8,20,0,2,4,3.75,1,1.0,1.9364916731037085,0.0,0.0,2.5,0
7,32,0,0,4,0.0,1,1.0,0.0,0.0,0.0,4.0,0
7,12,0,3,4,3.75,1,1.0,1.9364916731037085,0.0,0.0,1.5,0
6,5,1,4,4,1.734375,0,0.8333331944444675,1.3169567191065923,1.3333333333333333,0.0,0.625,8
7,5,2,4,4,1.734375,0,0.7142856122449125,1.3169567191065923,2.3333333333333335,0.0,0.625,9
4,5,3,4,4,1.734375,1,1.0,1.3169567191065923,3.5,0.125,0.625,0
8,12,1,3,4,3.75,1,1.0,1.9364916731037085,0.5384615384615384,0.0,1.5,14
4,1,4,5,1,0.109375,0,0.24999993750001562,0.33071891388307384,14.5,0.0,0.125,6
4,0,4,5,0,0.0,0,0.0,0.0,27.0,0.0,0.0,17
4,1,14,5,1,0.109375,0,0.24999993750001562,0.33071891388307384,44.0,0.0,0.125,2
5,8,5,4,4,3.0,1,1.0,1.7320508075688772,3.4444444444444446,0.0,1.0,18
8,1,3,5,1,0.109375,0,0.12499998437500197,0.33071891388307384,10.5,0.0,0.125,14
6,3,7,5,3,0.984375,0,0.49999991666668053,0.9921567416492215,11.5,0.0,0.375,23
5,0,4,5,0,0.0,0,0.0,0.0,21.0,0.0,0.0,18
4,4,17,5,3,1.0,1,0.9999997500000625,1.0,21.8,0.0,0.5,0
8,7,6,4,4,2.359375,0,0.8749998906250137,1.5360257159305635,4.25,0.0,0.875,31
5,3,9,5,3,0.984375,0,0.599999880000024,0.9921567416492215,14.25,0.0,0.375,34
8,0,5,5,0,0.0,0,0.0,0.0,26.0,0.0,0.0,31
5,3,8,5,3,0.984375,0,0.599999880000024,0.9921567416492215,13.0,0.0,0.375,34
6,3,12,5,3,0.984375,0,0.49999991666668053,0.9921567416492215,19.0,0.0,0.375,33
8,3,6,5,3,0.984375,0,0.3749999531250059,0.9921567416492215,9.5,0.0,0.375,43
6,1,12,5,1,0.109375,0,0.16666663888889352,0.33071891388307384,37.0,0.0,0.125,47
5,4,16,5,3,1.0,0,0.799999840000032,1.0,20.8,0.0,0.5,36
7,3,10,5,3,0.984375,0,0.4285713673469475,0.9921567416492215,15.5,0.0,0.375,49
7,3,11,5,3,0.984375,0,0.4285713673469475,0.9921567416492215,17.25,0.0,0.375,56
6,1,17,5,1,0.109375,0,0.16666663888889352,0.33071891388307384,53.0,0.0,0.125,46
5,2,15,6,2,0.4375,0,0.399999920000016,0.6614378277661477,33.0,0.0,0.25,48
7,1,15,5,1,0.109375,0,0.1428571224489825,0.33071891388307384,46.0,0.0,0.125,60
7,1,16,5,1,0.109375,0,0.1428571224489825,0.33071891388307384,49.5,0.0,0.125,64
4,9,16,4,4,2.109375,1,1.0,1.4523687548277813,10.6,0.125,1.125,44
8,1,13,5,1,0.109375,0,0.12499998437500197,0.33071891388307384,40.0,0.0,0.125,65
5,1,16,5,1,0.109375,0,0.199999960000008,0.33071891388307384,51.0,0.0,0.125,57
8,0,15,6,0,0.0,0,0.0,0.0,98.0,0.0,0.0,64
4,1,18,5,1,0.109375,0,0.24999993750001562,0.33071891388307384,57.5,0.0,0.125,60
7,6,17,4,4,1.6875,0,0.857142734693895,1.299038105676658,15.571428571428571,0.0,0.75,57
8,0,16,6,0,0.0,0,0.0,0.0,106.0,0.0,0.0,71
8,1,17,5,1,0.109375,0,0.12499998437500197,0.33071891388307384,53.5,0.0,0.125,71
5,0,20,5,0,0.0,0,0.0,0.0,134.0,0.0,0.0,56
4,5,21,4,3,1.234375,1,1.0,1.1110243021644486,23.166666666666668,0.0,0.625,56
7,0,21,5,0,0.0,0,0.0,0.0,138.0,0.0,0.0,58
8,0,18,5,0,0.0,0,0.0,0.0,118.0,0.0,0.0,87
8,0,17,5,0,0.0,0,0.0,0.0,110.0,0.0,0.0,84
8,8,19,4,4,2.25,1,0.9999998750000157,1.5,14.0,0.0,1.0,87
4,0,22,5,0,0.0,0,0.0,0.0,145.0,0.0,0.0,79
4,0,25,5,0,0.0,0,0.0,0.0,161.0,0.0,0.0,78
7,0,24,5,0,0.0,0,0.0,0.0,154.0,0.0,0.0,91
4,1,28,5,1,0.109375,0,0.24999993750001562,0.33071891388307384,88.5,0.0,0.125,74
4,5,29,4,3,1.234375,1,1.0,1.1110243021644486,30.0,0.0,0.625,74
8,8,20,4,4,2.25,1,0.9999998750000157,1.5,14.88888888888889,0.0,1.0,97
4,0,29,5,0,0.0,0,0.0,0.0,179.0,0.0,0.0,78
5,0,23,5,0,0.0,0,0.0,0.0,149.0,0.0,0.0,90
6,8,26,4,4,2.25,1,1.0,1.5,18.333333333333332,0.0,1.0,100
7,0,24,5,0,0.0,0,0.0,0.0,152.0,0.0,0.0,107
5,0,30,5,0,0.0,0,0.0,0.0,183.0,0.0,0.0,85
4,8,30,4,4,2.25,1,1.0,1.5,20.333333333333332,0.125,1.0,86
5,1,32,5,1,0.109375,0,0.199999960000008,0.33071891388307384,97.0,0.0,0.125,80
4,8,32,4,4,1.5,1,1.0,1.224744871391589,21.555555555555557,0.125,1.0,77
6,1,25,5,1,0.109375,0,0.16666663888889352,0.33071891388307384,79.0,0.0,0.125,111
6,1,24,5,1,0.109375,0,0.16666663888889352,0.33071891388307384,76.0,0.0,0.125,104
4,8,33,4,4,3.0,1,1.0,1.7320508075688772,22.0,0.25,1.0,83
7,1,26,5,1,0.109375,0,0.1428571224489825,0.33071891388307384,82.0,0.0,0.125,111
4,3,32,5,3,0.984375,0,0.7499998125000469,0.9921567416492215,48.25,0.0,0.375,83
4,0,35,5,0,0.0,0,0.0,0.0,208.0,0.0,0.0,84
6,1,27,5,1,0.109375,0,0.16666663888889352,0.33071891388307384,85.5,0.0,0.125,120
5,0,38,5,0,0.0,0,0.0,0.0,227.0,0.0,0.0,82
5,0,41,5,0,0.0,0,0.0,0.0,244.0,0.0,0.0,90
6,7,29,4,4,1.609375,1,1.0,1.2686114456365274,22.625,0.0,0.875,123
7,14,31,3,4,3.4375,1,1.0,1.8540496217739157,12.533333333333333,0.0,1.75,124
4,0,40,5,0,0.0,0,0.0,0.0,240.0,0.0,0.0,83
4,0,43,5,0,0.0,0,0.0,0.0,254.0,0.0,0.0,79
6,0,34,5,0,0.0,0,0.0,0.0,202.0,0.0,0.0,104
5,0,42,5,0,0.0,0,0.0,0.0,249.0,0.0,0.0,96
6,0,33,5,0,0.0,0,0.0,0.0,195.0,0.0,0.0,107
7,1,30,5,1,0.109375,0,0.1428571224489825,0.33071891388307384,90.0,0.0,0.125,143
7,0,32,5,0,0.0,0,0.0,0.0,190.0,0.0,0.0,130
7,1,31,5,1,0.109375,0,0.1428571224489825,0.33071891388307384,93.5,0.0,0.125,139
7,0,32,5,0,0.0,0,0.0,0.0,188.0,0.0,0.0,121
4,0,44,5,0,0.0,0,0.0,0.0,258.0,0.0,0.0,108
6,0,35,5,0,0.0,0,0.0,0.0,208.0,0.0,0.0,123
7,0,34,5,0,0.0,0,0.0,0.0,201.0,0.0,0.0,130
8,7,33,4,4,2.359375,0,0.8749998906250137,1.5360257159305635,24.625,0.0,0.875,138
7,0,36,5,0,0.0,0,0.0,0.0,214.0,0.0,0.0,131
6,0,37,5,0,0.0,0,0.0,0.0,221.0,0.0,0.0,133
4,0,46,5,0,0.0,0,0.0,0.0,267.0,0.0,0.0,120
5,0,45,5,0,0.0,0,0.0,0.0,262.0,0.0,0.0,129
8,0,39,5,0,0.0,0,0.0,0.0,232.0,0.0,0.0,141
8,0,33,5,0,0.0,0,0.0,0.0,194.0,0.0,0.0,157
7,8,49,4,4,3.0,1,1.0,1.7320508075688772,31.444444444444443,0.0,1.0,142
4,8,50,4,4,3.0,1,1.0,1.7320508075688772,32.22222222222222,0.25,1.0,144
4,0,46,5,0,0.0,0,0.0,0.0,263.0,0.0,0.0,142
8,0,47,5,0,0.0,0,0.0,0.0,267.0,0.0,0.0,150
8,0,48,5,0,0.0,0,0.0,0.0,275.0,0.0,0.0,157
5,0,51,5,0,0.0,0,0.0,0.0,300.0,0.0,0.0,160
8,0,50,5,0,0.0,0,0.0,0.0,286.0,0.0,0.0,155
7,0,48,5,0,0.0,0,0.0,0.0,278.0,0.0,0.0,161
4,0,52,5,0,0.0,0,0.0,0.0,305.0,0.0,0.0,148
8,0,49,5,0,0.0,0,0.0,0.0,285.0,0.0,0.0,163
8,8,53,4,4,3.0,1,0.9999998750000157,1.7320508075688772,34.333333333333336,0.0,1.0,168
7,0,50,5,0,0.0,0,0.0,0.0,293.0,0.0,0.0,174
5,8,54,4,4,3.0,1,1.0,1.7320508075688772,35.111111111111114,0.0,1.0,165
6,11,55,4,4,2.484375,1,1.0,1.5761900266148114,26.75,0.0,1.375,180
7,8,53,4,4,3.0,1,1.0,1.7320508075688772,34.333333333333336,0.0,1.0,181
5,0,53,6,0,0.0,0,0.0,0.0,312.0,0.0,0.0,180
5,3,54,5,3,0.984375,0,0.599999880000024,0.9921567416492215,79.0,0.0,0.375,180
7,0,54,6,0,0.0,0,0.0,0.0,317.0,0.0,0.0,180
6,0,55,6,0,0.0,0,0.0,0.0,328.0,0.0,0.0,190
8,4,55,5,4,1.75,0,0.4999999375000079,1.3228756555322954,64.8,0.0,0.5,187
5,0,56,6,0,0.0,0,0.0,0.0,334.0,0.0,0.0,195
8,0,57,6,0,0.0,0,0.0,0.0,339.0,0.0,0.0,196
6,32,1,0,4,0.0,1,1.0,0.0,0.12121212121212122,0.0,4.0,0
4,32,0,0,4,0.0,1,1.0,0.0,0.0,1.0,4.0,0
4,9,0,4,4,2.859375,1,1.0,1.6909686573085854,0.0,0.25,1.125,0
5,5,3,5,4,1.734375,1,0.99999980000004,1.3169567191065923,3.5,0.0,0.625,0
8,22,0,2,4,2.9375,1,1.0,1.713913650100261,0.0,0.0,2.75,0
5,14,0,3,4,3.4375,1,1.0,1.8540496217739157,0.0,0.0,1.75,0
4,0,6,6,0,0.0,0,0.0,0.0,42.0,0.0,0.0,4
6,1,8,5,1,0.109375,0,0.16666663888889352,0.33071891388307384,28.5,0.0,0.125,2
6,5,2,5,4,1.734375,0,0.8333331944444675,1.3169567191065923,2.5,0.0,0.625,5
5,0,3,6,0,0.0,0,0.0,0.0,21.0,0.0,0.0,16
7,5,1,5,4,1.734375,0,0.7142856122449125,1.3169567191065923,1.3333333333333333,0.0,0.625,19
8,9,1,4,4,2.859375,1,1.0,1.6909686573085854,0.4,0.0,1.125,18
5,0,8,5,0,0.0,0,0.0,0.0,60.0,0.0,0.0,9
7,6,7,5,4,1.9375,0,0.857142734693895,1.3919410907075054,6.571428571428571,0.0,0.75,26
4,0,9,5,0,0.0,0,0.0,0.0,65.0,0.0,0.0,18
8,0,4,6,0,0.0,0,0.0,0.0,26.0,0.0,0.0,34
8,0,5,6,0,0.0,0,0.0,0.0,34.0,0.0,0.0,36
5,0,12,5,0,0.0,0,0.0,0.0,80.0,0.0,0.0,33
7,4,7,5,3,1.0,0,0.57142848979593,1.0,10.0,0.0,0.5,46
5,0,11,5,0,0.0,0,0.0,0.0,75.0,0.0,0.0,27
8,9,8,4,4,2.859375,1,1.0,1.6909686573085854,5.7,0.0,1.125,47
7,0,7,6,0,0.0,0,0.0,0.0,47.0,0.0,0.0,50
8,18,9,2,4,2.6875,1,1.0,1.6393596310755,3.3157894736842106,0.0,2.25,51
4,0,15,5,0,0.0,0,0.0,0.0,100.0,0.0,0.0,42
7,18,10,2,4,2.6875,1,1.0,1.6393596310755,3.736842105263158,0.0,2.25,59
4,8,18,4,4,1.75,1,1.0,1.3228756555322954,13.555555555555555,0.125,1.0,34
7,1,15,5,1,0.109375,0,0.1428571224489825,0.33071891388307384,49.5,0.0,0.125,59
6,0,10,5,0,0.0,0,0.0,0.0,69.0,0.0,0.0,62
8,0,13,5,0,0.0,0,0.0,0.0,85.0,0.0,0.0,63
4,8,19,4,4,2.25,1,1.0,1.5,14.0,0.125,1.0,55
7,0,14,5,0,0.0,0,0.0,0.0,93.0,0.0,0.0,63
7,0,15,5,0,0.0,0,0.0,0.0,99.0,0.0,0.0,67
6,5,17,4,3,1.234375,0,0.8333331944444675,1.1110243021644486,19.0,0.0,0.625,63
6,5,18,4,3,1.234375,0,0.8333331944444675,1.1110243021644486,20.0,0.0,0.625,77
8,0,16,5,0,0.0,0,0.0,0.0,106.0,0.0,0.0,74
4,0,21,5,0,0.0,0,0.0,0.0,137.0,0.0,0.0,72
8,0,18,5,0,0.0,0,0.0,0.0,118.0,0.0,0.0,84
8,8,20,4,4,2.25,1,0.9999998750000157,1.5,14.444444444444445,0.0,1.0,86
5,0,22,5,0,0.0,0,0.0,0.0,141.0,0.0,0.0,82
4,0,25,5,0,0.0,0,0.0,0.0,165.0,0.0,0.0,82
7,0,20,5,0,0.0,0,0.0,0.0,130.0,0.0,0.0,84
8,5,24,4,3,1.234375,0,0.6249999218750099,1.1110243021644486,25.666666666666668,0.0,0.625,93
8,0,23,5,0,0.0,0,0.0,0.0,146.0,0.0,0.0,92
8,0,24,5,0,0.0,0,0.0,0.0,157.0,0.0,0.0,95
7,0,26,5,0,0.0,0,0.0,0.0,169.0,0.0,0.0,97
5,0,26,5,0,0.0,0,0.0,0.0,166.0,0.0,0.0,94
4,0,27,5,0,0.0,0,0.0,0.0,176.0,0.0,0.0,102
6,0,28,5,0,0.0,0,0.0,0.0,180.0,0.0,0.0,106
4,0,29,5,0,0.0,0,0.0,0.0,181.0,0.0,0.0,109
7,0,26,5,0,0.0,0,0.0,0.0,167.0,0.0,0.0,109
4,0,28,5,0,0.0,0,0.0,0.0,177.0,0.0,0.0,108
6,0,27,5,0,0.0,0,0.0,0.0,171.0,0.0,0.0,109
4,5,31,4,2,0.734375,1,1.0,0.8569568250501305,31.833333333333332,0.0,0.625,112
6,0,30,5,0,0.0,0,0.0,0.0,185.0,0.0,0.0,119
4,0,35,5,0,0.0,0,0.0,0.0,216.0,0.0,0.0,95
5,9,34,4,4,2.359375,1,1.0,1.5360257159305635,21.7,0.0,1.125,108
7,5,32,4,2,0.734375,0,0.7142856122449125,0.8569568250501305,32.5,0.0,0.625,119
5,2,34,5,2,0.4375,0,0.399999920000016,0.6614378277661477,71.66666666666667,0.0,0.25,113
5,11,36,4,4,2.234375,1,1.0,1.4947825928876748,18.833333333333332,0.0,1.375,111
4,0,38,5,0,0.0,0,0.0,0.0,231.0,0.0,0.0,108
5,0,37,5,0,0.0,0,0.0,0.0,226.0,0.0,0.0,109
6,3,34,5,2,0.484375,0,0.49999991666668053,0.6959705453537527,53.5,0.0,0.375,115
4,4,40,4,2,0.75,1,0.9999997500000625,0.8660254037844386,48.6,0.0,0.5,111
7,5,33,4,2,0.734375,0,0.7142856122449125,0.8569568250501305,33.666666666666664,0.0,0.625,139
6,3,35,5,2,0.484375,0,0.49999991666668053,0.6959705453537527,55.0,0.0,0.375,128
4,4,41,4,2,0.75,1,0.9999997500000625,0.8660254037844386,49.4,0.0,0.5,120
6,0,36,5,0,0.0,0,0.0,0.0,220.0,0.0,0.0,134
6,0,41,5,0,0.0,0,0.0,0.0,247.0,0.0,0.0,135
4,0,42,5,0,0.0,0,0.0,0.0,253.0,0.0,0.0,124
4,4,46,4,2,0.75,1,0.9999997500000625,0.8660254037844386,54.4,0.0,0.5,112
7,7,36,4,3,1.359375,1,0.9999998571428775,1.165922381636102,27.875,0.0,0.875,136
5,0,42,5,0,0.0,0,0.0,0.0,250.0,0.0,0.0,135
6,6,42,4,4,1.9375,1,0.9999998333333611,1.3919410907075054,35.714285714285715,0.0,0.75,142
7,0,43,5,0,0.0,0,0.0,0.0,255.0,0.0,0.0,147
6,0,44,5,0,0.0,0,0.0,0.0,261.0,0.0,0.0,135
4,8,48,4,4,2.0,1,1.0,1.4142135623730951,31.444444444444443,0.125,1.0,110
4,1,49,5,1,0.109375,0,0.24999993750001562,0.33071891388307384,146.5,0.0,0.125,125
5,4,45,4,2,0.75,0,0.799999840000032,0.8660254037844386,53.4,0.0,0.5,145
7,0,44,5,0,0.0,0,0.0,0.0,262.0,0.0,0.0,159
6,1,45,5,1,0.109375,0,0.16666663888889352,0.33071891388307384,133.0,0.0,0.125,145
8,1,33,5,1,0.109375,0,0.12499998437500197,0.33071891388307384,102.5,0.0,0.125,195
6,0,47,5,0,0.0,0,0.0,0.0,276.0,0.0,0.0,150
6,1,46,5,1,0.109375,0,0.16666663888889352,0.33071891388307384,136.0,0.0,0.125,154
5,0,48,5,0,0.0,0,0.0,0.0,282.0,0.0,0.0,143
8,8,34,4,4,1.75,1,0.9999998750000157,1.3228756555322954,23.666666666666668,0.0,1.0,214
7,1,48,5,1,0.109375,0,0.1428571224489825,0.33071891388307384,143.0,0.0,0.125,155
8,1,33,5,1,0.109375,0,0.12499998437500197,0.33071891388307384,104.5,0.0,0.125,222
6,0,48,5,0,0.0,0,0.0,0.0,279.0,0.0,0.0,156
8,0,39,5,0,0.0,0,0.0,0.0,235.0,0.0,0.0,206
8,1,47,5,1,0.109375,0,0.12499998437500197,0.33071891388307384,139.0,0.0,0.125,181
5,1,51,4,1,0.109375,0,0.199999960000008,0.33071891388307384,147.5,0.0,0.125,161
7,0,46,5,0,0.0,0,0.0,0.0,269.0,0.0,0.0,184
8,9,50,3,4,1.859375,1,1.0,1.3635890143294642,28.9,0.0,1.125,170
6,0,49,5,0,0.0,0,0.0,0.0,285.0,0.0,0.0,171
5,2,53,5,2,0.4375,0,0.399999920000016,0.6614378277661477,104.0,0.0,0.25,159
6,0,49,5,0,0.0,0,0.0,0.0,283.0,0.0,0.0,170
6,1,51,4,1,0.109375,0,0.16666663888889352,0.33071891388307384,148.0,0.0,0.125,179
7,9,51,3,4,1.859375,1,1.0,1.3635890143294642,29.7,0.0,1.125,181
6,1,52,4,1,0.109375,0,0.16666663888889352,0.33071891388307384,150.0,0.0,0.125,180
4,2,55,5,2,0.4375,0,0.49999987500003124,0.6614378277661477,108.0,0.0,0.25,172
7,2,51,5,2,0.4375,0,0.285714244897965,0.6614378277661477,99.66666666666667,0.0,0.25,171
6,2,52,5,2,0.4375,0,0.33333327777778704,0.6614378277661477,102.0,0.0,0.25,172
8,2,56,5,2,0.4375,0,0.24999996875000394,0.6614378277661477,109.33333333333333,0.0,0.25,187
4,3,57,5,3,0.984375,0,0.7499998125000469,0.9921567416492215,83.5,0.0,0.375,177
5,3,56,5,3,0.984375,0,0.599999880000024,0.9921567416492215,82.25,0.0,0.375,180
8,1,53,4,1,0.109375,0,0.12499998437500197,0.33071891388307384,153.0,0.0,0.125,190
7,2,54,5,2,0.4375,0,0.285714244897965,0.6614378277661477,105.66666666666667,0.0,0.25,180
7,3,58,5,3,0.984375,0,0.4285713673469475,0.9921567416492215,84.5,0.0,0.375,193
8,3,59,5,3,0.984375,0,0.3749999531250059,0.9921567416492215,86.25,0.0,0.375,197
8,10,60,4,3,1.6875,1,1.0,1.299038105676658,32.09090909090909,0.0,1.25,197
8,25,0,1,4,2.359375,1,1.0,1.5360257159305635,0.0,0.0,3.125,0
7,32,0,0,4,0.0,1,1.0,0.0,0.0,0.0,4.0,0
4,17,0,2,4,3.609375,1,1.0,1.899835519196333,0.0,0.5,2.125,0
8,9,0,4,4,2.859375,1,1.0,1.6909686573085854,0.0,0.0,1.125,0
4,13,0,3,4,3.484375,1,1.0,1.8666480653835098,0.0,0.375,1.625,0
8,1,0,5,1,0.109375,0,0.12499998437500197,0.33071891388307384,0.0,0.0,0.125,5
6,1,2,5,1,0.109375,0,0.16666663888889352,0.33071891388307384,6.5,0.0,0.125,5
5,1,1,5,1,0.109375,0,0.199999960000008,0.33071891388307384,4.0,0.0,0.125,4
5,8,2,4,4,2.25,1,1.0,1.5,1.2222222222222223,0.0,1.0,4
4,4,3,5,4,1.75,1,0.9999997500000625,1.3228756555322954,4.4,0.125,0.5,0
4,4,3,5,3,1.0,1,0.9999997500000625,1.0,4.4,0.0,0.5,0
8,1,1,5,1,0.109375,0,0.12499998437500197,0.33071891388307384,2.5,0.0,0.125,10
6,4,2,5,4,1.75,0,0.6666665555555741,1.3228756555322954,3.2,0.0,0.5,9
4,6,2,5,3,1.1875,1,1.0,1.0897247358851685,2.0,0.0,0.75,5
4,0,2,6,0,0.0,0,0.0,0.0,12.0,0.0,0.0,5
4,0,3,6,0,0.0,0,0.0,0.0,16.0,0.0,0.0,4
5,1,3,6,1,0.109375,0,0.199999960000008,0.33071891388307384,8.0,0.0,0.125,7
4,1,4,6,1,0.109375,0,0.24999993750001562,0.33071891388307384,10.5,0.0,0.125,12
5,6,6,5,4,1.6875,1,1.0,1.299038105676658,4.428571428571429,0.0,0.75,20
8,4,1,5,4,1.75,0,0.4999999375000079,1.3228756555322954,1.6,0.0,0.5,24
4,6,7,5,4,1.9375,1,1.0,1.3919410907075054,5.285714285714286,0.125,0.75,20
6,1,5,6,1,0.109375,0,0.16666663888889352,0.33071891388307384,12.5,0.0,0.125,18
5,6,7,5,4,1.6875,1,1.0,1.299038105676658,5.142857142857143,0.0,0.75,24
4,2,11,6,2,0.4375,0,0.49999987500003124,0.6614378277661477,20.333333333333332,0.0,0.25,26
5,6,8,5,4,1.9375,1,1.0,1.3919410907075054,5.857142857142857,0.0,0.75,30
7,2,8,6,2,0.4375,0,0.285714244897965,0.6614378277661477,14.0,0.0,0.25,32
5,2,9,6,2,0.4375,0,0.399999920000016,0.6614378277661477,16.333333333333332,0.0,0.25,37
5,2,13,6,2,0.4375,0,0.399999920000016,0.6614378277661477,23.333333333333332,0.0,0.25,44
5,2,12,6,2,0.4375,0,0.399999920000016,0.6614378277661477,21.666666666666668,0.0,0.25,38
7,2,10,6,2,0.4375,0,0.285714244897965,0.6614378277661477,18.0,0.0,0.25,50
6,9,14,5,4,2.109375,1,1.0,1.4523687548277813,7.8,0.0,1.125,51
5,1,14,6,1,0.109375,0,0.199999960000008,0.33071891388307384,38.0,0.0,0.125,49
8,6,14,5,3,1.1875,0,0.7499999062500118,1.0897247358851685,10.714285714285714,0.0,0.75,50
7,1,15,6,1,0.109375,0,0.1428571224489825,0.33071891388307384,40.5,0.0,0.125,60
8,1,16,6,1,0.109375,0,0.12499998437500197,0.33071891388307384,44.0,0.0,0.125,62
4,7,17,5,3,1.109375,1,1.0,1.0532687216470449,12.0,0.0,0.875,53
8,7,18,5,4,1.859375,0,0.8749998906250137,1.3635890143294642,12.625,0.0,0.875,63
5,7,18,5,3,1.109375,1,1.0,1.0532687216470449,12.5,0.0,0.875,66
7,1,18,6,1,0.109375,0,0.1428571224489825,0.33071891388307384,51.5,0.0,0.125,67
5,0,18,6,0,0.0,0,0.0,0.0,107.0,0.0,0.0,67
6,0,17,6,0,0.0,0,0.0,0.0,101.0,0.0,0.0,64
5,0,19,6,0,0.0,0,0.0,0.0,112.0,0.0,0.0,75
4,0,19,6,0,0.0,0,0.0,0.0,112.0,0.0,0.0,70
4,3,22,5,2,0.484375,0,0.7499998125000469,0.6959705453537527,33.75,0.0,0.375,48
5,0,19,6,0,0.0,0,0.0,0.0,115.0,0.0,0.0,69
6,0,18,6,0,0.0,0,0.0,0.0,108.0,0.0,0.0,65
4,10,24,4,4,1.6875,1,1.0,1.299038105676658,13.090909090909092,0.125,1.25,56
8,5,19,5,2,0.484375,0,0.6249999218750099,0.6959705453537527,18.666666666666668,0.0,0.625,71
5,3,23,5,2,0.484375,0,0.599999880000024,0.6959705453537527,34.75,0.0,0.375,53
4,10,25,4,4,1.6875,1,1.0,1.299038105676658,13.454545454545455,0.125,1.25,57
6,1,19,6,1,0.109375,0,0.16666663888889352,0.33071891388307384,57.5,0.0,0.125,78
6,0,19,6,0,0.0,0,0.0,0.0,114.0,0.0,0.0,82
4,2,25,5,2,0.4375,0,0.49999987500003124,0.6614378277661477,48.0,0.0,0.25,71
6,1,20,6,1,0.109375,0,0.16666663888889352,0.33071891388307384,60.5,0.0,0.125,80
6,3,21,5,2,0.484375,0,0.49999991666668053,0.6959705453537527,32.25,0.0,0.375,76
7,1,21,6,1,0.109375,0,0.1428571224489825,0.33071891388307384,63.5,0.0,0.125,84
7,1,21,6,1,0.109375,0,0.1428571224489825,0.33071891388307384,64.5,0.0,0.125,86
4,1,25,5,1,0.109375,0,0.24999993750001562,0.33071891388307384,70.5,0.0,0.125,88
5,2,27,5,1,0.1875,0,0.399999920000016,0.4330127018922193,51.0,0.0,0.25,84
4,1,24,5,1,0.109375,0,0.24999993750001562,0.33071891388307384,68.5,0.0,0.125,85
8,1,27,5,1,0.109375,0,0.12499998437500197,0.33071891388307384,74.5,0.0,0.125,88
4,1,26,5,1,0.109375,0,0.24999993750001562,0.33071891388307384,72.5,0.0,0.125,86
5,2,28,5,1,0.1875,0,0.399999920000016,0.4330127018922193,52.666666666666664,0.0,0.25,96
5,0,30,5,0,0.0,0,0.0,0.0,166.0,0.0,0.0,94
5,8,29,4,3,1.0,1,1.0,1.0,18.11111111111111,0.0,1.0,91
5,2,33,5,1,0.1875,0,0.399999920000016,0.4330127018922193,61.666666666666664,0.0,0.25,85
6,0,29,5,0,0.0,0,0.0,0.0,160.0,0.0,0.0,91
7,2,29,5,1,0.1875,0,0.285714244897965,0.4330127018922193,54.333333333333336,0.0,0.25,101
4,0,32,5,0,0.0,0,0.0,0.0,180.0,0.0,0.0,90
6,2,32,5,1,0.1875,0,0.33333327777778704,0.4330127018922193,59.666666666666664,0.0,0.25,99
5,1,37,5,1,0.109375,0,0.199999960000008,0.33071891388307384,106.5,0.0,0.125,89
4,1,38,5,1,0.109375,0,0.24999993750001562,0.33071891388307384,109.0,0.0,0.125,93
7,0,31,5,0,0.0,0,0.0,0.0,171.0,0.0,0.0,114
6,2,34,5,1,0.1875,0,0.33333327777778704,0.4330127018922193,63.333333333333336,0.0,0.25,102
4,1,39,5,1,0.109375,0,0.24999993750001562,0.33071891388307384,111.0,0.0,0.125,104
6,1,41,5,1,0.109375,0,0.16666663888889352,0.33071891388307384,115.5,0.0,0.125,107
5,0,42,6,0,0.0,0,0.0,0.0,239.0,0.0,0.0,108
5,1,40,5,1,0.109375,0,0.199999960000008,0.33071891388307384,113.0,0.0,0.125,105
6,17,45,3,4,1.609375,1,1.0,1.2686114456365274,14.277777777777779,0.0,2.125,113
4,0,41,6,0,0.0,0,0.0,0.0,235.0,0.0,0.0,104
7,0,32,5,0,0.0,0,0.0,0.0,181.0,0.0,0.0,129
5,0,43,6,0,0.0,0,0.0,0.0,244.0,0.0,0.0,111
4,0,44,6,0,0.0,0,0.0,0.0,254.0,0.0,0.0,116
4,0,46,6,0,0.0,0,0.0,0.0,273.0,0.0,0.0,95
4,4,44,5,2,0.5,1,0.9999997500000625,0.7071067811865476,50.8,0.0,0.5,112
5,0,44,6,0,0.0,0,0.0,0.0,258.0,0.0,0.0,109
8,0,31,5,0,0.0,0,0.0,0.0,173.0,0.0,0.0,147
4,10,47,4,4,2.1875,1,1.0,1.479019945774904,25.181818181818183,0.125,1.25,101
4,3,48,5,3,0.984375,0,0.7499998125000469,0.9921567416492215,70.0,0.0,0.375,102
7,2,35,5,1,0.1875,0,0.285714244897965,0.4330127018922193,65.33333333333333,0.0,0.25,140
8,2,36,5,1,0.1875,0,0.24999996875000394,0.4330127018922193,67.66666666666667,0.0,0.25,154
8,7,33,4,3,1.109375,0,0.8749998906250137,1.0532687216470449,23.0,0.0,0.875,153
5,1,45,6,1,0.109375,0,0.199999960000008,0.33071891388307384,134.5,0.0,0.125,118
7,1,36,5,1,0.109375,0,0.1428571224489825,0.33071891388307384,103.0,0.0,0.125,161
7,0,40,6,0,0.0,0,0.0,0.0,228.0,0.0,0.0,154
5,6,46,5,4,1.6875,1,1.0,1.299038105676658,39.142857142857146,0.0,0.75,123
7,0,44,6,0,0.0,0,0.0,0.0,252.0,0.0,0.0,160
8,0,44,6,0,0.0,0,0.0,0.0,249.0,0.0,0.0,156
8,17,46,3,4,1.609375,1,1.0,1.2686114456365274,14.61111111111111,0.0,2.125,162
8,0,43,6,0,0.0,0,0.0,0.0,250.0,0.0,0.0,161
7,3,44,5,2,0.484375,0,0.4285713673469475,0.6959705453537527,64.5,0.0,0.375,157
7,0,45,6,0,0.0,0,0.0,0.0,263.0,0.0,0.0,161
6,1,44,6,1,0.109375,0,0.16666663888889352,0.33071891388307384,131.5,0.0,0.125,164
8,3,45,5,2,0.484375,0,0.3749999531250059,0.6959705453537527,66.25,0.0,0.375,164
6,10,48,4,4,2.1875,1,1.0,1.479019945774904,25.545454545454547,0.0,1.25,168
7,3,49,5,3,0.984375,0,0.4285713673469475,0.9921567416492215,71.0,0.0,0.375,168
8,2,49,5,2,0.4375,0,0.24999996875000394,0.6614378277661477,94.66666666666667,0.0,0.25,166
8,2,50,5,2,0.4375,0,0.24999996875000394,0.6614378277661477,97.33333333333333,0.0,0.25,166
8,2,51,5,2,0.4375,0,0.24999996875000394,0.6614378277661477,100.0,0.0,0.25,172
8,2,52,5,2,0.4375,0,0.24999996875000394,0.6614378277661477,102.66666666666667,0.0,0.25,173
8,24,0,1,4,3.0,1,1.0,1.7320508075688772,0.0,0.0,3.0,0
7,10,0,3,4,2.9375,1,1.0,1.713913650100261,0.0,0.0,1.25,0
8,32,0,0,4,0.0,1,1.0,0.0,0.0,0.0,4.0,0
6,16,0,2,4,4.0,1,1.0,2.0,0.0,0.0,2.0,0
7,3,1,4,3,0.984375,0,0.4285713673469475,0.9921567416492215,2.0,0.0,0.375,10
7,3,4,4,3,0.984375,0,0.4285713673469475,0.9921567416492215,6.75,0.0,0.375,8
8,3,0,4,3,0.984375,0,0.3749999531250059,0.9921567416492215,0.0,0.0,0.375,10
4,3,2,4,3,0.984375,0,0.7499998125000469,0.9921567416492215,3.75,0.0,0.375,9
8,3,3,4,3,0.984375,0,0.3749999531250059,0.9921567416492215,4.75,0.0,0.375,17
5,3,5,4,3,0.984375,0,0.599999880000024,0.9921567416492215,8.5,0.0,0.375,9
4,3,6,4,3,0.984375,0,0.7499998125000469,0.9921567416492215,9.75,0.0,0.375,25
8,3,7,4,3,0.984375,0,0.3749999531250059,0.9921567416492215,10.75,0.0,0.375,26
6,3,8,4,3,0.984375,0,0.49999991666668053,0.9921567416492215,12.25,0.0,0.375,25
6,3,7,4,3,0.984375,0,0.49999991666668053,0.9921567416492215,10.75,0.0,0.375,25
6,10,9,3,4,2.9375,1,1.0,1.713913650100261,5.0,0.0,1.25,27
4,6,10,4,4,1.9375,1,1.0,1.3919410907075054,9.285714285714286,0.125,0.75,30
8,11,9,3,4,3.234375,1,1.0,1.79843682124227,4.5,0.0,1.375,37
7,0,8,5,0,0.0,0,0.0,0.0,51.0,0.0,0.0,36
7,6,9,4,4,1.9375,0,0.857142734693895,1.3919410907075054,8.285714285714286,0.0,0.75,40
6,1,11,5,1,0.109375,0,0.16666663888889352,0.33071891388307384,35.5,0.0,0.125,39
4,1,12,5,1,0.109375,0,0.24999993750001562,0.33071891388307384,38.5,0.0,0.125,40
7,1,10,5,1,0.109375,0,0.1428571224489825,0.33071891388307384,32.0,0.0,0.125,55
6,0,13,5,0,0.0,0,0.0,0.0,78.0,0.0,0.0,53
4,2,23,5,2,0.4375,0,0.49999987500003124,0.6614378277661477,47.333333333333336,0.0,0.25,36
8,0,14,5,0,0.0,0,0.0,0.0,84.0,0.0,0.0,57
8,0,15,5,0,0.0,0,0.0,0.0,92.0,0.0,0.0,61
5,0,12,5,0,0.0,0,0.0,0.0,73.0,0.0,0.0,50
5,0,16,5,0,0.0,0,0.0,0.0,100.0,0.0,0.0,61
4,0,22,5,0,0.0,0,0.0,0.0,133.0,0.0,0.0,40
5,0,17,5,0,0.0,0,0.0,0.0,105.0,0.0,0.0,67
5,0,18,5,0,0.0,0,0.0,0.0,110.0,0.0,0.0,67
6,0,20,5,0,0.0,0,0.0,0.0,122.0,0.0,0.0,70
7,0,19,5,0,0.0,0,0.0,0.0,115.0,0.0,0.0,68
6,11,20,4,4,3.234375,1,1.0,1.79843682124227,10.333333333333334,0.0,1.375,82
5,3,18,5,3,0.984375,0,0.599999880000024,0.9921567416492215,27.5,0.0,0.375,77
5,2,22,5,2,0.4375,0,0.399999920000016,0.6614378277661477,45.666666666666664,0.0,0.25,77
4,0,24,5,0,0.0,0,0.0,0.0,144.0,0.0,0.0,56
4,4,26,4,4,1.75,1,0.9999997500000625,1.3228756555322954,30.8,0.125,0.5,55
7,8,19,4,4,2.25,1,1.0,1.5,12.777777777777779,0.0,1.0,83
7,2,20,5,2,0.4375,0,0.285714244897965,0.6614378277661477,41.0,0.0,0.25,89
7,2,21,5,2,0.4375,0,0.285714244897965,0.6614378277661477,43.333333333333336,0.0,0.25,94
4,0,33,5,0,0.0,0,0.0,0.0,199.0,0.0,0.0,69
7,2,19,5,2,0.4375,0,0.285714244897965,0.6614378277661477,38.666666666666664,0.0,0.25,89
7,2,24,5,2,0.4375,0,0.285714244897965,0.6614378277661477,48.666666666666664,0.0,0.25,102
5,6,25,4,4,1.6875,1,1.0,1.299038105676658,21.142857142857142,0.0,0.75,92
7,0,25,5,0,0.0,0,0.0,0.0,147.0,0.0,0.0,92
7,0,23,5,0,0.0,0,0.0,0.0,137.0,0.0,0.0,93
6,1,22,5,1,0.109375,0,0.16666663888889352,0.33071891388307384,67.0,0.0,0.125,94
5,0,31,5,0,0.0,0,0.0,0.0,188.0,0.0,0.0,95
7,0,28,5,0,0.0,0,0.0,0.0,169.0,0.0,0.0,100
6,0,29,5,0,0.0,0,0.0,0.0,176.0,0.0,0.0,101
7,4,27,4,4,1.75,0,0.57142848979593,1.3228756555322954,31.6,0.0,0.5,97
8,0,27,5,0,0.0,0,0.0,0.0,161.0,0.0,0.0,110
6,0,32,5,0,0.0,0,0.0,0.0,193.0,0.0,0.0,109
4,0,35,5,0,0.0,0,0.0,0.0,210.0,0.0,0.0,104
8,0,36,5,0,0.0,0,0.0,0.0,214.0,0.0,0.0,113
5,0,37,5,0,0.0,0,0.0,0.0,222.0,0.0,0.0,116
6,0,30,5,0,0.0,0,0.0,0.0,182.0,0.0,0.0,110
7,0,34,5,0,0.0,0,0.0,0.0,203.0,0.0,0.0,111
7,8,38,4,4,3.0,1,1.0,1.7320508075688772,25.22222222222222,0.0,1.0,123
7,3,38,5,2,0.484375,0,0.4285713673469475,0.6959705453537527,57.5,0.0,0.375,124
5,3,39,5,2,0.484375,0,0.599999880000024,0.6959705453537527,59.25,0.0,0.375,118
6,10,41,4,4,2.1875,1,1.0,1.479019945774904,22.636363636363637,0.0,1.25,123
7,3,40,5,2,0.484375,0,0.4285713673469475,0.6959705453537527,60.5,0.0,0.375,126
7,0,41,6,0,0.0,0,0.0,0.0,253.0,0.0,0.0,128
4,10,42,4,4,2.6875,1,1.0,1.6393596310755,23.636363636363637,0.25,1.25,133
6,2,40,5,1,0.1875,0,0.33333327777778704,0.4330127018922193,81.0,0.0,0.25,134
8,8,38,4,4,1.75,1,0.9999998750000157,1.3228756555322954,25.22222222222222,0.0,1.0,144
7,2,41,5,1,0.1875,0,0.285714244897965,0.4330127018922193,83.0,0.0,0.25,132
5,2,43,5,1,0.1875,0,0.399999920000016,0.4330127018922193,87.0,0.0,0.25,141
5,2,42,5,1,0.1875,0,0.399999920000016,0.4330127018922193,85.33333333333333,0.0,0.25,139
4,0,41,6,0,0.0,0,0.0,0.0,252.0,0.0,0.0,146
8,0,40,6,0,0.0,0,0.0,0.0,245.0,0.0,0.0,163
7,6,41,5,3,1.1875,0,0.857142734693895,1.0897247358851685,35.57142857142857,0.0,0.75,149
4,0,42,6,0,0.0,0,0.0,0.0,257.0,0.0,0.0,150
5,0,45,6,0,0.0,0,0.0,0.0,280.0,0.0,0.0,139
4,0,44,6,0,0.0,0,0.0,0.0,266.0,0.0,0.0,148
5,0,43,6,0,0.0,0,0.0,0.0,261.0,0.0,0.0,149
7,0,41,6,0,0.0,0,0.0,0.0,250.0,0.0,0.0,149
6,0,45,6,0,0.0,0,0.0,0.0,270.0,0.0,0.0,154
6,1,44,6,1,0.109375,0,0.16666663888889352,0.33071891388307384,136.5,0.0,0.125,155
8,0,46,6,0,0.0,0,0.0,0.0,276.0,0.0,0.0,160
5,1,49,6,1,0.109375,0,0.199999960000008,0.33071891388307384,154.0,0.0,0.125,151
7,10,46,4,4,2.6875,1,1.0,1.6393596310755,25.727272727272727,0.0,1.25,163
4,3,51,5,2,0.484375,0,0.7499998125000469,0.6959705453537527,80.0,0.0,0.375,154
8,10,45,4,4,2.6875,1,1.0,1.6393596310755,25.0,0.0,1.25,173
7,1,45,6,1,0.109375,0,0.1428571224489825,0.33071891388307384,139.5,0.0,0.125,171
5,3,52,5,2,0.484375,0,0.599999880000024,0.6959705453537527,81.0,0.0,0.375,159
8,1,46,6,1,0.109375,0,0.12499998437500197,0.33071891388307384,143.0,0.0,0.125,171
4,3,53,5,2,0.484375,0,0.7499998125000469,0.6959705453537527,82.25,0.0,0.375,162
7,1,47,6,1,0.109375,0,0.1428571224489825,0.33071891388307384,147.0,0.0,0.125,178
7,1,50,6,1,0.109375,0,0.1428571224489825,0.33071891388307384,156.5,0.0,0.125,188
5,7,54,4,4,1.859375,1,1.0,1.3635890143294642,42.0,0.0,0.875,164
6,0,53,5,0,0.0,0,0.0,0.0,330.0,0.0,0.0,170
7,1,48,6,1,0.109375,0,0.1428571224489825,0.33071891388307384,150.5,0.0,0.125,185
7,3,50,5,2,0.484375,0,0.4285713673469475,0.6959705453537527,78.25,0.0,0.375,195
6,7,54,4,4,2.359375,1,1.0,1.5360257159305635,42.0,0.0,0.875,186
7,0,50,6,0,0.0,0,0.0,0.0,313.0,0.0,0.0,194
8,0,52,5,0,0.0,0,0.0,0.0,322.0,0.0,0.0,194
4,0,54,5,0,0.0,0,0.0,0.0,334.0,0.0,0.0,178
7,1,55,5,1,0.109375,0,0.1428571224489825,0.33071891388307384,170.5,0.0,0.125,199
6,7,54,4,4,1.859375,1,1.0,1.3635890143294642,41.875,0.0,0.875,194
6,0,54,5,0,0.0,0,0.0,0.0,331.0,0.0,0.0,190
5,0,55,5,0,0.0,0,0.0,0.0,337.0,0.0,0.0,191
6,7,55,4,4,1.859375,1,1.0,1.3635890143294642,42.625,0.0,0.875,196
5,5,56,4,4,1.734375,1,0.99999980000004,1.3169567191065923,57.0,0.0,0.625,197
7,5,57,4,4,1.734375,0,0.7142856122449125,1.3169567191065923,57.833333333333336,0.0,0.625,201
4,1,56,5,1,0.109375,0,0.24999993750001562,0.33071891388307384,172.0,0.0,0.125,192
8,0,56,5,0,0.0,0,0.0,0.0,342.0,0.0,0.0,203
7,1,57,5,1,0.109375,0,0.1428571224489825,0.33071891388307384,174.0,0.0,0.125,202
7,15,0,3,4,3.609375,1,1.0,1.899835519196333,0.0,0.0,1.875,0
6,25,1,1,4,2.359375,1,1.0,1.5360257159305635,0.15384615384615385,0.0,3.125,0
7,32,0,0,4,0.0,1,1.0,0.0,0.0,0.0,4.0,0
4,8,0,4,4,3.0,1,1.0,1.7320508075688772,0.0,0.25,1.0,0
4,4,1,5,4,1.75,1,0.9999997500000625,1.3228756555322954,1.6,0.125,0.5,0
4,25,0,1,4,2.359375,1,1.0,1.5360257159305635,0.0,0.75,3.125,0
8,4,0,5,4,1.75,0,0.4999999375000079,1.3228756555322954,0.0,0.0,0.5,8
6,1,1,6,1,0.109375,0,0.16666663888889352,0.33071891388307384,4.0,0.0,0.125,6
4,0,1,6,0,0.0,0,0.0,0.0,8.0,0.0,0.0,4
8,0,2,6,0,0.0,0,0.0,0.0,12.0,0.0,0.0,5
5,0,2,6,0,0.0,0,0.0,0.0,10.0,0.0,0.0,10
5,8,5,4,4,3.0,1,1.0,1.7320508075688772,3.2222222222222223,0.0,1.0,6
4,8,2,5,4,2.25,1,1.0,1.5,1.5555555555555556,0.125,1.0,7
8,0,4,6,0,0.0,0,0.0,0.0,21.0,0.0,0.0,18
6,0,3,6,0,0.0,0,0.0,0.0,15.0,0.0,0.0,13
7,6,5,4,3,1.1875,0,0.857142734693895,1.0897247358851685,4.0,0.0,0.75,16
7,2,6,5,2,0.4375,0,0.285714244897965,0.6614378277661477,11.666666666666666,0.0,0.25,21
4,2,5,5,2,0.4375,0,0.49999987500003124,0.6614378277661477,10.333333333333334,0.0,0.25,14
4,0,13,6,0,0.0,0,0.0,0.0,86.0,0.0,0.0,18
4,2,7,5,2,0.4375,0,0.49999987500003124,0.6614378277661477,14.0,0.0,0.25,25
7,10,9,4,4,1.6875,1,1.0,1.299038105676658,4.909090909090909,0.0,1.25,32
8,0,9,6,0,0.0,0,0.0,0.0,56.0,0.0,0.0,33
8,10,8,4,4,1.6875,1,1.0,1.299038105676658,4.181818181818182,0.0,1.25,29
5,0,8,6,0,0.0,0,0.0,0.0,51.0,0.0,0.0,25
4,3,14,5,2,0.484375,0,0.7499998125000469,0.6959705453537527,22.75,0.0,0.375,24
7,6,13,5,4,1.9375,0,0.857142734693895,1.3919410907075054,12.142857142857142,0.0,0.75,48
8,0,11,6,0,0.0,0,0.0,0.0,69.0,0.0,0.0,43
5,0,10,6,0,0.0,0,0.0,0.0,64.0,0.0,0.0,40
8,0,12,6,0,0.0,0,0.0,0.0,77.0,0.0,0.0,48
8,12,16,4,4,2.5,1,1.0,1.5811388300841898,7.846153846153846,0.0,1.5,56
4,3,15,5,2,0.484375,0,0.7499998125000469,0.6959705453537527,23.75,0.0,0.375,43
6,0,14,6,0,0.0,0,0.0,0.0,90.0,0.0,0.0,54
6,3,17,5,2,0.484375,0,0.49999991666668053,0.6959705453537527,26.0,0.0,0.375,61
4,1,22,6,1,0.109375,0,0.24999993750001562,0.33071891388307384,72.0,0.0,0.125,49
6,12,15,4,4,2.5,1,1.0,1.5811388300841898,7.384615384615385,0.0,1.5,52
5,3,16,5,2,0.484375,0,0.599999880000024,0.6959705453537527,24.75,0.0,0.375,59
6,0,20,5,0,0.0,0,0.0,0.0,125.0,0.0,0.0,62
7,3,18,5,2,0.484375,0,0.4285713673469475,0.6959705453537527,27.5,0.0,0.375,70
5,7,22,5,3,1.109375,1,1.0,1.0532687216470449,17.5,0.0,0.875,48
7,3,19,5,2,0.484375,0,0.4285713673469475,0.6959705453537527,29.25,0.0,0.375,71
7,8,23,4,4,2.25,1,1.0,1.5,16.0,0.0,1.0,78
6,0,21,5,0,0.0,0,0.0,0.0,131.0,0.0,0.0,70
7,8,22,4,4,2.25,1,1.0,1.5,15.222222222222221,0.0,1.0,75
5,0,22,6,0,0.0,0,0.0,0.0,138.0,0.0,0.0,70
6,1,21,6,1,0.109375,0,0.16666663888889352,0.33071891388307384,69.0,0.0,0.125,83
4,0,23,5,0,0.0,0,0.0,0.0,140.0,0.0,0.0,81
6,0,24,5,0,0.0,0,0.0,0.0,144.0,0.0,0.0,83
8,0,19,5,0,0.0,0,0.0,0.0,117.0,0.0,0.0,94
5,0,22,5,0,0.0,0,0.0,0.0,135.0,0.0,0.0,82
4,0,22,5,0,0.0,0,0.0,0.0,135.0,0.0,0.0,82
5,2,24,5,2,0.4375,0,0.399999920000016,0.6614378277661477,48.333333333333336,0.0,0.25,81
5,2,26,5,2,0.4375,0,0.399999920000016,0.6614378277661477,51.333333333333336,0.0,0.25,88
4,2,25,5,2,0.4375,0,0.49999987500003124,0.6614378277661477,50.0,0.0,0.25,91
6,2,27,5,2,0.4375,0,0.33333327777778704,0.6614378277661477,53.0,0.0,0.25,90
4,3,32,5,2,0.484375,0,0.7499998125000469,0.6959705453537527,48.5,0.0,0.375,77
8,2,25,5,2,0.4375,0,0.24999996875000394,0.6614378277661477,48.666666666666664,0.0,0.25,90
5,3,30,5,2,0.484375,0,0.599999880000024,0.6959705453537527,45.5,0.0,0.375,86
5,3,33,5,2,0.484375,0,0.599999880000024,0.6959705453537527,49.5,0.0,0.375,86
4,1,38,6,1,0.109375,0,0.24999993750001562,0.33071891388307384,115.5,0.0,0.125,78
4,1,39,6,1,0.109375,0,0.24999993750001562,0.33071891388307384,117.5,0.0,0.125,81
7,10,28,4,4,1.9375,1,1.0,1.3919410907075054,15.0,0.0,1.25,106
7,7,28,4,4,2.359375,1,0.9999998571428775,1.5360257159305635,20.5,0.0,0.875,107
5,8,34,4,3,1.5,1,1.0,1.224744871391589,22.555555555555557,0.0,1.0,99
4,0,41,6,0,0.0,0,0.0,0.0,242.0,0.0,0.0,91
5,0,34,5,0,0.0,0,0.0,0.0,200.0,0.0,0.0,102
6,0,30,5,0,0.0,0,0.0,0.0,176.0,0.0,0.0,128
4,5,40,5,4,1.734375,1,1.0,1.3169567191065923,39.833333333333336,0.125,0.625,95
6,7,29,4,4,2.359375,1,1.0,1.5360257159305635,21.375,0.0,0.875,127
6,0,29,5,0,0.0,0,0.0,0.0,170.0,0.0,0.0,129
6,8,38,4,4,1.5,1,1.0,1.224744871391589,25.22222222222222,0.0,1.0,119
5,5,41,5,4,1.734375,1,0.99999980000004,1.3169567191065923,40.5,0.0,0.625,110
5,0,41,6,0,0.0,0,0.0,0.0,243.0,0.0,0.0,110
8,4,31,4,4,1.75,0,0.4999999375000079,1.3228756555322954,36.4,0.0,0.5,141
8,0,31,5,0,0.0,0,0.0,0.0,186.0,0.0,0.0,136
5,10,42,4,4,1.9375,1,1.0,1.3919410907075054,22.363636363636363,0.0,1.25,123
7,3,31,5,2,0.484375,0,0.4285713673469475,0.6959705453537527,46.75,0.0,0.375,151
6,3,38,5,1,0.234375,0,0.49999991666668053,0.4841229182759271,57.0,0.0,0.375,131
8,0,35,5,0,0.0,0,0.0,0.0,205.0,0.0,0.0,152
4,1,46,5,1,0.109375,0,0.24999993750001562,0.33071891388307384,136.0,0.0,0.125,118
7,8,37,4,4,1.5,1,1.0,1.224744871391589,24.444444444444443,0.0,1.0,153
7,11,39,4,4,1.984375,1,1.0,1.4086784586980805,19.5,0.0,1.375,157
6,1,41,5,1,0.109375,0,0.16666663888889352,0.33071891388307384,119.5,0.0,0.125,137
8,9,42,4,3,1.609375,1,1.0,1.2686114456365274,24.4,0.0,1.125,153
7,0,36,5,0,0.0,0,0.0,0.0,213.0,0.0,0.0,154
7,1,42,5,1,0.109375,0,0.1428571224489825,0.33071891388307384,122.5,0.0,0.125,151
4,7,46,4,3,1.109375,1,1.0,1.0532687216470449,33.625,0.0,0.875,139
8,1,44,5,1,0.109375,0,0.12499998437500197,0.33071891388307384,129.0,0.0,0.125,155
6,1,43,5,1,0.109375,0,0.16666663888889352,0.33071891388307384,126.0,0.0,0.125,155
8,0,45,5,0,0.0,0,0.0,0.0,261.0,0.0,0.0,155
6,1,45,5,1,0.109375,0,0.16666663888889352,0.33071891388307384,133.0,0.0,0.125,156
5,0,46,5,0,0.0,0,0.0,0.0,269.0,0.0,0.0,164
4,1,46,5,1,0.109375,0,0.24999993750001562,0.33071891388307384,134.0,0.0,0.125,155
5,8,48,4,3,1.5,1,1.0,1.224744871391589,30.88888888888889,0.0,1.0,162
6,6,50,4,4,1.6875,1,0.9999998333333611,1.299038105676658,41.142857142857146,0.0,0.75,160
6,8,47,4,3,1.5,1,1.0,1.224744871391589,30.22222222222222,0.0,1.0,162
5,0,48,5,0,0.0,0,0.0,0.0,275.0,0.0,0.0,160
8,6,49,4,4,1.6875,0,0.7499999062500118,1.299038105676658,40.0,0.0,0.75,172
5,0,50,6,0,0.0,0,0.0,0.0,295.0,0.0,0.0,160
4,0,53,6,0,0.0,0,0.0,0.0,314.0,0.0,0.0,158
4,0,50,6,0,0.0,0,0.0,0.0,296.0,0.0,0.0,159
4,1,52,6,1,0.109375,0,0.24999993750001562,0.33071891388307384,154.0,0.0,0.125,163
6,0,51,6,0,0.0,0,0.0,0.0,300.0,0.0,0.0,163
7,2,50,5,1,0.1875,0,0.285714244897965,0.4330127018922193,96.66666666666667,0.0,0.25,183
4,6,53,5,3,1.1875,1,1.0,1.0897247358851685,44.57142857142857,0.0,0.75,164
7,2,51,5,1,0.1875,0,0.285714244897965,0.4330127018922193,99.0,0.0,0.25,183
4,0,52,6,0,0.0,0,0.0,0.0,306.0,0.0,0.0,162
7,0,51,6,0,0.0,0,0.0,0.0,300.0,0.0,0.0,190
8,0,52,6,0,0.0,0,0.0,0.0,306.0,0.0,0.0,187
7,0,54,6,0,0.0,0,0.0,0.0,318.0,0.0,0.0,195
7,5,53,5,3,0.984375,0,0.7142856122449125,0.9921567416492215,51.666666666666664,0.0,0.625,179
6,32,0,0,4,0.0,1,1.0,0.0,0.0,0.0,4.0,0
7,26,0,1,4,1.9375,1,1.0,1.3919410907075054,0.0,0.0,3.25,0
5,19,0,2,4,3.484375,1,1.0,1.8666480653835098,0.0,0.0,2.375,0
6,14,0,3,4,3.4375,1,1.0,1.8540496217739157,0.0,0.0,1.75,0
4,8,0,4,4,3.0,1,1.0,1.7320508075688772,0.0,0.25,1.0,0
5,4,1,5,4,1.75,0,0.799999840000032,1.3228756555322954,1.6,0.0,0.5,7
8,4,2,5,4,1.75,0,0.4999999375000079,1.3228756555322954,2.6,0.0,0.5,12
8,4,0,5,4,1.75,0,0.4999999375000079,1.3228756555322954,0.0,0.0,0.5,6
7,4,3,5,4,1.75,0,0.57142848979593,1.3228756555322954,4.2,0.0,0.5,10
5,10,4,4,4,2.9375,1,1.0,1.713913650100261,2.5454545454545454,0.0,1.25,14
4,0,6,5,0,0.0,0,0.0,0.0,38.0,0.0,0.0,1
8,4,4,5,2,0.5,0,0.4999999375000079,0.7071067811865476,5.2,0.0,0.5,17
6,4,3,5,2,0.5,0,0.6666665555555741,0.7071067811865476,4.0,0.0,0.5,17
7,4,5,5,2,0.5,0,0.57142848979593,0.7071067811865476,6.8,0.0,0.5,22
7,0,5,5,0,0.0,0,0.0,0.0,31.0,0.0,0.0,25
5,0,4,5,0,0.0,0,0.0,0.0,26.0,0.0,0.0,18
5,0,7,5,0,0.0,0,0.0,0.0,42.0,0.0,0.0,18
7,0,9,5,0,0.0,0,0.0,0.0,57.0,0.0,0.0,34
6,0,8,5,0,0.0,0,0.0,0.0,51.0,0.0,0.0,32
8,0,8,5,0,0.0,0,0.0,0.0,47.0,0.0,0.0,29
4,1,11,5,1,0.109375,0,0.24999993750001562,0.33071891388307384,37.0,0.0,0.125,24
6,0,10,5,0,0.0,0,0.0,0.0,65.0,0.0,0.0,42
6,0,9,5,0,0.0,0,0.0,0.0,59.0,0.0,0.0,35
8,0,11,5,0,0.0,0,0.0,0.0,71.0,0.0,0.0,43
7,8,12,4,4,1.75,1,1.0,1.3228756555322954,8.777777777777779,0.0,1.0,44
5,1,13,5,1,0.109375,0,0.199999960000008,0.33071891388307384,42.5,0.0,0.125,37
6,2,12,5,2,0.4375,0,0.33333327777778704,0.6614378277661477,26.333333333333332,0.0,0.25,49
6,14,13,3,4,2.1875,1,1.0,1.479019945774904,5.666666666666667,0.0,1.75,50
7,2,11,5,2,0.4375,0,0.285714244897965,0.6614378277661477,24.0,0.0,0.25,52
6,1,14,5,1,0.109375,0,0.16666663888889352,0.33071891388307384,45.0,0.0,0.125,48
7,1,12,5,1,0.109375,0,0.1428571224489825,0.33071891388307384,39.0,0.0,0.125,49
7,2,16,5,2,0.4375,0,0.285714244897965,0.6614378277661477,33.0,0.0,0.25,58
4,9,16,4,4,1.859375,1,1.0,1.3635890143294642,10.2,0.125,1.125,52
7,2,17,5,2,0.4375,0,0.285714244897965,0.6614378277661477,35.333333333333336,0.0,0.25,56
6,1,15,5,1,0.109375,0,0.16666663888889352,0.33071891388307384,48.0,0.0,0.125,52
4,1,18,5,1,0.109375,0,0.24999993750001562,0.33071891388307384,55.0,0.0,0.125,57
7,7,18,4,3,1.359375,1,0.9999998571428775,1.165922381636102,13.625,0.0,0.875,61
4,0,17,5,0,0.0,0,0.0,0.0,105.0,0.0,0.0,60
5,11,22,3,4,2.734375,1,1.0,1.653594569415369,11.166666666666666,0.0,1.375,58
4,1,19,5,1,0.109375,0,0.24999993750001562,0.33071891388307384,57.5,0.0,0.125,59
7,1,20,5,1,0.109375,0,0.1428571224489825,0.33071891388307384,59.5,0.0,0.125,63
8,1,18,5,1,0.109375,0,0.12499998437500197,0.33071891388307384,53.5,0.0,0.125,56
4,1,21,5,1,0.109375,0,0.24999993750001562,0.33071891388307384,64.5,0.0,0.125,60
4,1,26,5,1,0.109375,0,0.24999993750001562,0.33071891388307384,78.5,0.0,0.125,62
4,1,27,5,1,0.109375,0,0.24999993750001562,0.33071891388307384,80.5,0.0,0.125,65
5,1,22,5,1,0.109375,0,0.199999960000008,0.33071891388307384,66.5,0.0,0.125,69
4,1,29,5,1,0.109375,0,0.24999993750001562,0.33071891388307384,86.0,0.0,0.125,64
4,0,35,5,0,0.0,0,0.0,0.0,210.0,0.0,0.0,56
7,1,23,5,1,0.109375,0,0.1428571224489825,0.33071891388307384,69.0,0.0,0.125,73
4,6,37,4,4,1.6875,1,1.0,1.299038105676658,31.571428571428573,0.125,0.75,50
8,1,21,5,1,0.109375,0,0.12499998437500197,0.33071891388307384,63.0,0.0,0.125,77
7,1,25,5,1,0.109375,0,0.1428571224489825,0.33071891388307384,75.0,0.0,0.125,92
8,1,28,5,1,0.109375,0,0.12499998437500197,0.33071891388307384,82.5,0.0,0.125,90
5,1,24,5,1,0.109375,0,0.199999960000008,0.33071891388307384,72.5,0.0,0.125,88
5,8,29,4,3,1.25,1,1.0,1.118033988749895,19.444444444444443,0.0,1.0,98
4,2,37,5,1,0.1875,0,0.49999987500003124,0.4330127018922193,73.66666666666667,0.0,0.25,60
8,1,29,5,1,0.109375,0,0.12499998437500197,0.33071891388307384,86.5,0.0,0.125,92
7,8,29,4,4,1.75,1,1.0,1.3228756555322954,19.11111111111111,0.0,1.0,100
5,0,29,5,0,0.0,0,0.0,0.0,171.0,0.0,0.0,100
8,0,30,5,0,0.0,0,0.0,0.0,176.0,0.0,0.0,103
7,0,31,5,0,0.0,0,0.0,0.0,184.0,0.0,0.0,105
4,1,42,5,1,0.109375,0,0.24999993750001562,0.33071891388307384,124.0,0.0,0.125,75
5,0,32,5,0,0.0,0,0.0,0.0,191.0,0.0,0.0,109
5,0,33,5,0,0.0,0,0.0,0.0,198.0,0.0,0.0,112
7,0,34,5,0,0.0,0,0.0,0.0,203.0,0.0,0.0,112
8,6,33,4,4,1.9375,0,0.7499999062500118,1.3919410907075054,28.0,0.0,0.75,112
7,0,36,5,0,0.0,0,0.0,0.0,214.0,0.0,0.0,116
5,1,41,5,1,0.109375,0,0.199999960000008,0.33071891388307384,121.5,0.0,0.125,105
5,0,33,5,0,0.0,0,0.0,0.0,195.0,0.0,0.0,114
6,0,34,5,0,0.0,0,0.0,0.0,200.0,0.0,0.0,123
8,0,35,5,0,0.0,0,0.0,0.0,206.0,0.0,0.0,125
6,0,37,5,0,0.0,0,0.0,0.0,221.0,0.0,0.0,129
7,0,36,5,0,0.0,0,0.0,0.0,214.0,0.0,0.0,126
6,2,39,5,1,0.1875,0,0.33333327777778704,0.4330127018922193,77.33333333333333,0.0,0.25,133
4,8,43,4,4,1.5,1,1.0,1.224744871391589,28.0,0.125,1.0,115
6,1,40,5,1,0.109375,0,0.16666663888889352,0.33071891388307384,118.5,0.0,0.125,140
5,8,44,4,4,1.5,1,1.0,1.224744871391589,28.444444444444443,0.0,1.0,136
7,2,38,5,1,0.1875,0,0.285714244897965,0.4330127018922193,75.0,0.0,0.25,133
6,1,39,5,1,0.109375,0,0.16666663888889352,0.33071891388307384,115.5,0.0,0.125,135
7,1,38,5,1,0.109375,0,0.1428571224489825,0.33071891388307384,112.0,0.0,0.125,133
4,3,44,5,3,0.984375,0,0.7499998125000469,0.9921567416492215,64.75,0.0,0.375,141
8,11,43,4,4,2.484375,1,1.0,1.5761900266148114,21.083333333333332,0.0,1.375,144
7,0,42,6,0,0.0,0,0.0,0.0,246.0,0.0,0.0,142
4,3,45,5,3,0.984375,0,0.7499998125000469,0.9921567416492215,65.75,0.0,0.375,146
6,11,44,4,4,2.484375,1,1.0,1.5761900266148114,21.75,0.0,1.375,145
6,4,46,5,1,0.25,0,0.6666665555555741,0.5,54.8,0.0,0.5,146
8,0,44,6,0,0.0,0,0.0,0.0,258.0,0.0,0.0,148
8,4,45,5,1,0.25,0,0.4999999375000079,0.5,53.2,0.0,0.5,150
6,0,45,6,0,0.0,0,0.0,0.0,269.0,0.0,0.0,160
4,0,47,6,0,0.0,0,0.0,0.0,283.0,0.0,0.0,154
5,0,48,6,0,0.0,0,0.0,0.0,287.0,0.0,0.0,163
4,0,46,6,0,0.0,0,0.0,0.0,279.0,0.0,0.0,162
5,0,44,6,0,0.0,0,0.0,0.0,264.0,0.0,0.0,158
6,0,45,6,0,0.0,0,0.0,0.0,269.0,0.0,0.0,162
4,8,45,4,4,1.5,1,1.0,1.224744871391589,30.555555555555557,0.125,1.0,149
8,0,46,6,0,0.0,0,0.0,0.0,275.0,0.0,0.0,171
5,4,45,4,4,1.75,0,0.799999840000032,1.3228756555322954,54.0,0.0,0.5,147
6,0,44,5,0,0.0,0,0.0,0.0,264.0,0.0,0.0,158
7,0,44,6,0,0.0,0,0.0,0.0,267.0,0.0,0.0,163
6,4,46,4,4,1.75,0,0.6666665555555741,1.3228756555322954,55.0,0.0,0.5,160
6,0,44,6,0,0.0,0,0.0,0.0,269.0,0.0,0.0,162
5,0,47,5,0,0.0,0,0.0,0.0,283.0,0.0,0.0,170
7,4,47,4,4,1.75,0,0.57142848979593,1.3228756555322954,56.2,0.0,0.5,172
6,0,48,5,0,0.0,0,0.0,0.0,288.0,0.0,0.0,174
7,0,49,5,0,0.0,0,0.0,0.0,294.0,0.0,0.0,177
7,0,46,5,0,0.0,0,0.0,0.0,276.0,0.0,0.0,174
8,0,52,5,0,0.0,0,0.0,0.0,313.0,0.0,0.0,188
7,0,51,5,0,0.0,0,0.0,0.0,306.0,0.0,0.0,187
5,0,50,5,0,0.0,0,0.0,0.0,301.0,0.0,0.0,187
8,2,52,5,1,0.1875,0,0.24999996875000394,0.4330127018922193,105.33333333333333,0.0,0.25,190
4,32,0,0,4,0.0,1,1.0,0.0,0.0,1.0,4.0,0
7,28,1,1,4,1.75,1,1.0,1.3228756555322954,0.27586206896551724,0.0,3.5,0
8,28,0,1,4,1.75,1,1.0,1.3228756555322954,0.0,0.0,3.5,0
8,13,0,3,4,3.484375,1,1.0,1.8666480653835098,0.0,0.0,1.625,0
4,5,0,4,4,1.734375,1,1.0,1.3169567191065923,0.0,0.125,0.625,0
7,1,1,5,1,0.109375,0,0.1428571224489825,0.33071891388307384,3.5,0.0,0.125,17
4,1,5,5,1,0.109375,0,0.24999993750001562,0.33071891388307384,19.0,0.0,0.125,2
7,1,0,5,1,0.109375,0,0.1428571224489825,0.33071891388307384,0.0,0.0,0.125,13
8,1,2,5,1,0.109375,0,0.12499998437500197,0.33071891388307384,7.0,0.0,0.125,17
6,1,8,5,1,0.109375,0,0.16666663888889352,0.33071891388307384,29.5,0.0,0.125,14
7,1,6,5,1,0.109375,0,0.1428571224489825,0.33071891388307384,21.0,0.0,0.125,25
4,2,12,5,1,0.1875,0,0.49999987500003124,0.4330127018922193,28.0,0.0,0.25,12
7,5,7,4,4,1.734375,0,0.7142856122449125,1.3169567191065923,8.166666666666666,0.0,0.625,29
6,1,10,5,1,0.109375,0,0.16666663888889352,0.33071891388307384,36.5,0.0,0.125,36
8,1,3,5,1,0.109375,0,0.12499998437500197,0.33071891388307384,11.0,0.0,0.125,34
4,0,19,5,0,0.0,0,0.0,0.0,126.0,0.0,0.0,20
7,1,7,5,1,0.109375,0,0.1428571224489825,0.33071891388307384,26.0,0.0,0.125,39
7,1,11,5,1,0.109375,0,0.1428571224489825,0.33071891388307384,39.5,0.0,0.125,47
5,1,12,5,1,0.109375,0,0.199999960000008,0.33071891388307384,43.0,0.0,0.125,48
8,1,4,5,1,0.109375,0,0.12499998437500197,0.33071891388307384,15.0,0.0,0.125,55
5,0,15,5,0,0.0,0,0.0,0.0,102.0,0.0,0.0,35
7,1,12,5,1,0.109375,0,0.1428571224489825,0.33071891388307384,42.0,0.0,0.125,57
6,2,14,5,1,0.1875,0,0.33333327777778704,0.4330127018922193,31.333333333333332,0.0,0.25,56
6,2,13,5,1,0.1875,0,0.33333327777778704,0.4330127018922193,29.333333333333332,0.0,0.25,55
8,1,9,5,1,0.109375,0,0.12499998437500197,0.33071891388307384,32.5,0.0,0.125,70
6,0,18,5,0,0.0,0,0.0,0.0,122.0,0.0,0.0,64
7,0,17,5,0,0.0,0,0.0,0.0,115.0,0.0,0.0,55
5,0,19,5,0,0.0,0,0.0,0.0,128.0,0.0,0.0,51
4,0,20,5,0,0.0,0,0.0,0.0,130.0,0.0,0.0,69
8,2,11,5,1,0.1875,0,0.24999996875000394,0.4330127018922193,25.333333333333332,0.0,0.25,80
5,15,22,3,4,3.109375,1,1.0,1.7633419974582356,8.9375,0.0,1.875,69
5,0,20,5,0,0.0,0,0.0,0.0,130.0,0.0,0.0,68
6,15,23,3,4,3.109375,1,1.0,1.7633419974582356,9.25,0.0,1.875,75
8,0,14,5,0,0.0,0,0.0,0.0,94.0,0.0,0.0,78
5,0,23,5,0,0.0,0,0.0,0.0,146.0,0.0,0.0,79
4,0,27,5,0,0.0,0,0.0,0.0,172.0,0.0,0.0,76
4,0,28,5,0,0.0,0,0.0,0.0,176.0,0.0,0.0,84
8,0,16,5,0,0.0,0,0.0,0.0,107.0,0.0,0.0,91
8,15,21,3,4,3.109375,1,1.0,1.7633419974582356,8.4375,0.0,1.875,87
7,0,22,5,0,0.0,0,0.0,0.0,139.0,0.0,0.0,82
5,7,27,4,4,1.859375,1,1.0,1.3635890143294642,21.25,0.0,0.875,81
8,0,24,5,0,0.0,0,0.0,0.0,151.0,0.0,0.0,100
6,0,25,5,0,0.0,0,0.0,0.0,159.0,0.0,0.0,99
7,0,26,5,0,0.0,0,0.0,0.0,165.0,0.0,0.0,103
4,6,28,4,4,1.9375,1,1.0,1.3919410907075054,25.142857142857142,0.125,0.75,82
6,0,27,5,0,0.0,0,0.0,0.0,169.0,0.0,0.0,91
7,4,27,4,4,1.75,0,0.57142848979593,1.3228756555322954,33.4,0.0,0.5,105
4,0,28,5,0,0.0,0,0.0,0.0,175.0,0.0,0.0,98
7,0,26,5,0,0.0,0,0.0,0.0,162.0,0.0,0.0,98
8,0,27,5,0,0.0,0,0.0,0.0,168.0,0.0,0.0,100
4,0,29,5,0,0.0,0,0.0,0.0,179.0,0.0,0.0,102
7,0,30,5,0,0.0,0,0.0,0.0,183.0,0.0,0.0,107
5,0,31,5,0,0.0,0,0.0,0.0,190.0,0.0,0.0,110
4,6,31,4,3,1.6875,1,1.0,1.299038105676658,27.142857142857142,0.0,0.75,106
4,7,37,4,3,1.109375,1,1.0,1.0532687216470449,28.5,0.0,0.875,90
8,0,31,5,0,0.0,0,0.0,0.0,188.0,0.0,0.0,112
4,0,32,5,0,0.0,0,0.0,0.0,197.0,0.0,0.0,98
4,0,35,5,0,0.0,0,0.0,0.0,216.0,0.0,0.0,91
6,0,33,5,0,0.0,0,0.0,0.0,201.0,0.0,0.0,103
6,0,30,5,0,0.0,0,0.0,0.0,184.0,0.0,0.0,110
8,13,31,3,4,2.734375,1,1.0,1.653594569415369,13.428571428571429,0.0,1.625,130
4,0,41,5,0,0.0,0,0.0,0.0,253.0,0.0,0.0,85
4,0,44,5,0,0.0,0,0.0,0.0,273.0,0.0,0.0,87
4,0,40,5,0,0.0,0,0.0,0.0,249.0,0.0,0.0,83
5,7,36,4,4,2.359375,1,1.0,1.5360257159305635,27.75,0.0,0.875,112
8,7,30,4,4,2.359375,0,0.8749998906250137,1.5360257159305635,22.875,0.0,0.875,140
7,0,31,5,0,0.0,0,0.0,0.0,190.0,0.0,0.0,134
4,1,47,5,1,0.109375,0,0.24999993750001562,0.33071891388307384,146.5,0.0,0.125,87
4,2,53,5,2,0.4375,0,0.49999987500003124,0.6614378277661477,108.66666666666667,0.0,0.25,82
4,2,52,5,2,0.4375,0,0.49999987500003124,0.6614378277661477,108.0,0.0,0.25,83
7,0,34,5,0,0.0,0,0.0,0.0,209.0,0.0,0.0,147
4,8,54,4,4,2.25,1,1.0,1.5,36.666666666666664,0.125,1.0,84
4,6,54,4,4,1.6875,1,1.0,1.299038105676658,46.57142857142857,0.125,0.75,86
8,0,33,5,0,0.0,0,0.0,0.0,201.0,0.0,0.0,145
5,0,39,5,0,0.0,0,0.0,0.0,243.0,0.0,0.0,118
8,0,37,5,0,0.0,0,0.0,0.0,227.0,0.0,0.0,161
4,0,58,5,0,0.0,0,0.0,0.0,345.0,0.0,0.0,82
7,8,36,4,4,2.25,1,1.0,1.5,24.77777777777778,0.0,1.0,159
7,0,36,5,0,0.0,0,0.0,0.0,220.0,0.0,0.0,157
6,2,36,5,2,0.4375,0,0.33333327777778704,0.6614378277661477,74.0,0.0,0.25,159
6,6,38,4,3,1.1875,1,0.9999998333333611,1.0897247358851685,33.57142857142857,0.0,0.75,163
8,2,37,5,1,0.1875,0,0.24999996875000394,0.4330127018922193,75.66666666666667,0.0,0.25,161
5,5,41,4,4,1.734375,1,0.99999980000004,1.3169567191065923,42.5,0.0,0.625,154
6,0,40,5,0,0.0,0,0.0,0.0,250.0,0.0,0.0,174
7,0,38,5,0,0.0,0,0.0,0.0,235.0,0.0,0.0,168
8,0,39,5,0,0.0,0,0.0,0.0,242.0,0.0,0.0,175
5,0,45,5,0,0.0,0,0.0,0.0,277.0,0.0,0.0,163
5,0,49,5,0,0.0,0,0.0,0.0,305.0,0.0,0.0,162
6,5,48,4,4,1.734375,0,0.8333331944444675,1.3169567191065923,49.5,0.0,0.625,158
7,5,40,4,4,1.734375,0,0.7142856122449125,1.3169567191065923,41.333333333333336,0.0,0.625,182
8,8,40,4,4,2.25,1,0.9999998750000157,1.5,27.666666666666668,0.0,1.0,181
5,4,53,4,2,0.5,0,0.799999840000032,0.7071067811865476,66.4,0.0,0.5,175
6,0,51,5,0,0.0,0,0.0,0.0,318.0,0.0,0.0,173
5,16,53,3,4,2.5,1,1.0,1.5811388300841898,19.58823529411765,0.0,2.0,176
8,0,42,5,0,0.0,0,0.0,0.0,257.0,0.0,0.0,198
8,0,43,5,0,0.0,0,0.0,0.0,265.0,0.0,0.0,201
5,2,52,5,2,0.4375,0,0.399999920000016,0.6614378277661477,107.0,0.0,0.25,180
7,1,46,5,1,0.109375,0,0.1428571224489825,0.33071891388307384,143.0,0.0,0.125,208
5,6,55,4,4,1.6875,1,1.0,1.299038105676658,47.142857142857146,0.0,0.75,171
5,0,55,5,0,0.0,0,0.0,0.0,329.0,0.0,0.0,178
7,5,49,4,4,1.734375,0,0.7142856122449125,1.3169567191065923,50.5,0.0,0.625,209
8,1,45,5,1,0.109375,0,0.12499998437500197,0.33071891388307384,139.0,0.0,0.125,208
5,0,57,5,0,0.0,0,0.0,0.0,339.0,0.0,0.0,194
5,0,56,5,0,0.0,0,0.0,0.0,334.0,0.0,0.0,190
6,4,59,4,2,0.5,0,0.6666665555555741,0.7071067811865476,69.8,0.0,0.5,192
7,2,54,5,2,0.4375,0,0.285714244897965,0.6614378277661477,110.0,0.0,0.25,198
8,0,50,5,0,0.0,0,0.0,0.0,310.0,0.0,0.0,224
6,0,59,5,0,0.0,0,0.0,0.0,351.0,0.0,0.0,199
8,4,52,4,2,0.5,0,0.4999999375000079,0.7071067811865476,64.8,0.0,0.5,231
8,0,57,5,0,0.0,0,0.0,0.0,337.0,0.0,0.0,208
