job_gpu,total_free,queue_length,running_jobs,max_free_node,variance_free,can_fit_now,gpu_fit_ratio,fragmentation,queue_pressure,node_availability,avg_free_per_node,wait_time
1,32,0,0,4,0.0,1,1.0,0.0,0.0,1.0,4.0,0
2,30,0,2,4,0.4375,1,1.0,0.6614378277661477,0.0,1.0,3.75,0
2,30,2,2,4,0.4375,1,1.0,0.6614378277661477,0.12903225806451613,1.0,3.75,0
1,24,3,5,4,3.0,1,1.0,1.7320508075688772,0.24,0.75,3.0,0
1,17,0,9,4,3.609375,1,1.0,1.899835519196333,0.0,0.625,2.125,0
2,24,0,5,4,3.0,1,1.0,1.7320508075688772,0.0,0.75,3.0,0
1,16,0,10,4,4.0,1,1.0,2.0,0.0,0.5,2.0,0
2,14,0,12,4,3.4375,1,1.0,1.8540496217739157,0.0,0.5,1.75,0
2,24,1,5,4,3.0,1,1.0,1.7320508075688772,0.08,0.75,3.0,0
1,31,0,1,4,0.109375,1,1.0,0.33071891388307384,0.0,1.0,3.875,0
2,30,1,2,4,0.4375,1,1.0,0.6614378277661477,0.06451612903225806,1.0,3.75,0
2,24,2,5,4,3.0,1,1.0,1.7320508075688772,0.16,0.75,3.0,0
2,12,0,13,4,3.75,1,1.0,1.9364916731037085,0.0,0.375,1.5,0
1,15,0,11,4,3.609375,1,1.0,1.899835519196333,0.0,0.5,1.875,0
1,13,0,12,4,3.484375,1,1.0,1.8666480653835098,0.0,0.5,1.625,0
2,18,2,9,4,1.6875,1,1.0,1.299038105676658,0.15789473684210525,0.75,2.25,0
1,18,1,9,4,1.6875,1,1.0,1.299038105676658,0.10526315789473684,0.875,2.25,0
2,16,0,10,4,2.0,1,1.0,1.4142135623730951,0.0,0.75,2.0,0
1,17,0,9,4,1.609375,1,1.0,1.2686114456365274,0.0,0.875,2.125,0
2,13,0,12,4,2.484375,1,1.0,1.5761900266148114,0.0,0.5,1.625,0
2,8,0,15,4,2.0,1,1.0,1.4142135623730951,0.0,0.375,1.0,0
2,18,0,9,4,1.6875,1,1.0,1.299038105676658,0.0,0.75,2.25,0
1,13,0,12,4,2.984375,1,1.0,1.7275343701356567,0.0,0.5,1.625,0
2,13,1,12,4,2.484375,1,1.0,1.5761900266148114,0.14285714285714285,0.5,1.625,0
2,14,0,12,4,2.4375,1,1.0,1.5612494995995996,0.0,0.625,1.75,0
2,2,1,17,2,0.4375,1,0.99999950000025,0.6614378277661477,0.6666666666666666,0.125,0.25,1
3,13,2,12,4,2.484375,1,1.0,1.5761900266148114,0.2857142857142857,0.25,1.625,0
1,5,0,16,4,1.734375,1,1.0,1.3169567191065923,0.0,0.25,0.625,0
2,8,1,15,4,2.0,1,1.0,1.4142135623730951,0.2222222222222222,0.375,1.0,0
4,4,0,17,4,1.75,1,0.9999997500000625,1.3228756555322954,0.0,0.125,0.5,0
2,2,2,16,1,0.1875,1,0.99999950000025,0.4330127018922193,0.6666666666666666,0.0,0.25,2
1,6,0,15,4,1.9375,1,1.0,1.3919410907075054,0.0,0.25,0.75,0
2,2,0,17,2,0.4375,1,0.99999950000025,0.6614378277661477,0.0,0.125,0.25,0
1,0,0,17,0,0.0,0,0.0,0.0,0.0,0.0,0.0,1
1,5,1,17,2,0.484375,1,1.0,0.6959705453537527,0.16666666666666666,0.5,0.625,0
1,2,0,16,1,0.1875,1,1.0,0.4330127018922193,0.0,0.25,0.25,0
1,2,1,16,1,0.1875,1,1.0,0.4330127018922193,0.3333333333333333,0.25,0.25,0
2,10,0,16,3,1.1875,1,1.0,1.0897247358851685,0.0,0.5,1.25,0
1,10,1,16,3,1.1875,1,1.0,1.0897247358851685,0.18181818181818182,0.625,1.25,0
1,10,0,16,3,1.6875,1,1.0,1.299038105676658,0.0,0.5,1.25,0
1,3,1,16,2,0.484375,1,1.0,0.6959705453537527,0.5,0.25,0.375,0
1,2,1,17,1,0.1875,1,1.0,0.4330127018922193,0.3333333333333333,0.25,0.25,0
1,2,2,17,1,0.1875,1,1.0,0.4330127018922193,0.6666666666666666,0.25,0.25,1
1,14,0,16,4,2.1875,1,1.0,1.479019945774904,0.0,0.625,1.75,0
1,0,0,18,0,0.0,0,0.0,0.0,0.0,0.0,0.0,1
1,17,1,14,4,2.859375,1,1.0,1.6909686573085854,0.1111111111111111,0.75,2.125,0
1,2,1,18,2,0.4375,1,1.0,0.6614378277661477,0.3333333333333333,0.125,0.25,0
1,5,0,17,2,0.484375,1,1.0,0.6959705453537527,0.0,0.5,0.625,0
2,15,3,15,4,3.109375,1,1.0,1.7633419974582356,0.5,0.5,1.875,0
4,15,2,15,4,3.109375,1,1.0,1.7633419974582356,0.25,0.375,1.875,0
2,6,0,18,4,1.6875,1,1.0,1.299038105676658,0.0,0.125,0.75,0
2,3,1,20,3,0.984375,1,1.0,0.9921567416492215,0.25,0.125,0.375,0
3,5,0,18,2,0.734375,1,1.0,0.8569568250501305,0.0,0.0,0.625,0
1,10,1,16,3,1.6875,1,1.0,1.299038105676658,0.09090909090909091,0.5,1.25,0
1,15,0,15,4,3.109375,1,1.0,1.7633419974582356,0.0,0.625,1.875,0
2,17,0,14,4,2.859375,1,1.0,1.6909686573085854,0.0,0.5,2.125,0
3,15,1,15,4,3.109375,1,1.0,1.7633419974582356,0.0625,0.375,1.875,0
1,6,1,18,4,1.6875,1,1.0,1.299038105676658,0.2857142857142857,0.375,0.75,0
1,5,0,15,2,0.734375,1,1.0,0.8569568250501305,0.0,0.375,0.625,0
1,3,0,20,3,0.984375,1,1.0,0.9921567416492215,0.0,0.125,0.375,0
1,5,0,15,2,0.484375,1,1.0,0.6959705453537527,0.0,0.5,0.625,0
2,6,0,15,2,0.6875,1,1.0,0.82915619758885,0.0,0.25,0.75,0
1,16,0,10,4,1.25,1,1.0,1.118033988749895,0.0,0.875,2.0,0
2,21,0,8,4,2.734375,1,1.0,1.653594569415369,0.0,0.75,2.625,0
1,21,0,7,4,3.234375,1,1.0,1.79843682124227,0.0,0.75,2.625,0
3,15,3,10,4,3.609375,1,1.0,1.899835519196333,0.3125,0.5,1.875,0
3,7,0,14,4,2.359375,1,1.0,1.5360257159305635,0.0,0.25,0.875,0
2,21,0,8,4,1.484375,1,1.0,1.2183492931011204,0.0,0.75,2.625,0
1,19,0,9,4,0.984375,1,1.0,0.9921567416492215,0.0,1.0,2.375,0
2,15,0,10,4,3.609375,1,1.0,1.899835519196333,0.0,0.5,1.875,0
3,7,1,14,4,2.359375,1,1.0,1.5360257159305635,0.375,0.25,0.875,0
2,21,1,8,4,1.484375,1,1.0,1.2183492931011204,0.09090909090909091,0.75,2.625,0
1,20,0,8,4,3.0,1,1.0,1.7320508075688772,0.0,0.75,2.5,0
1,1,1,16,1,0.109375,1,0.9999990000010001,0.33071891388307384,1.0,0.125,0.125,0
1,21,1,7,4,3.234375,1,1.0,1.79843682124227,0.045454545454545456,0.75,2.625,0
2,15,1,10,4,3.609375,1,1.0,1.899835519196333,0.125,0.5,1.875,0
1,15,2,10,4,3.609375,1,1.0,1.899835519196333,0.25,0.5,1.875,0
4,20,1,8,4,3.0,1,1.0,1.7320508075688772,0.047619047619047616,0.5,2.5,0
2,17,0,9,4,2.859375,1,1.0,1.6909686573085854,0.0,0.5,2.125,0
1,3,1,16,2,0.484375,1,1.0,0.6959705453537527,0.25,0.25,0.375,0
3,4,0,17,4,1.75,1,1.0,1.3228756555322954,0.0,0.125,0.5,0
2,1,0,16,1,0.109375,0,0.499999750000125,0.33071891388307384,0.0,0.0,0.125,7
3,3,0,17,1,0.234375,1,0.9999996666667778,0.4841229182759271,0.0,0.0,0.375,0
1,1,1,16,1,0.109375,1,0.9999990000010001,0.33071891388307384,1.0,0.125,0.125,0
1,3,0,16,2,0.484375,1,1.0,0.6959705453537527,0.0,0.25,0.375,0
1,3,1,15,2,0.484375,1,1.0,0.6959705453537527,0.5,0.25,0.375,0
2,6,0,15,3,0.9375,1,1.0,0.9682458365518543,0.0,0.125,0.75,0
2,6,0,15,3,1.1875,1,1.0,1.0897247358851685,0.0,0.25,0.75,0
1,6,0,15,3,1.1875,1,1.0,1.0897247358851685,0.0,0.375,0.75,0
1,19,0,9,3,0.734375,1,1.0,0.8569568250501305,0.0,1.0,2.375,0
1,9,1,12,3,1.109375,1,1.0,1.0532687216470449,0.1,0.625,1.125,0
1,17,0,11,4,1.609375,1,1.0,1.2686114456365274,0.0,0.875,2.125,0
1,9,0,12,3,1.109375,1,1.0,1.0532687216470449,0.0,0.625,1.125,0
2,18,0,10,3,1.1875,1,1.0,1.0897247358851685,0.0,0.75,2.25,0
2,17,0,11,4,2.359375,1,1.0,1.5360257159305635,0.0,0.625,2.125,0
2,14,1,12,4,3.4375,1,1.0,1.8540496217739157,0.13333333333333333,0.5,1.75,0
2,12,0,13,4,2.5,1,1.0,1.5811388300841898,0.0,0.375,1.5,0
1,10,2,14,4,2.6875,1,1.0,1.6393596310755,0.36363636363636365,0.5,1.25,0
2,18,1,10,3,1.1875,1,1.0,1.0897247358851685,0.10526315789473684,0.75,2.25,0
2,10,1,14,4,2.6875,1,1.0,1.6393596310755,0.18181818181818182,0.25,1.25,0
2,17,1,11,4,2.359375,1,1.0,1.5360257159305635,0.1111111111111111,0.625,2.125,0
2,11,0,14,4,2.484375,1,1.0,1.5761900266148114,0.0,0.25,1.375,0
2,10,0,14,4,2.6875,1,1.0,1.6393596310755,0.0,0.25,1.25,0
2,10,3,14,4,2.6875,1,1.0,1.6393596310755,0.45454545454545453,0.25,1.25,0
2,14,0,12,4,3.4375,1,1.0,1.8540496217739157,0.0,0.5,1.75,0
1,11,0,13,4,2.734375,1,1.0,1.653594569415369,0.0,0.5,1.375,0
1,12,1,13,4,2.5,1,1.0,1.5811388300841898,0.15384615384615385,0.625,1.5,0
1,9,0,15,4,2.859375,1,1.0,1.6909686573085854,0.0,0.375,1.125,0
2,3,0,18,3,0.984375,1,1.0,0.9921567416492215,0.0,0.125,0.375,0
1,2,0,18,1,0.1875,1,1.0,0.4330127018922193,0.0,0.25,0.25,0
1,32,0,0,4,0.0,1,1.0,0.0,0.0,1.0,4.0,0
2,30,0,2,4,0.4375,1,1.0,0.6614378277661477,0.0,1.0,3.75,0
1,32,1,0,4,0.0,1,1.0,0.0,0.030303030303030304,1.0,4.0,0
1,26,0,4,4,1.9375,1,1.0,1.3919410907075054,0.0,0.875,3.25,0
2,24,0,6,4,3.0,1,1.0,1.7320508075688772,0.0,0.75,3.0,0
1,25,0,5,4,2.359375,1,1.0,1.5360257159305635,0.0,0.875,3.125,0
2,28,0,3,4,1.75,1,1.0,1.3228756555322954,0.0,0.875,3.5,0
2,26,2,4,4,1.9375,1,1.0,1.3919410907075054,0.07407407407407407,0.875,3.25,0
2,22,0,7,4,2.9375,1,1.0,1.713913650100261,0.0,0.75,2.75,0
4,22,2,7,4,2.9375,1,1.0,1.713913650100261,0.21739130434782608,0.625,2.75,0
1,23,0,6,4,2.359375,1,1.0,1.5360257159305635,0.0,0.875,2.875,0
3,22,1,7,4,2.9375,1,1.0,1.713913650100261,0.08695652173913043,0.625,2.75,0
1,26,1,4,4,1.9375,1,1.0,1.3919410907075054,0.037037037037037035,0.875,3.25,0
2,15,0,9,4,3.109375,1,1.0,1.7633419974582356,0.0,0.5,1.875,0
1,12,1,12,4,3.75,1,1.0,1.9364916731037085,0.15384615384615385,0.375,1.5,0
1,14,0,9,4,3.1875,1,1.0,1.7853571071357126,0.0,0.625,1.75,0
1,14,1,10,4,3.4375,1,1.0,1.8540496217739157,0.06666666666666667,0.5,1.75,0
1,26,0,4,4,1.9375,1,1.0,1.3919410907075054,0.0,0.875,3.25,0
2,12,0,12,4,3.75,1,1.0,1.9364916731037085,0.0,0.375,1.5,0
1,9,0,14,4,2.359375,1,1.0,1.5360257159305635,0.0,0.375,1.125,0
1,14,1,9,4,3.1875,1,1.0,1.7853571071357126,0.06666666666666667,0.625,1.75,0
2,9,0,14,4,2.859375,1,1.0,1.6909686573085854,0.0,0.25,1.125,0
1,14,0,10,4,3.4375,1,1.0,1.8540496217739157,0.0,0.5,1.75,0
2,12,0,15,4,2.25,1,1.0,1.5,0.0,0.375,1.5,0
2,11,0,15,4,2.484375,1,1.0,1.5761900266148114,0.0,0.375,1.375,0
1,8,0,15,4,2.25,1,1.0,1.5,0.0,0.375,1.0,0
1,9,0,15,4,2.359375,1,1.0,1.5360257159305635,0.0,0.375,1.125,0
1,12,0,15,4,2.25,1,1.0,1.5,0.0,0.625,1.5,0
1,18,0,9,4,1.1875,1,1.0,1.0897247358851685,0.0,0.875,2.25,0
3,13,0,15,4,2.734375,1,1.0,1.653594569415369,0.0,0.5,1.625,0
2,11,1,12,4,2.484375,1,1.0,1.5761900266148114,0.08333333333333333,0.375,1.375,0
2,17,1,10,4,1.359375,1,1.0,1.165922381636102,0.2222222222222222,0.75,2.125,0
4,10,1,13,4,2.9375,1,1.0,1.713913650100261,0.18181818181818182,0.25,1.25,0
4,17,0,10,4,1.359375,1,1.0,1.165922381636102,0.0,0.125,2.125,0
2,5,1,14,4,1.734375,1,1.0,1.3169567191065923,0.3333333333333333,0.125,0.625,0
2,5,0,14,4,1.734375,1,1.0,1.3169567191065923,0.0,0.125,0.625,0
2,2,0,16,1,0.1875,1,0.99999950000025,0.4330127018922193,0.0,0.0,0.25,0
2,0,2,17,0,0.0,0,0.0,0.0,3.0,0.0,0.0,2
1,11,0,12,4,2.484375,1,1.0,1.5761900266148114,0.0,0.5,1.375,0
1,9,0,13,4,2.109375,1,1.0,1.4523687548277813,0.0,0.5,1.125,0
1,5,2,14,4,1.734375,1,1.0,1.3169567191065923,0.6666666666666666,0.25,0.625,0
1,0,0,17,0,0.0,0,0.0,0.0,0.0,0.0,0.0,1
2,2,3,16,1,0.1875,1,0.99999950000025,0.4330127018922193,1.6666666666666667,0.0,0.25,4
2,10,0,13,4,2.9375,1,1.0,1.713913650100261,0.0,0.375,1.25,0
2,0,1,17,0,0.0,0,0.0,0.0,1.0,0.0,0.0,2
1,4,0,17,2,0.5,1,1.0,0.7071067811865476,0.0,0.375,0.5,0
1,1,1,16,1,0.109375,1,0.9999990000010001,0.33071891388307384,1.0,0.125,0.125,0
2,1,2,16,1,0.109375,0,0.499999750000125,0.33071891388307384,1.5,0.0,0.125,1
1,4,4,14,2,0.5,1,1.0,0.7071067811865476,1.6,0.375,0.5,1
2,4,3,14,2,0.5,1,1.0,0.7071067811865476,1.2,0.125,0.5,3
1,9,0,15,3,1.109375,1,1.0,1.0532687216470449,0.0,0.625,1.125,0
2,1,3,15,1,0.109375,0,0.499999750000125,0.33071891388307384,2.5,0.0,0.125,4
2,2,0,17,2,0.4375,1,0.99999950000025,0.6614378277661477,0.0,0.125,0.25,0
2,2,1,17,2,0.4375,1,0.99999950000025,0.6614378277661477,0.6666666666666666,0.125,0.25,1
1,11,0,13,4,1.984375,1,1.0,1.4086784586980805,0.0,0.625,1.375,0
1,7,0,14,4,1.859375,1,1.0,1.3635890143294642,0.0,0.375,0.875,0
2,10,1,14,4,2.1875,1,1.0,1.479019945774904,0.36363636363636365,0.375,1.25,0
1,7,0,13,4,1.609375,1,1.0,1.2686114456365274,0.0,0.5,0.875,0
4,8,0,14,4,2.0,1,1.0,1.4142135623730951,0.0,0.125,1.0,0
4,10,0,14,4,2.1875,1,1.0,1.479019945774904,0.0,0.125,1.25,0
1,8,0,12,4,1.75,1,1.0,1.3228756555322954,0.0,0.5,1.0,0
2,10,1,12,4,2.6875,1,1.0,1.6393596310755,0.09090909090909091,0.25,1.25,0
1,7,0,13,4,1.859375,1,1.0,1.3635890143294642,0.0,0.375,0.875,0
1,12,0,11,4,2.0,1,1.0,1.4142135623730951,0.0,0.625,1.5,0
2,9,1,12,4,1.609375,1,1.0,1.2686114456365274,0.1,0.25,1.125,0
2,7,0,13,4,1.609375,1,1.0,1.2686114456365274,0.0,0.125,0.875,0
1,10,0,12,4,2.6875,1,1.0,1.6393596310755,0.0,0.5,1.25,0
1,11,0,11,4,2.234375,1,1.0,1.4947825928876748,0.0,0.5,1.375,0
1,11,0,12,4,2.234375,1,1.0,1.4947825928876748,0.0,0.5,1.375,0
1,11,1,12,4,2.234375,1,1.0,1.4947825928876748,0.08333333333333333,0.5,1.375,0
1,10,0,13,4,2.1875,1,1.0,1.479019945774904,0.0,0.5,1.25,0
1,9,0,12,4,1.609375,1,1.0,1.2686114456365274,0.0,0.625,1.125,0
4,10,1,13,4,2.1875,1,1.0,1.479019945774904,0.09090909090909091,0.125,1.25,0
2,6,0,17,4,1.6875,1,1.0,1.299038105676658,0.0,0.125,0.75,0
2,8,0,16,4,1.5,1,1.0,1.224744871391589,0.0,0.125,1.0,0
1,9,0,15,4,1.609375,1,1.0,1.2686114456365274,0.0,0.625,1.125,0
2,2,0,18,1,0.1875,1,0.99999950000025,0.4330127018922193,0.0,0.0,0.25,0
2,2,1,18,1,0.1875,1,0.99999950000025,0.4330127018922193,0.6666666666666666,0.0,0.25,1
2,9,0,14,4,1.859375,1,1.0,1.3635890143294642,0.0,0.375,1.125,0
3,2,0,19,2,0.4375,0,0.6666664444445185,0.6614378277661477,0.0,0.0,0.25,1
1,2,2,18,1,0.1875,1,1.0,0.4330127018922193,1.3333333333333333,0.25,0.25,2
2,9,1,14,4,1.859375,1,1.0,1.3635890143294642,0.2,0.375,1.125,0
2,6,1,17,4,1.6875,1,1.0,1.299038105676658,0.2857142857142857,0.125,0.75,0
1,4,1,18,2,0.5,1,1.0,0.7071067811865476,0.6,0.375,0.5,0
2,2,2,18,1,0.1875,1,0.99999950000025,0.4330127018922193,1.0,0.0,0.25,1
1,8,0,16,4,1.5,1,1.0,1.224744871391589,0.0,0.625,1.0,0
1,3,3,17,2,0.484375,1,1.0,0.6959705453537527,1.25,0.25,0.375,5
1,0,2,19,0,0.0,0,0.0,0.0,3.0,0.0,0.0,4
2,2,5,16,1,0.1875,1,0.99999950000025,0.4330127018922193,1.6666666666666667,0.0,0.25,1
2,3,2,17,2,0.484375,1,1.0,0.6959705453537527,0.75,0.125,0.375,4
1,3,1,19,1,0.234375,1,1.0,0.4841229182759271,0.25,0.375,0.375,0
1,0,4,19,0,0.0,0,0.0,0.0,5.0,0.0,0.0,4
1,13,0,14,4,2.234375,1,1.0,1.4947825928876748,0.0,0.625,1.625,0
1,0,3,19,0,0.0,0,0.0,0.0,4.0,0.0,0.0,5
1,9,0,17,4,2.359375,1,1.0,1.5360257159305635,0.0,0.375,1.125,0
1,0,5,19,0,0.0,0,0.0,0.0,6.0,0.0,0.0,4
1,4,0,19,2,0.5,1,1.0,0.7071067811865476,0.0,0.375,0.5,0
1,2,6,16,1,0.1875,1,1.0,0.4330127018922193,2.3333333333333335,0.25,0.25,1
1,3,0,19,1,0.234375,1,1.0,0.4841229182759271,0.0,0.375,0.375,0
2,4,0,19,1,0.25,1,1.0,0.5,0.0,0.0,0.5,0
1,9,0,17,2,0.609375,1,1.0,0.7806247497997998,0.0,0.75,1.125,0
3,12,0,16,4,2.0,1,1.0,1.4142135623730951,0.0,0.25,1.5,0
2,16,0,13,4,1.75,1,1.0,1.3228756555322954,0.0,0.5,2.0,0
1,13,0,14,4,2.234375,1,1.0,1.4947825928876748,0.0,0.625,1.625,0
1,15,1,13,4,2.109375,1,1.0,1.4523687548277813,0.0625,0.75,1.875,0
2,13,0,15,4,1.984375,1,1.0,1.4086784586980805,0.0,0.375,1.625,0
1,10,0,14,4,2.1875,1,1.0,1.479019945774904,0.0,0.5,1.25,0
4,13,0,14,4,2.234375,1,1.0,1.4947825928876748,0.0,0.125,1.625,0
1,15,0,13,4,2.109375,1,1.0,1.4523687548277813,0.0,0.75,1.875,0
1,13,1,14,4,2.234375,1,1.0,1.4947825928876748,0.2857142857142857,0.625,1.625,0
2,32,0,0,4,0.0,1,1.0,0.0,0.0,1.0,4.0,0
4,29,2,2,4,0.984375,1,1.0,0.9921567416492215,0.13333333333333333,0.875,3.625,0
1,30,0,1,4,0.4375,1,1.0,0.6614378277661477,0.0,1.0,3.75,0
2,29,1,2,4,0.984375,1,1.0,0.9921567416492215,0.06666666666666667,0.875,3.625,0
2,29,3,2,4,0.984375,1,1.0,0.9921567416492215,0.26666666666666666,0.875,3.625,0
1,19,0,6,4,3.484375,1,1.0,1.8666480653835098,0.0,0.625,2.375,0
1,17,2,8,4,3.609375,1,1.0,1.899835519196333,0.16666666666666666,0.625,2.125,0
1,17,1,8,4,3.609375,1,1.0,1.899835519196333,0.1111111111111111,0.625,2.125,0
2,17,0,8,4,3.609375,1,1.0,1.899835519196333,0.0,0.5,2.125,0
2,29,0,2,4,0.984375,1,1.0,0.9921567416492215,0.0,0.875,3.625,0
1,4,0,16,4,1.75,1,1.0,1.3228756555322954,0.0,0.125,0.5,0
1,18,0,7,4,3.4375,1,1.0,1.8540496217739157,0.0,0.625,2.25,0
2,12,0,11,4,3.75,1,1.0,1.9364916731037085,0.0,0.375,1.5,0
2,14,1,11,4,2.6875,1,1.0,1.6393596310755,0.06666666666666667,0.5,1.75,0
1,14,0,11,4,2.6875,1,1.0,1.6393596310755,0.0,0.625,1.75,0
2,3,1,17,3,0.984375,1,1.0,0.9921567416492215,0.25,0.125,0.375,0
3,15,0,10,4,3.109375,1,1.0,1.7633419974582356,0.0,0.375,1.875,0
2,14,4,11,4,2.6875,1,1.0,1.6393596310755,0.5333333333333333,0.5,1.75,0
4,14,2,11,4,2.6875,1,1.0,1.6393596310755,0.2,0.25,1.75,0
1,14,3,11,4,2.6875,1,1.0,1.6393596310755,0.4666666666666667,0.625,1.75,0
1,1,3,17,1,0.109375,1,0.9999990000010001,0.33071891388307384,2.5,0.125,0.125,1
2,3,3,17,3,0.984375,1,1.0,0.9921567416492215,1.5,0.125,0.375,2
1,3,0,17,3,0.984375,1,1.0,0.9921567416492215,0.0,0.125,0.375,0
3,3,2,17,3,0.984375,1,0.9999996666667778,0.9921567416492215,0.75,0.125,0.375,1
2,2,2,17,1,0.1875,1,0.99999950000025,0.4330127018922193,1.3333333333333333,0.0,0.25,7
1,1,4,17,1,0.109375,1,0.9999990000010001,0.33071891388307384,3.0,0.125,0.125,3
2,0,4,18,0,0.0,0,0.0,0.0,6.0,0.0,0.0,6
1,2,5,17,1,0.1875,1,1.0,0.4330127018922193,3.0,0.25,0.25,4
1,2,3,17,1,0.1875,1,1.0,0.4330127018922193,2.0,0.25,0.25,2
2,3,4,16,2,0.484375,1,1.0,0.6959705453537527,1.75,0.125,0.375,3
2,3,2,17,2,0.484375,1,1.0,0.6959705453537527,1.25,0.125,0.375,7
1,8,0,14,3,1.0,1,1.0,1.0,0.0,0.625,1.0,0
1,0,3,18,0,0.0,0,0.0,0.0,5.0,0.0,0.0,4
2,8,1,15,3,1.0,1,1.0,1.0,0.1111111111111111,0.25,1.0,0
2,11,1,14,3,1.484375,1,1.0,1.2183492931011204,0.16666666666666666,0.5,1.375,0
4,11,2,14,3,1.484375,1,1.0,1.2183492931011204,0.3333333333333333,0.0,1.375,0
2,2,6,17,1,0.1875,1,0.99999950000025,0.4330127018922193,3.3333333333333335,0.0,0.25,6
2,4,0,16,1,0.25,1,1.0,0.5,0.0,0.0,0.5,0
1,8,0,15,3,1.0,1,1.0,1.0,0.0,0.625,1.0,0
2,2,0,17,1,0.1875,1,0.99999950000025,0.4330127018922193,0.0,0.0,0.25,0
1,9,0,14,3,0.859375,1,1.0,0.9270248108869579,0.0,0.75,1.125,0
2,2,4,17,1,0.1875,1,0.99999950000025,0.4330127018922193,2.3333333333333335,0.0,0.25,5
2,11,3,14,3,1.484375,1,1.0,1.2183492931011204,0.6666666666666666,0.5,1.375,0
2,3,5,16,2,0.484375,1,1.0,0.6959705453537527,2.25,0.125,0.375,3
1,3,0,16,2,0.484375,1,1.0,0.6959705453537527,0.0,0.25,0.375,0
2,3,0,16,2,0.484375,1,1.0,0.6959705453537527,0.0,0.125,0.375,0
2,11,0,14,3,1.484375,1,1.0,1.2183492931011204,0.0,0.5,1.375,0
1,11,0,12,3,0.984375,1,1.0,0.9921567416492215,0.0,0.75,1.375,0
2,3,1,16,2,0.484375,1,1.0,0.6959705453537527,0.5,0.125,0.375,1
2,11,2,12,3,0.984375,1,1.0,0.9921567416492215,0.25,0.5,1.375,0
2,13,1,11,3,1.234375,1,1.0,1.1110243021644486,0.14285714285714285,0.625,1.625,0
4,17,1,8,4,2.359375,1,1.0,1.5360257159305635,0.05555555555555555,0.25,2.125,0
2,13,0,11,3,1.234375,1,1.0,1.1110243021644486,0.0,0.625,1.625,0
2,11,1,12,3,0.984375,1,1.0,0.9921567416492215,0.08333333333333333,0.5,1.375,0
2,8,0,10,4,1.75,1,1.0,1.3228756555322954,0.0,0.25,1.0,0
2,13,2,11,3,1.234375,1,1.0,1.1110243021644486,0.2857142857142857,0.625,1.625,0
1,8,1,10,4,1.75,1,1.0,1.3228756555322954,0.2222222222222222,0.5,1.0,0
1,8,2,10,4,1.75,1,1.0,1.3228756555322954,0.3333333333333333,0.5,1.0,0
1,7,0,12,3,1.109375,1,1.0,1.0532687216470449,0.0,0.5,0.875,0
2,7,1,12,3,1.109375,1,1.0,1.0532687216470449,0.125,0.25,0.875,0
1,17,0,8,4,2.359375,1,1.0,1.5360257159305635,0.0,0.75,2.125,0
4,9,0,11,4,2.859375,1,1.0,1.6909686573085854,0.0,0.25,1.125,0
3,12,0,10,4,3.0,1,1.0,1.7320508075688772,0.0,0.375,1.5,0
1,4,0,13,4,1.75,1,1.0,1.3228756555322954,0.0,0.125,0.5,0
2,3,0,14,3,0.984375,1,1.0,0.9921567416492215,0.0,0.125,0.375,0
1,5,1,16,2,0.484375,1,1.0,0.6959705453537527,0.6666666666666666,0.5,0.625,0
1,5,1,16,2,0.734375,1,1.0,0.8569568250501305,0.3333333333333333,0.375,0.625,0
1,7,0,14,3,1.109375,1,1.0,1.0532687216470449,0.0,0.5,0.875,0
1,5,2,16,2,0.484375,1,1.0,0.6959705453537527,0.8333333333333334,0.5,0.625,1
2,2,1,17,1,0.1875,1,0.99999950000025,0.4330127018922193,0.3333333333333333,0.0,0.25,2
4,5,0,16,2,0.484375,1,1.0,0.6959705453537527,0.0,0.0,0.625,0
2,5,2,16,2,0.734375,1,1.0,0.8569568250501305,0.5,0.25,0.625,0
1,8,0,13,3,1.0,1,1.0,1.0,0.0,0.625,1.0,0
2,2,0,18,1,0.1875,1,0.99999950000025,0.4330127018922193,0.0,0.0,0.25,0
2,1,1,18,1,0.109375,0,0.499999750000125,0.33071891388307384,1.0,0.0,0.125,2
1,7,1,14,3,1.109375,1,1.0,1.0532687216470449,0.125,0.5,0.875,0
1,2,2,17,1,0.1875,1,1.0,0.4330127018922193,1.3333333333333333,0.25,0.25,1
2,2,1,18,1,0.1875,1,0.99999950000025,0.4330127018922193,0.6666666666666666,0.0,0.25,2
1,4,0,17,3,1.0,1,1.0,1.0,0.0,0.25,0.5,0
1,4,1,17,3,1.0,1,1.0,1.0,0.2,0.25,0.5,0
2,4,2,17,3,1.0,1,1.0,1.0,0.4,0.125,0.5,0
1,3,2,16,2,0.484375,1,1.0,0.6959705453537527,0.75,0.25,0.375,2
2,6,0,17,3,1.1875,1,1.0,1.0897247358851685,0.0,0.25,0.75,0
1,1,0,19,1,0.109375,1,0.9999990000010001,0.33071891388307384,0.0,0.125,0.125,0
1,5,0,17,4,1.734375,1,1.0,1.3169567191065923,0.0,0.25,0.625,0
2,5,1,17,4,1.734375,1,1.0,1.3169567191065923,0.16666666666666666,0.125,0.625,0
2,5,2,17,4,1.734375,1,1.0,1.3169567191065923,0.5,0.125,0.625,0
1,4,0,17,2,0.5,1,1.0,0.7071067811865476,0.0,0.375,0.5,0
2,9,0,16,2,0.859375,1,1.0,0.9270248108869579,0.0,0.5,1.125,0
1,12,0,14,3,1.5,1,1.0,1.224744871391589,0.0,0.75,1.5,0
1,6,0,16,3,1.1875,1,1.0,1.0897247358851685,0.0,0.375,0.75,0
2,12,0,14,4,2.25,1,1.0,1.5,0.0,0.375,1.5,0
3,10,0,15,3,1.9375,1,1.0,1.3919410907075054,0.0,0.375,1.25,0
1,6,0,17,3,0.9375,1,1.0,0.9682458365518543,0.0,0.5,0.75,0
1,7,0,16,3,0.859375,1,1.0,0.9270248108869579,0.0,0.625,0.875,0
2,7,0,16,3,1.609375,1,1.0,1.2686114456365274,0.0,0.25,0.875,0
2,13,0,12,4,2.734375,1,1.0,1.653594569415369,0.0,0.375,1.625,0
2,12,0,12,4,3.0,1,1.0,1.7320508075688772,0.0,0.375,1.5,0
2,11,1,13,4,3.234375,1,1.0,1.79843682124227,0.08333333333333333,0.375,1.375,0
1,11,0,13,4,3.234375,1,1.0,1.79843682124227,0.0,0.375,1.375,0
1,16,0,9,4,3.0,1,1.0,1.7320508075688772,0.0,0.625,2.0,0
2,11,2,13,4,3.234375,1,1.0,1.79843682124227,0.25,0.375,1.375,0
2,16,1,9,4,2.75,1,1.0,1.6583123951777,0.11764705882352941,0.5,2.0,0
1,12,0,11,4,2.75,1,1.0,1.6583123951777,0.0,0.5,1.5,0
3,13,0,11,4,2.484375,1,1.0,1.5761900266148114,0.0,0.25,1.625,0
2,16,0,9,4,2.75,1,1.0,1.6583123951777,0.0,0.5,2.0,0
1,16,0,9,4,2.75,1,1.0,1.6583123951777,0.0,0.75,2.0,0
2,13,0,11,4,2.234375,1,1.0,1.4947825928876748,0.0,0.375,1.625,0
2,16,1,9,4,3.0,1,1.0,1.7320508075688772,0.058823529411764705,0.625,2.0,0
2,13,1,11,4,2.234375,1,1.0,1.4947825928876748,0.14285714285714285,0.375,1.625,0
3,32,0,0,4,0.0,1,1.0,0.0,0.0,1.0,4.0,0
1,28,1,2,4,1.75,1,1.0,1.3228756555322954,0.034482758620689655,0.875,3.5,0
2,18,0,8,4,3.4375,1,1.0,1.8540496217739157,0.0,0.625,2.25,0
1,29,0,1,4,0.984375,1,1.0,0.9921567416492215,0.0,1.0,3.625,0
1,16,0,9,4,4.0,1,1.0,2.0,0.0,0.5,2.0,0
2,16,1,9,4,4.0,1,1.0,2.0,0.058823529411764705,0.5,2.0,0
2,16,2,9,4,4.0,1,1.0,2.0,0.17647058823529413,0.5,2.0,0
1,26,1,4,4,1.9375,1,1.0,1.3919410907075054,0.07407407407407407,0.875,3.25,0
2,26,0,4,4,1.9375,1,1.0,1.3919410907075054,0.0,0.875,3.25,0
2,12,0,12,4,3.0,1,1.0,1.7320508075688772,0.0,0.375,1.5,0
2,23,0,6,4,2.859375,1,1.0,1.6909686573085854,0.0,0.75,2.875,0
1,28,0,2,4,1.75,1,1.0,1.3228756555322954,0.0,0.875,3.5,0
1,10,1,13,4,2.6875,1,1.0,1.6393596310755,0.18181818181818182,0.5,1.25,0
2,11,0,12,4,3.234375,1,1.0,1.79843682124227,0.0,0.375,1.375,0
3,21,0,7,4,3.234375,1,1.0,1.79843682124227,0.0,0.625,2.625,0
1,10,2,13,4,2.6875,1,1.0,1.6393596310755,0.2727272727272727,0.5,1.25,0
2,6,1,16,4,1.9375,1,1.0,1.3919410907075054,0.2857142857142857,0.25,0.75,0
2,10,0,13,4,2.6875,1,1.0,1.6393596310755,0.0,0.25,1.25,0
2,6,0,16,4,1.9375,1,1.0,1.3919410907075054,0.0,0.25,0.75,0
2,5,0,16,2,0.734375,1,1.0,0.8569568250501305,0.0,0.25,0.625,0
2,14,0,10,4,1.4375,1,1.0,1.1989578808281798,0.0,0.5,1.75,0
2,10,1,12,4,1.6875,1,1.0,1.299038105676658,0.36363636363636365,0.375,1.25,0
2,12,0,11,4,1.75,1,1.0,1.3228756555322954,0.0,0.375,1.5,0
2,14,1,10,4,1.4375,1,1.0,1.1989578808281798,0.13333333333333333,0.5,1.75,0
2,6,1,12,2,0.4375,1,1.0,0.6614378277661477,0.14285714285714285,0.125,0.75,0
2,8,0,12,2,1.0,1,1.0,1.0,0.0,0.5,1.0,0
1,6,0,14,4,1.9375,1,1.0,1.3919410907075054,0.0,0.25,0.75,0
1,8,0,12,4,2.0,1,1.0,1.4142135623730951,0.0,0.375,1.0,0
2,6,2,14,4,1.9375,1,1.0,1.3919410907075054,0.42857142857142855,0.25,0.75,0
2,3,0,16,2,0.484375,1,1.0,0.6959705453537527,0.0,0.125,0.375,0
4,10,0,12,4,1.6875,1,1.0,1.299038105676658,0.0,0.125,1.25,0
1,6,0,12,2,0.4375,1,1.0,0.6614378277661477,0.0,0.625,0.75,0
1,2,0,17,2,0.4375,1,1.0,0.6614378277661477,0.0,0.125,0.25,0
1,8,0,12,2,0.75,1,1.0,0.8660254037844386,0.0,0.625,1.0,0
2,3,1,16,2,0.484375,1,1.0,0.6959705453537527,0.5,0.125,0.375,1
2,2,2,17,1,0.1875,1,0.99999950000025,0.4330127018922193,2.0,0.0,0.25,1
1,8,1,12,4,2.0,1,1.0,1.4142135623730951,0.1111111111111111,0.375,1.0,0
2,6,1,14,4,1.9375,1,1.0,1.3919410907075054,0.14285714285714285,0.25,0.75,0
2,1,0,17,1,0.109375,0,0.499999750000125,0.33071891388307384,0.0,0.0,0.125,2
1,3,2,16,2,0.484375,1,1.0,0.6959705453537527,1.0,0.25,0.375,0
3,2,2,17,2,0.4375,0,0.6666664444445185,0.6614378277661477,1.6666666666666667,0.0,0.25,1
4,2,1,17,2,0.4375,0,0.49999987500003124,0.6614378277661477,0.3333333333333333,0.0,0.25,6
2,2,1,17,1,0.1875,1,0.99999950000025,0.4330127018922193,1.3333333333333333,0.0,0.25,0
2,2,0,15,2,0.4375,1,0.99999950000025,0.6614378277661477,0.0,0.125,0.25,0
2,4,0,16,2,0.5,1,1.0,0.7071067811865476,0.0,0.125,0.5,0
4,6,0,14,2,0.6875,1,1.0,0.82915619758885,0.0,0.0,0.75,0
2,2,0,14,1,0.1875,1,0.99999950000025,0.4330127018922193,0.0,0.0,0.25,0
1,2,2,14,1,0.1875,1,1.0,0.4330127018922193,1.0,0.25,0.25,2
2,2,0,15,2,0.4375,1,0.99999950000025,0.6614378277661477,0.0,0.125,0.25,0
1,2,1,14,1,0.1875,1,1.0,0.4330127018922193,0.6666666666666666,0.25,0.25,1
4,17,1,8,4,1.359375,1,1.0,1.165922381636102,0.1111111111111111,0.25,2.125,0
1,1,2,14,1,0.109375,1,0.9999990000010001,0.33071891388307384,1.0,0.125,0.125,1
1,15,0,8,4,1.109375,1,1.0,1.0532687216470449,0.0,0.875,1.875,0
4,11,0,10,4,2.734375,1,1.0,1.653594569415369,0.0,0.25,1.375,0
2,11,0,10,3,0.734375,1,1.0,0.8569568250501305,0.0,0.375,1.375,0
2,17,0,8,4,1.359375,1,1.0,1.165922381636102,0.0,0.625,2.125,0
2,11,0,11,4,2.734375,1,1.0,1.653594569415369,0.0,0.375,1.375,0
1,9,0,11,4,2.109375,1,1.0,1.4523687548277813,0.0,0.5,1.125,0
1,13,0,9,4,1.484375,1,1.0,1.2183492931011204,0.0,0.75,1.625,0
2,11,3,12,4,2.484375,1,1.0,1.5761900266148114,0.3333333333333333,0.375,1.375,0
2,13,1,9,4,1.484375,1,1.0,1.2183492931011204,0.07142857142857142,0.625,1.625,0
2,13,0,10,4,2.484375,1,1.0,1.5761900266148114,0.0,0.5,1.625,0
2,11,0,12,4,2.484375,1,1.0,1.5761900266148114,0.0,0.375,1.375,0
1,7,1,15,4,1.609375,1,1.0,1.2686114456365274,0.125,0.5,0.875,0
2,15,0,8,4,0.859375,1,1.0,0.9270248108869579,0.0,0.625,1.875,0
1,11,1,12,4,2.484375,1,1.0,1.5761900266148114,0.16666666666666666,0.5,1.375,0
3,11,0,11,4,2.734375,1,1.0,1.653594569415369,0.0,0.25,1.375,0
2,5,0,17,4,1.734375,1,1.0,1.3169567191065923,0.0,0.125,0.625,0
1,10,0,11,4,1.6875,1,1.0,1.299038105676658,0.0,0.625,1.25,0
2,11,1,11,4,2.734375,1,1.0,1.653594569415369,0.16666666666666666,0.375,1.375,0
1,1,1,19,1,0.109375,1,0.9999990000010001,0.33071891388307384,2.0,0.125,0.125,0
2,3,0,18,3,0.984375,1,1.0,0.9921567416492215,0.0,0.125,0.375,0
1,8,0,12,4,2.25,1,1.0,1.5,0.0,0.375,1.0,0
1,11,2,12,4,2.484375,1,1.0,1.5761900266148114,0.25,0.5,1.375,0
1,0,2,20,0,0.0,0,0.0,0.0,5.0,0.0,0.0,1
1,4,1,18,2,0.5,1,1.0,0.7071067811865476,0.8,0.375,0.5,1
4,7,1,15,3,0.859375,1,1.0,0.9270248108869579,0.125,0.0,0.875,0
1,7,0,15,4,1.609375,1,1.0,1.2686114456365274,0.0,0.5,0.875,0
2,2,1,19,1,0.1875,1,0.99999950000025,0.4330127018922193,1.3333333333333333,0.0,0.25,0
1,8,1,14,3,1.5,1,1.0,1.224744871391589,0.2222222222222222,0.5,1.0,0
1,7,0,14,4,1.859375,1,1.0,1.3635890143294642,0.0,0.375,0.875,0
4,1,0,19,1,0.109375,0,0.24999993750001562,0.33071891388307384,0.0,0.0,0.125,5
2,8,0,14,3,1.0,1,1.0,1.0,0.0,0.25,1.0,0
2,5,0,15,2,0.484375,1,1.0,0.6959705453537527,0.0,0.125,0.625,0
1,2,2,19,1,0.1875,1,1.0,0.4330127018922193,2.0,0.25,0.25,2
2,8,0,14,3,1.5,1,1.0,1.224744871391589,0.0,0.25,1.0,0
2,8,0,13,4,1.5,1,1.0,1.224744871391589,0.0,0.125,1.0,0
2,5,0,14,4,1.734375,1,1.0,1.3169567191065923,0.0,0.125,0.625,0
1,7,1,14,4,1.859375,1,1.0,1.3635890143294642,0.125,0.375,0.875,0
2,8,1,13,4,1.5,1,1.0,1.224744871391589,0.2222222222222222,0.125,1.0,0
1,7,0,14,3,1.609375,1,1.0,1.2686114456365274,0.0,0.375,0.875,0
2,7,0,14,3,1.359375,1,1.0,1.165922381636102,0.0,0.375,0.875,0
2,9,2,12,3,0.859375,1,1.0,0.9270248108869579,0.4,0.25,1.125,0
1,11,0,12,3,0.734375,1,1.0,0.8569568250501305,0.0,0.875,1.375,0
2,9,0,12,3,0.859375,1,1.0,0.9270248108869579,0.0,0.25,1.125,0
2,7,1,15,3,1.109375,1,1.0,1.0532687216470449,0.25,0.25,0.875,0
2,10,0,12,3,0.9375,1,1.0,0.9682458365518543,0.0,0.375,1.25,0
2,9,1,12,3,0.859375,1,1.0,0.9270248108869579,0.2,0.25,1.125,0
1,8,0,14,3,1.0,1,1.0,1.0,0.0,0.625,1.0,0
1,10,1,13,2,0.6875,1,1.0,0.82915619758885,0.09090909090909091,0.75,1.25,0
2,3,0,17,3,0.984375,1,1.0,0.9921567416492215,0.0,0.125,0.375,0
2,11,1,12,3,0.734375,1,1.0,0.8569568250501305,0.08333333333333333,0.375,1.375,0
1,11,2,12,3,0.734375,1,1.0,0.8569568250501305,0.25,0.875,1.375,0
1,9,1,14,3,1.109375,1,1.0,1.0532687216470449,0.1,0.625,1.125,0
2,7,0,15,3,1.109375,1,1.0,1.0532687216470449,0.0,0.25,0.875,0
1,10,0,13,2,0.6875,1,1.0,0.82915619758885,0.0,0.75,1.25,0
2,10,2,13,2,0.6875,1,1.0,0.82915619758885,0.18181818181818182,0.5,1.25,0
1,9,0,14,3,1.109375,1,1.0,1.0532687216470449,0.0,0.625,1.125,0
2,9,0,15,4,1.859375,1,1.0,1.3635890143294642,0.0,0.375,1.125,0
1,7,0,16,3,1.359375,1,1.0,1.165922381636102,0.0,0.375,0.875,0
4,32,1,0,4,0.0,1,1.0,0.0,0.030303030303030304,1.0,4.0,0
1,32,0,0,4,0.0,1,1.0,0.0,0.0,1.0,4.0,0
1,18,0,7,4,3.4375,1,1.0,1.8540496217739157,0.0,0.625,2.25,0
1,21,1,5,4,3.234375,1,1.0,1.79843682124227,0.09090909090909091,0.75,2.625,0
3,26,0,3,4,1.9375,1,1.0,1.3919410907075054,0.0,0.75,3.25,0
2,20,1,7,4,3.0,1,1.0,1.7320508075688772,0.09523809523809523,0.625,2.5,0
2,20,0,7,4,3.0,1,1.0,1.7320508075688772,0.0,0.625,2.5,0
2,20,2,7,4,3.0,1,1.0,1.7320508075688772,0.19047619047619047,0.625,2.5,0
1,27,0,2,4,1.734375,1,1.0,1.3169567191065923,0.0,0.875,3.375,0
2,23,0,4,4,2.859375,1,1.0,1.6909686573085854,0.0,0.75,2.875,0
1,11,0,12,4,3.234375,1,1.0,1.79843682124227,0.0,0.375,1.375,0
2,10,1,13,4,2.9375,1,1.0,1.713913650100261,0.18181818181818182,0.375,1.25,0
1,7,2,14,4,1.859375,1,1.0,1.3635890143294642,0.5,0.375,0.875,0
2,21,0,5,4,3.234375,1,1.0,1.79843682124227,0.0,0.625,2.625,0
2,18,1,7,4,3.4375,1,1.0,1.8540496217739157,0.05263157894736842,0.625,2.25,0
2,10,0,13,4,2.9375,1,1.0,1.713913650100261,0.0,0.375,1.25,0
2,7,0,14,4,1.859375,1,1.0,1.3635890143294642,0.0,0.25,0.875,0
1,6,1,15,2,0.6875,1,1.0,0.82915619758885,0.2857142857142857,0.5,0.75,0
2,14,1,10,4,3.4375,1,1.0,1.8540496217739157,0.06666666666666667,0.5,1.75,0
1,14,0,10,4,3.4375,1,1.0,1.8540496217739157,0.0,0.5,1.75,0
2,7,1,14,4,1.859375,1,1.0,1.3635890143294642,0.25,0.25,0.875,0
2,5,0,16,2,0.734375,1,1.0,0.8569568250501305,0.0,0.25,0.625,0
4,10,0,13,2,0.6875,1,1.0,0.82915619758885,0.0,0.0,1.25,0
2,9,1,12,3,0.859375,1,1.0,0.9270248108869579,0.1,0.25,1.125,0
2,6,0,15,2,0.6875,1,1.0,0.82915619758885,0.0,0.25,0.75,0
1,9,0,12,2,0.609375,1,1.0,0.7806247497997998,0.0,0.75,1.125,0
1,15,0,9,4,2.359375,1,1.0,1.5360257159305635,0.0,0.625,1.875,0
2,15,0,9,4,2.359375,1,1.0,1.5360257159305635,0.0,0.625,1.875,0
2,15,0,9,3,1.609375,1,1.0,1.2686114456365274,0.0,0.625,1.875,0
1,9,0,12,3,0.859375,1,1.0,0.9270248108869579,0.0,0.75,1.125,0
1,17,1,9,4,2.859375,1,1.0,1.6909686573085854,0.1111111111111111,0.75,2.125,0
1,17,2,9,4,2.859375,1,1.0,1.6909686573085854,0.16666666666666666,0.75,2.125,0
2,12,1,10,4,3.75,1,1.0,1.9364916731037085,0.15384615384615385,0.375,1.5,0
1,12,0,12,4,2.25,1,1.0,1.5,0.0,0.75,1.5,0
2,17,0,9,4,2.859375,1,1.0,1.6909686573085854,0.0,0.5,2.125,0
2,14,0,11,4,2.4375,1,1.0,1.5612494995995996,0.0,0.375,1.75,0
3,15,0,9,4,3.609375,1,1.0,1.899835519196333,0.0,0.5,1.875,0
1,12,2,12,4,2.25,1,1.0,1.5,0.15384615384615385,0.75,1.5,0
2,9,0,15,4,2.859375,1,1.0,1.6909686573085854,0.0,0.25,1.125,0
1,1,0,19,1,0.109375,1,0.9999990000010001,0.33071891388307384,0.0,0.125,0.125,0
1,1,1,19,1,0.109375,1,0.9999990000010001,0.33071891388307384,0.5,0.125,0.125,1
2,2,1,19,2,0.4375,1,0.99999950000025,0.6614378277661477,0.3333333333333333,0.125,0.25,1
2,12,0,10,4,3.75,1,1.0,1.9364916731037085,0.0,0.375,1.5,0
1,9,2,15,4,2.859375,1,1.0,1.6909686573085854,0.5,0.375,1.125,0
2,9,3,15,4,2.859375,1,1.0,1.6909686573085854,0.6,0.25,1.125,0
1,16,0,9,4,2.75,1,1.0,1.6583123951777,0.0,0.75,2.0,0
1,12,1,12,4,2.25,1,1.0,1.5,0.07692307692307693,0.75,1.5,0
1,10,0,14,4,2.6875,1,1.0,1.6393596310755,0.0,0.5,1.25,0
3,9,1,15,4,2.859375,1,1.0,1.6909686573085854,0.2,0.25,1.125,0
2,3,0,17,2,0.484375,1,1.0,0.6959705453537527,0.0,0.125,0.375,0
1,2,0,17,1,0.1875,1,1.0,0.4330127018922193,0.0,0.25,0.25,0
1,5,1,16,2,0.734375,1,1.0,0.8569568250501305,0.3333333333333333,0.375,0.625,0
3,3,0,18,1,0.234375,1,0.9999996666667778,0.4841229182759271,0.0,0.0,0.375,0
2,1,0,18,1,0.109375,0,0.499999750000125,0.33071891388307384,0.0,0.0,0.125,1
2,17,0,10,4,3.109375,1,1.0,1.7633419974582356,0.0,0.625,2.125,0
1,19,0,7,4,1.484375,1,1.0,1.2183492931011204,0.0,1.0,2.375,0
1,16,0,9,4,2.25,1,1.0,1.5,0.0,0.75,2.0,0
2,20,0,8,4,2.25,1,1.0,1.5,0.0,0.5,2.5,0
1,15,0,10,4,2.359375,1,1.0,1.5360257159305635,0.0,0.75,1.875,0
2,18,0,8,4,1.9375,1,1.0,1.3919410907075054,0.0,0.625,2.25,0
1,15,1,10,4,2.359375,1,1.0,1.5360257159305635,0.0625,0.75,1.875,0
2,19,0,8,4,3.484375,1,1.0,1.8666480653835098,0.0,0.625,2.375,0
1,15,0,11,4,3.609375,1,1.0,1.899835519196333,0.0,0.5,1.875,0
2,15,1,11,4,3.609375,1,1.0,1.899835519196333,0.0625,0.5,1.875,0
1,18,1,9,4,3.1875,1,1.0,1.7853571071357126,0.10526315789473684,0.75,2.25,0
2,12,0,13,4,3.75,1,1.0,1.9364916731037085,0.0,0.375,1.5,0
1,10,1,14,4,2.9375,1,1.0,1.713913650100261,0.09090909090909091,0.375,1.25,0
3,6,2,18,4,1.9375,1,1.0,1.3919410907075054,0.5714285714285714,0.125,0.75,1
2,18,0,9,4,3.1875,1,1.0,1.7853571071357126,0.0,0.5,2.25,0
1,10,3,14,4,2.9375,1,1.0,1.713913650100261,0.2727272727272727,0.375,1.25,0
2,2,0,19,1,0.1875,1,0.99999950000025,0.4330127018922193,0.0,0.0,0.25,0
1,10,2,14,4,2.9375,1,1.0,1.713913650100261,0.18181818181818182,0.375,1.25,0
2,12,0,13,4,2.75,1,1.0,1.6583123951777,0.0,0.5,1.5,0
1,1,0,19,1,0.109375,1,0.9999990000010001,0.33071891388307384,0.0,0.125,0.125,0
1,10,0,14,4,2.9375,1,1.0,1.713913650100261,0.0,0.375,1.25,0
2,6,0,18,4,1.9375,1,1.0,1.3919410907075054,0.0,0.25,0.75,0
2,6,1,18,4,1.9375,1,1.0,1.3919410907075054,0.2857142857142857,0.25,0.75,0
1,2,0,19,1,0.1875,1,1.0,0.4330127018922193,0.0,0.25,0.25,0
2,2,1,19,1,0.1875,1,0.99999950000025,0.4330127018922193,0.3333333333333333,0.0,0.25,1
2,3,0,18,3,0.984375,1,1.0,0.9921567416492215,0.0,0.125,0.375,0
2,4,0,18,3,1.0,1,1.0,1.0,0.0,0.125,0.5,0
2,8,1,15,3,1.25,1,1.0,1.118033988749895,0.1111111111111111,0.375,1.0,0
3,6,1,17,3,1.1875,1,1.0,1.0897247358851685,0.2857142857142857,0.125,0.75,0
1,1,1,19,1,0.109375,1,0.9999990000010001,0.33071891388307384,0.5,0.125,0.125,1
1,6,2,17,3,1.1875,1,1.0,1.0897247358851685,0.7142857142857143,0.375,0.75,0
1,8,0,15,3,1.25,1,1.0,1.118033988749895,0.0,0.5,1.0,0
3,5,1,17,1,0.234375,1,1.0,0.4841229182759271,0.3333333333333333,0.0,0.625,0
2,5,0,17,1,0.234375,1,1.0,0.4841229182759271,0.0,0.0,0.625,0
1,1,1,18,1,0.109375,1,0.9999990000010001,0.33071891388307384,0.5,0.125,0.125,1
1,3,2,17,2,0.484375,1,1.0,0.6959705453537527,0.75,0.25,0.375,1
1,8,2,15,3,1.25,1,1.0,1.118033988749895,0.3333333333333333,0.5,1.0,0
2,4,1,18,3,1.0,1,1.0,1.0,0.4,0.125,0.5,0
2,3,1,17,2,0.484375,1,1.0,0.6959705453537527,0.25,0.125,0.375,0
1,2,0,18,2,0.4375,1,1.0,0.6614378277661477,0.0,0.125,0.25,0
2,7,1,16,2,0.859375,1,1.0,0.9270248108869579,0.25,0.375,0.875,0
1,5,2,17,1,0.234375,1,1.0,0.4841229182759271,0.8333333333333334,0.625,0.625,1
2,7,0,16,2,0.859375,1,1.0,0.9270248108869579,0.0,0.375,0.875,0
4,1,0,19,1,0.109375,0,0.24999993750001562,0.33071891388307384,0.0,0.0,0.125,1
2,2,0,19,2,0.4375,1,0.99999950000025,0.6614378277661477,0.0,0.125,0.25,0
2,7,2,16,2,0.859375,1,1.0,0.9270248108869579,0.5,0.375,0.875,0
1,1,0,19,1,0.109375,1,0.9999990000010001,0.33071891388307384,0.0,0.125,0.125,0
2,3,0,17,1,0.234375,1,1.0,0.4841229182759271,0.0,0.0,0.375,0
1,5,0,16,2,0.734375,1,1.0,0.8569568250501305,0.0,0.375,0.625,0
1,8,1,12,3,1.0,1,1.0,1.0,0.1111111111111111,0.625,1.0,0
1,8,1,13,3,1.25,1,1.0,1.118033988749895,0.2222222222222222,0.5,1.0,0
1,8,0,12,3,1.0,1,1.0,1.0,0.0,0.625,1.0,0
1,8,0,13,3,1.0,1,1.0,1.0,0.0,0.625,1.0,0
1,5,0,15,2,0.734375,1,1.0,0.8569568250501305,0.0,0.375,0.625,0
2,8,0,13,3,1.25,1,1.0,1.118033988749895,0.0,0.375,1.0,0
4,12,0,11,3,0.75,1,1.0,0.8660254037844386,0.0,0.0,1.5,0
2,29,1,1,4,0.984375,1,1.0,0.9921567416492215,0.06666666666666667,0.875,3.625,0
2,23,1,4,4,2.859375,1,1.0,1.6909686573085854,0.08333333333333333,0.75,2.875,0
3,32,0,0,4,0.0,1,1.0,0.0,0.0,1.0,4.0,0
1,19,1,6,4,3.484375,1,1.0,1.8666480653835098,0.1,0.625,2.375,0
1,16,0,8,4,4.0,1,1.0,2.0,0.0,0.5,2.0,0
4,16,2,8,4,4.0,1,1.0,2.0,0.17647058823529413,0.5,2.0,0
2,23,0,4,4,2.859375,1,1.0,1.6909686573085854,0.0,0.75,2.875,0
2,19,0,6,4,3.484375,1,1.0,1.8666480653835098,0.0,0.625,2.375,0
2,16,1,8,4,4.0,1,1.0,2.0,0.058823529411764705,0.5,2.0,0
1,7,0,13,4,2.359375,1,1.0,1.5360257159305635,0.0,0.25,0.875,0
2,29,0,1,4,0.984375,1,1.0,0.9921567416492215,0.0,0.875,3.625,0
2,29,2,1,4,0.984375,1,1.0,0.9921567416492215,0.13333333333333333,0.875,3.625,0
2,9,1,13,4,1.609375,1,1.0,1.2686114456365274,0.2,0.25,1.125,0
1,9,0,11,4,2.859375,1,1.0,1.6909686573085854,0.0,0.375,1.125,0
1,8,0,12,4,3.0,1,1.0,1.7320508075688772,0.0,0.25,1.0,0
1,7,1,13,4,2.359375,1,1.0,1.5360257159305635,0.125,0.25,0.875,0
1,5,1,15,4,1.734375,1,1.0,1.3169567191065923,0.16666666666666666,0.25,0.625,0
2,5,2,15,4,1.734375,1,1.0,1.3169567191065923,0.3333333333333333,0.125,0.625,0
1,5,0,15,4,1.734375,1,1.0,1.3169567191065923,0.0,0.25,0.625,0
1,1,0,18,1,0.109375,1,0.9999990000010001,0.33071891388307384,0.0,0.125,0.125,0
2,9,0,13,4,1.609375,1,1.0,1.2686114456365274,0.0,0.25,1.125,0
2,0,0,19,0,0.0,0,0.0,0.0,0.0,0.0,0.0,1
2,16,0,12,4,1.5,1,1.0,1.224744871391589,0.0,0.625,2.0,0
1,2,0,18,1,0.1875,1,1.0,0.4330127018922193,0.0,0.25,0.25,0
1,13,0,13,4,2.234375,1,1.0,1.4947825928876748,0.0,0.625,1.625,0
1,17,0,8,4,3.109375,1,1.0,1.7633419974582356,0.0,0.625,2.125,0
1,15,0,10,4,3.609375,1,1.0,1.899835519196333,0.0,0.5,1.875,0
2,18,1,10,4,2.6875,1,1.0,1.6393596310755,0.21052631578947367,0.625,2.25,0
4,18,0,10,4,2.6875,1,1.0,1.6393596310755,0.0,0.375,2.25,0
1,17,1,8,4,3.109375,1,1.0,1.7633419974582356,0.05555555555555555,0.625,2.125,0
2,15,0,10,4,3.609375,1,1.0,1.899835519196333,0.0,0.5,1.875,0
1,16,0,9,4,2.75,1,1.0,1.6583123951777,0.0,0.75,2.0,0
1,15,0,10,4,3.109375,1,1.0,1.7633419974582356,0.0,0.625,1.875,0
1,9,0,13,4,2.859375,1,1.0,1.6909686573085854,0.0,0.375,1.125,0
2,15,1,10,4,3.109375,1,1.0,1.7633419974582356,0.0625,0.5,1.875,0
2,16,1,9,4,2.75,1,1.0,1.6583123951777,0.058823529411764705,0.5,2.0,0
2,15,1,11,4,2.359375,1,1.0,1.5360257159305635,0.0625,0.5,1.875,0
1,14,2,10,4,3.1875,1,1.0,1.7853571071357126,0.26666666666666666,0.625,1.75,0
2,17,0,9,4,2.609375,1,1.0,1.6153559979150107,0.0,0.625,2.125,0
2,14,0,10,4,3.1875,1,1.0,1.7853571071357126,0.0,0.375,1.75,0
2,14,1,10,4,3.1875,1,1.0,1.7853571071357126,0.13333333333333333,0.375,1.75,0
1,15,0,11,4,2.359375,1,1.0,1.5360257159305635,0.0,0.75,1.875,0
4,5,0,16,4,1.734375,1,1.0,1.3169567191065923,0.0,0.125,0.625,0
2,12,0,13,4,2.5,1,1.0,1.5811388300841898,0.0,0.375,1.5,0
2,10,0,14,4,2.6875,1,1.0,1.6393596310755,0.0,0.25,1.25,0
1,10,1,14,4,2.1875,1,1.0,1.479019945774904,0.2727272727272727,0.5,1.25,0
1,2,0,16,1,0.1875,1,1.0,0.4330127018922193,0.0,0.25,0.25,0
2,3,0,14,2,0.484375,1,1.0,0.6959705453537527,0.0,0.125,0.375,0
2,7,0,15,4,1.859375,1,1.0,1.3635890143294642,0.0,0.25,0.875,0
1,10,1,14,4,2.6875,1,1.0,1.6393596310755,0.18181818181818182,0.5,1.25,0
3,1,2,15,1,0.109375,0,0.33333322222225925,0.33071891388307384,2.0,0.0,0.125,2
3,10,0,14,4,2.1875,1,1.0,1.479019945774904,0.0,0.25,1.25,0
2,3,1,14,2,0.484375,1,1.0,0.6959705453537527,0.5,0.125,0.375,3
2,1,1,15,1,0.109375,0,0.499999750000125,0.33071891388307384,1.0,0.0,0.125,2
4,8,0,13,2,0.5,1,1.0,0.7071067811865476,0.0,0.0,1.0,0
1,1,3,14,1,0.109375,1,0.9999990000010001,0.33071891388307384,2.0,0.125,0.125,1
1,4,3,14,3,1.0,1,1.0,1.0,0.8,0.25,0.5,1
2,8,1,13,2,0.5,1,1.0,0.7071067811865476,0.4444444444444444,0.25,1.0,0
1,7,4,12,2,0.609375,1,1.0,0.7806247497997998,1.125,0.625,0.875,3
2,2,0,17,1,0.1875,1,0.99999950000025,0.4330127018922193,0.0,0.0,0.25,0
2,1,3,15,1,0.109375,0,0.499999750000125,0.33071891388307384,3.5,0.0,0.125,5
1,7,5,12,2,0.609375,1,1.0,0.7806247497997998,1.25,0.625,0.875,4
1,5,5,15,2,0.734375,1,1.0,0.8569568250501305,1.3333333333333333,0.375,0.625,1
2,1,1,17,1,0.109375,0,0.499999750000125,0.33071891388307384,1.0,0.0,0.125,2
2,2,2,16,2,0.4375,1,0.99999950000025,0.6614378277661477,1.0,0.125,0.25,3
1,5,3,15,2,0.734375,1,1.0,0.8569568250501305,1.0,0.375,0.625,0
1,4,4,14,3,1.0,1,1.0,1.0,1.0,0.25,0.5,1
2,1,0,17,1,0.109375,0,0.499999750000125,0.33071891388307384,0.0,0.0,0.125,1
2,7,0,17,2,0.609375,1,1.0,0.7806247497997998,0.0,0.25,0.875,0
2,2,3,16,2,0.4375,1,0.99999950000025,0.6614378277661477,1.6666666666666667,0.125,0.25,3
1,5,4,15,2,0.734375,1,1.0,0.8569568250501305,1.1666666666666667,0.375,0.625,1
2,7,0,18,3,0.859375,1,1.0,0.9270248108869579,0.0,0.125,0.875,0
1,2,1,16,2,0.4375,1,1.0,0.6614378277661477,0.6666666666666666,0.125,0.25,2
2,0,3,17,0,0.0,0,0.0,0.0,5.0,0.0,0.0,3
1,4,0,19,2,0.5,1,1.0,0.7071067811865476,0.0,0.375,0.5,0
1,8,0,16,2,0.5,1,1.0,0.7071067811865476,0.0,0.75,1.0,0
1,4,1,19,2,0.5,1,1.0,0.7071067811865476,0.2,0.375,0.5,0
1,5,1,18,2,0.484375,1,1.0,0.6959705453537527,0.16666666666666666,0.5,0.625,0
1,5,0,18,2,0.484375,1,1.0,0.6959705453537527,0.0,0.5,0.625,0
4,9,0,16,4,2.109375,1,1.0,1.4523687548277813,0.0,0.125,1.125,0
1,10,0,14,4,2.1875,1,1.0,1.479019945774904,0.0,0.5,1.25,0
2,11,1,13,4,2.234375,1,1.0,1.4947825928876748,0.16666666666666666,0.5,1.375,0
2,9,0,16,3,1.609375,1,1.0,1.2686114456365274,0.0,0.375,1.125,0
1,10,1,15,4,2.6875,1,1.0,1.6393596310755,0.09090909090909091,0.5,1.25,0
2,7,0,17,3,1.609375,1,1.0,1.2686114456365274,0.0,0.25,0.875,0
2,8,1,17,4,2.25,1,1.0,1.5,0.2222222222222222,0.25,1.0,0
1,10,0,15,4,2.6875,1,1.0,1.6393596310755,0.0,0.5,1.25,0
2,10,0,14,4,2.1875,1,1.0,1.479019945774904,0.0,0.375,1.25,0
1,7,0,15,4,2.359375,1,1.0,1.5360257159305635,0.0,0.25,0.875,0
2,7,2,15,4,2.359375,1,1.0,1.5360257159305635,0.25,0.25,0.875,0
2,8,0,17,4,2.25,1,1.0,1.5,0.0,0.25,1.0,0
1,3,1,17,1,0.234375,1,1.0,0.4841229182759271,0.75,0.375,0.375,1
2,7,3,15,4,2.359375,1,1.0,1.5360257159305635,0.5,0.25,0.875,0
1,7,1,15,4,2.359375,1,1.0,1.5360257159305635,0.125,0.25,0.875,0
2,11,0,13,4,2.234375,1,1.0,1.4947825928876748,0.0,0.5,1.375,0
3,3,0,17,1,0.234375,1,0.9999996666667778,0.4841229182759271,0.0,0.0,0.375,0
2,1,1,17,1,0.109375,0,0.499999750000125,0.33071891388307384,0.5,0.0,0.125,1
4,3,1,17,1,0.234375,0,0.7499998125000469,0.4841229182759271,0.25,0.0,0.375,4
1,3,0,17,1,0.234375,1,1.0,0.4841229182759271,0.0,0.375,0.375,0
4,4,0,15,3,1.0,1,0.9999997500000625,1.0,0.0,0.0,0.5,0
2,0,2,16,0,0.0,0,0.0,0.0,4.0,0.0,0.0,3
2,0,0,16,0,0.0,0,0.0,0.0,0.0,0.0,0.0,1
2,0,1,16,0,0.0,0,0.0,0.0,2.0,0.0,0.0,2
2,3,0,13,1,0.234375,1,1.0,0.4841229182759271,0.0,0.0,0.375,0
2,2,3,15,2,0.4375,1,0.99999950000025,0.6614378277661477,2.0,0.125,0.25,2
2,1,2,14,1,0.109375,0,0.499999750000125,0.33071891388307384,2.0,0.0,0.125,3
2,3,3,13,3,0.984375,1,1.0,0.9921567416492215,1.5,0.125,0.375,3
2,1,1,14,1,0.109375,0,0.499999750000125,0.33071891388307384,1.0,0.0,0.125,2
2,4,0,13,2,0.5,1,1.0,0.7071067811865476,0.0,0.125,0.5,0
2,1,0,14,1,0.109375,0,0.499999750000125,0.33071891388307384,0.0,0.0,0.125,2
1,31,0,1,4,0.109375,1,1.0,0.33071891388307384,0.0,1.0,3.875,0
2,28,1,3,4,1.75,1,1.0,1.3228756555322954,0.034482758620689655,0.875,3.5,0
1,24,0,6,4,3.0,1,1.0,1.7320508075688772,0.0,0.75,3.0,0
1,25,0,5,4,2.359375,1,1.0,1.5360257159305635,0.0,0.875,3.125,0
1,32,0,0,4,0.0,1,1.0,0.0,0.0,1.0,4.0,0
1,28,0,3,4,1.75,1,1.0,1.3228756555322954,0.0,0.875,3.5,0
2,30,0,2,4,0.4375,1,1.0,0.6614378277661477,0.0,1.0,3.75,0
2,20,0,9,4,3.75,1,1.0,1.9364916731037085,0.0,0.625,2.5,0
1,18,0,10,4,3.4375,1,1.0,1.8540496217739157,0.0,0.625,2.25,0
2,23,1,7,4,2.859375,1,1.0,1.6909686573085854,0.041666666666666664,0.75,2.875,0
4,15,0,11,4,3.609375,1,1.0,1.899835519196333,0.0,0.375,1.875,0
1,23,0,7,4,2.859375,1,1.0,1.6909686573085854,0.0,0.75,2.875,0
2,11,0,11,4,2.734375,1,1.0,1.653594569415369,0.0,0.375,1.375,0
1,11,1,11,4,2.734375,1,1.0,1.653594569415369,0.16666666666666666,0.5,1.375,0
3,18,0,10,4,3.1875,1,1.0,1.7853571071357126,0.0,0.5,2.25,0
2,12,0,11,4,3.0,1,1.0,1.7320508075688772,0.0,0.375,1.5,0
2,5,0,15,4,1.734375,1,1.0,1.3169567191065923,0.0,0.125,0.625,0
2,13,0,11,4,2.984375,1,1.0,1.7275343701356567,0.0,0.5,1.625,0
1,7,0,14,4,2.359375,1,1.0,1.5360257159305635,0.0,0.25,0.875,0
2,7,0,14,4,1.859375,1,1.0,1.3635890143294642,0.0,0.25,0.875,0
1,11,2,11,4,2.734375,1,1.0,1.653594569415369,0.25,0.5,1.375,0
1,11,0,14,3,1.734375,1,1.0,1.3169567191065923,0.0,0.625,1.375,0
1,7,0,14,3,1.359375,1,1.0,1.165922381636102,0.0,0.375,0.875,0
2,9,0,15,3,2.109375,1,1.0,1.4523687548277813,0.0,0.375,1.125,0
1,10,0,14,3,1.9375,1,1.0,1.3919410907075054,0.0,0.5,1.25,0
3,13,0,13,3,1.984375,1,1.0,1.4086784586980805,0.0,0.5,1.625,0
1,4,0,15,3,1.0,1,1.0,1.0,0.0,0.25,0.5,0
2,14,0,13,4,1.9375,1,1.0,1.3919410907075054,0.0,0.375,1.75,0
1,7,0,14,3,1.609375,1,1.0,1.2686114456365274,0.0,0.375,0.875,0
1,12,0,13,3,1.75,1,1.0,1.3228756555322954,0.0,0.625,1.5,0
1,13,0,13,3,1.484375,1,1.0,1.2183492931011204,0.0,0.75,1.625,0
1,15,0,12,4,2.859375,1,1.0,1.6909686573085854,0.0,0.75,1.875,0
2,12,0,13,4,2.5,1,1.0,1.5811388300841898,0.0,0.375,1.5,0
1,7,0,16,3,1.609375,1,1.0,1.2686114456365274,0.0,0.375,0.875,0
2,10,0,14,4,2.6875,1,1.0,1.6393596310755,0.0,0.25,1.25,0
2,12,0,13,4,3.0,1,1.0,1.7320508075688772,0.0,0.375,1.5,0
2,16,0,12,4,1.5,1,1.0,1.224744871391589,0.0,0.5,2.0,0
2,15,0,10,4,2.109375,1,1.0,1.4523687548277813,0.0,0.625,1.875,0
1,14,0,13,4,2.4375,1,1.0,1.5612494995995996,0.0,0.75,1.75,0
1,15,1,12,4,2.859375,1,1.0,1.6909686573085854,0.0625,0.75,1.875,0
1,13,2,11,4,2.484375,1,1.0,1.5761900266148114,0.21428571428571427,0.625,1.625,0
1,13,0,11,4,2.484375,1,1.0,1.5761900266148114,0.0,0.625,1.625,0
1,7,0,14,4,1.609375,1,1.0,1.2686114456365274,0.0,0.5,0.875,0
4,13,0,14,4,3.484375,1,1.0,1.8666480653835098,0.0,0.375,1.625,0
2,13,1,11,4,2.484375,1,1.0,1.5761900266148114,0.07142857142857142,0.5,1.625,0
2,7,0,15,4,2.359375,1,1.0,1.5360257159305635,0.0,0.25,0.875,0
3,3,2,15,2,0.484375,1,0.9999996666667778,0.6959705453537527,1.0,0.0,0.375,4
2,7,1,14,4,1.609375,1,1.0,1.2686114456365274,0.125,0.125,0.875,0
2,7,2,14,4,1.609375,1,1.0,1.2686114456365274,0.375,0.125,0.875,0
2,9,0,14,4,2.859375,1,1.0,1.6909686573085854,0.0,0.25,1.125,0
4,7,3,14,4,1.609375,1,1.0,1.2686114456365274,0.625,0.125,0.875,1
2,4,1,16,2,0.5,1,1.0,0.7071067811865476,0.8,0.125,0.5,1
2,2,2,16,1,0.1875,1,0.99999950000025,0.4330127018922193,1.3333333333333333,0.0,0.25,4
1,2,1,15,2,0.4375,1,1.0,0.6614378277661477,0.6666666666666666,0.125,0.25,1
1,3,3,15,1,0.234375,1,1.0,0.4841229182759271,1.5,0.375,0.375,1
2,4,2,16,2,0.5,1,1.0,0.7071067811865476,1.2,0.125,0.5,3
1,3,2,15,1,0.234375,1,1.0,0.4841229182759271,1.25,0.375,0.375,0
4,8,0,14,3,1.0,1,1.0,1.0,0.0,0.0,1.0,0
1,1,1,16,1,0.109375,1,0.9999990000010001,0.33071891388307384,1.0,0.125,0.125,0
1,2,3,15,2,0.4375,1,1.0,0.6614378277661477,1.6666666666666667,0.125,0.25,2
1,2,4,15,2,0.4375,1,1.0,0.6614378277661477,2.0,0.125,0.25,4
2,2,2,15,2,0.4375,1,0.99999950000025,0.6614378277661477,1.0,0.125,0.25,4
2,4,2,15,3,1.0,1,1.0,1.0,0.6,0.125,0.5,1
1,6,0,14,3,1.1875,1,1.0,1.0897247358851685,0.0,0.375,0.75,0
2,7,1,14,4,1.859375,1,1.0,1.3635890143294642,0.25,0.25,0.875,0
2,7,1,15,4,1.609375,1,1.0,1.2686114456365274,0.375,0.125,0.875,0
2,9,1,13,3,1.109375,1,1.0,1.0532687216470449,0.3,0.375,1.125,0
3,7,0,15,4,1.609375,1,1.0,1.2686114456365274,0.0,0.125,0.875,0
2,5,1,16,2,0.484375,1,1.0,0.6959705453537527,0.16666666666666666,0.125,0.625,0
2,9,3,13,3,1.109375,1,1.0,1.0532687216470449,0.6,0.375,1.125,0
1,5,1,15,2,0.484375,1,1.0,0.6959705453537527,0.3333333333333333,0.5,0.625,0
2,7,0,14,4,1.859375,1,1.0,1.3635890143294642,0.0,0.25,0.875,0
1,9,2,13,3,1.109375,1,1.0,1.0532687216470449,0.5,0.625,1.125,0
1,5,0,16,2,0.484375,1,1.0,0.6959705453537527,0.0,0.5,0.625,0
1,7,0,14,2,0.859375,1,1.0,0.9270248108869579,0.0,0.5,0.875,0
1,2,0,16,1,0.1875,1,1.0,0.4330127018922193,0.0,0.25,0.25,0
2,5,0,15,1,0.234375,1,1.0,0.4841229182759271,0.0,0.0,0.625,0
3,9,0,13,3,1.109375,1,1.0,1.0532687216470449,0.0,0.125,1.125,0
2,5,0,15,2,0.484375,1,1.0,0.6959705453537527,0.0,0.125,0.625,0
1,16,2,9,4,1.25,1,1.0,1.118033988749895,0.11764705882352941,0.875,2.0,0
3,7,0,14,2,0.859375,1,1.0,0.9270248108869579,0.0,0.0,0.875,0
1,16,1,9,4,1.25,1,1.0,1.118033988749895,0.058823529411764705,0.875,2.0,0
2,15,0,11,4,2.609375,1,1.0,1.6153559979150107,0.0,0.625,1.875,0
2,16,0,9,4,2.25,1,1.0,1.5,0.0,0.625,2.0,0
1,13,0,11,4,2.484375,1,1.0,1.5761900266148114,0.0,0.625,1.625,0
2,15,1,11,4,2.609375,1,1.0,1.6153559979150107,0.125,0.625,1.875,0
2,16,1,9,4,2.25,1,1.0,1.5,0.11764705882352941,0.625,2.0,0
1,12,1,11,4,2.25,1,1.0,1.5,0.07692307692307693,0.75,1.5,0
1,16,0,9,4,1.25,1,1.0,1.118033988749895,0.0,0.875,2.0,0
2,8,0,15,4,3.0,1,1.0,1.7320508075688772,0.0,0.25,1.0,0
1,12,2,11,4,2.25,1,1.0,1.5,0.15384615384615385,0.75,1.5,0
2,12,0,11,4,2.25,1,1.0,1.5,0.0,0.25,1.5,0
1,12,0,11,4,2.25,1,1.0,1.5,0.0,0.75,1.5,0
1,6,0,16,4,1.9375,1,1.0,1.3919410907075054,0.0,0.25,0.75,0
3,12,0,11,4,3.0,1,1.0,1.7320508075688772,0.0,0.375,1.5,0
1,7,0,15,4,1.859375,1,1.0,1.3635890143294642,0.0,0.375,0.875,0
1,5,0,17,4,1.734375,1,1.0,1.3169567191065923,0.0,0.25,0.625,0
2,11,1,14,4,1.484375,1,1.0,1.2183492931011204,0.16666666666666666,0.375,1.375,0
2,6,0,17,4,1.6875,1,1.0,1.299038105676658,0.0,0.125,0.75,0
2,11,0,14,4,1.484375,1,1.0,1.2183492931011204,0.0,0.375,1.375,0
2,2,0,19,2,0.4375,1,0.99999950000025,0.6614378277661477,0.0,0.125,0.25,0
2,8,0,15,2,0.75,1,1.0,0.8660254037844386,0.0,0.375,1.0,0
1,9,0,14,4,2.859375,1,1.0,1.6909686573085854,0.0,0.375,1.125,0
2,6,1,17,4,1.6875,1,1.0,1.299038105676658,0.2857142857142857,0.125,0.75,0
2,11,2,14,4,1.484375,1,1.0,1.2183492931011204,0.3333333333333333,0.375,1.375,0
1,5,0,17,3,1.234375,1,1.0,1.1110243021644486,0.0,0.25,0.625,0
1,6,0,17,4,1.6875,1,1.0,1.299038105676658,0.0,0.375,0.75,0
1,8,2,15,2,0.75,1,1.0,0.8660254037844386,0.3333333333333333,0.625,1.0,0
1,8,1,15,2,0.75,1,1.0,0.8660254037844386,0.2222222222222222,0.625,1.0,0
2,6,0,17,2,0.6875,1,1.0,0.82915619758885,0.0,0.25,0.75,0
2,26,0,4,4,1.9375,1,1.0,1.3919410907075054,0.0,0.875,3.25,0
2,29,1,2,4,0.984375,1,1.0,0.9921567416492215,0.03333333333333333,0.875,3.625,0
1,23,0,6,4,2.859375,1,1.0,1.6909686573085854,0.0,0.75,2.875,0
2,31,0,1,4,0.109375,1,1.0,0.33071891388307384,0.0,1.0,3.875,0
1,32,0,0,4,0.0,1,1.0,0.0,0.0,1.0,4.0,0
1,22,1,7,4,2.9375,1,1.0,1.713913650100261,0.08695652173913043,0.75,2.75,0
1,13,2,11,4,3.484375,1,1.0,1.8666480653835098,0.2857142857142857,0.5,1.625,0
1,29,0,2,4,0.984375,1,1.0,0.9921567416492215,0.0,1.0,3.625,0
2,13,3,11,4,3.484375,1,1.0,1.8666480653835098,0.35714285714285715,0.375,1.625,0
2,19,0,9,4,3.484375,1,1.0,1.8666480653835098,0.0,0.625,2.375,0
4,17,0,10,4,3.609375,1,1.0,1.899835519196333,0.0,0.5,2.125,0
1,26,1,4,4,1.9375,1,1.0,1.3919410907075054,0.07407407407407407,0.875,3.25,0
2,6,0,15,4,1.9375,1,1.0,1.3919410907075054,0.0,0.25,0.75,0
2,22,0,7,4,2.9375,1,1.0,1.713913650100261,0.0,0.75,2.75,0
2,13,0,11,4,3.484375,1,1.0,1.8666480653835098,0.0,0.375,1.625,0
1,9,0,14,3,0.859375,1,1.0,0.9270248108869579,0.0,0.75,1.125,0
2,13,1,11,4,3.484375,1,1.0,1.8666480653835098,0.14285714285714285,0.375,1.625,0
1,8,1,14,4,2.25,1,1.0,1.5,0.1111111111111111,0.375,1.0,0
1,16,0,12,4,1.25,1,1.0,1.118033988749895,0.0,1.0,2.0,0
1,4,0,16,4,1.75,1,1.0,1.3228756555322954,0.0,0.125,0.5,0
2,18,0,11,4,1.9375,1,1.0,1.3919410907075054,0.0,0.625,2.25,0
1,8,0,15,3,1.25,1,1.0,1.118033988749895,0.0,0.5,1.0,0
1,7,0,16,3,1.109375,1,1.0,1.0532687216470449,0.0,0.5,0.875,0
1,7,1,16,3,1.109375,1,1.0,1.0532687216470449,0.125,0.5,0.875,0
1,8,0,14,4,2.25,1,1.0,1.5,0.0,0.375,1.0,0
2,19,2,11,4,2.484375,1,1.0,1.5761900266148114,0.1,0.75,2.375,0
2,15,0,14,4,2.609375,1,1.0,1.6153559979150107,0.0,0.625,1.875,0
1,19,1,11,4,2.484375,1,1.0,1.5761900266148114,0.05,0.75,2.375,0
2,15,1,14,4,2.609375,1,1.0,1.6153559979150107,0.125,0.625,1.875,0
1,19,0,11,4,2.484375,1,1.0,1.5761900266148114,0.0,0.75,2.375,0
1,18,1,11,4,1.9375,1,1.0,1.3919410907075054,0.10526315789473684,0.875,2.25,0
1,10,0,16,4,2.1875,1,1.0,1.479019945774904,0.0,0.5,1.25,0
2,12,0,15,4,2.0,1,1.0,1.4142135623730951,0.0,0.5,1.5,0
2,22,0,8,4,2.6875,1,1.0,1.6393596310755,0.0,0.625,2.75,0
1,21,0,8,4,2.234375,1,1.0,1.4947825928876748,0.0,0.875,2.625,0
1,19,0,9,4,2.734375,1,1.0,1.653594569415369,0.0,0.75,2.375,0
1,19,0,9,4,2.984375,1,1.0,1.7275343701356567,0.0,0.75,2.375,0
1,19,3,9,4,2.984375,1,1.0,1.7275343701356567,0.25,0.75,2.375,0
1,13,0,13,4,3.484375,1,1.0,1.8666480653835098,0.0,0.5,1.625,0
2,21,0,8,4,2.734375,1,1.0,1.653594569415369,0.0,0.75,2.625,0
3,19,0,9,4,2.984375,1,1.0,1.7275343701356567,0.0,0.5,2.375,0
2,19,0,9,4,2.984375,1,1.0,1.7275343701356567,0.0,0.625,2.375,0
2,7,0,16,4,1.859375,1,1.0,1.3635890143294642,0.0,0.25,0.875,0
1,4,0,17,2,0.5,1,1.0,0.7071067811865476,0.0,0.375,0.5,0
1,19,1,9,4,2.984375,1,1.0,1.7275343701356567,0.1,0.75,2.375,0
1,19,1,9,4,2.984375,1,1.0,1.7275343701356567,0.15,0.75,2.375,0
1,13,1,13,4,3.484375,1,1.0,1.8666480653835098,0.07142857142857142,0.5,1.625,0
1,19,2,9,4,2.984375,1,1.0,1.7275343701356567,0.2,0.75,2.375,0
3,11,0,15,4,3.234375,1,1.0,1.79843682124227,0.0,0.375,1.375,0
2,11,1,15,4,3.234375,1,1.0,1.79843682124227,0.25,0.375,1.375,0
1,1,2,20,1,0.109375,1,0.9999990000010001,0.33071891388307384,2.0,0.125,0.125,0
2,1,0,20,1,0.109375,0,0.499999750000125,0.33071891388307384,0.0,0.0,0.125,3
1,1,3,20,1,0.109375,1,0.9999990000010001,0.33071891388307384,3.0,0.125,0.125,0
3,7,2,16,4,1.859375,1,1.0,1.3635890143294642,0.5,0.125,0.875,0
1,4,1,17,2,0.5,1,1.0,0.7071067811865476,0.2,0.375,0.5,0
2,7,1,16,4,1.859375,1,1.0,1.3635890143294642,0.25,0.25,0.875,0
2,1,3,20,1,0.109375,0,0.499999750000125,0.33071891388307384,2.5,0.0,0.125,4
1,3,1,18,2,0.484375,1,1.0,0.6959705453537527,0.25,0.25,0.375,0
2,1,1,20,1,0.109375,0,0.499999750000125,0.33071891388307384,1.0,0.0,0.125,3
1,2,0,19,1,0.1875,1,1.0,0.4330127018922193,0.0,0.25,0.25,0
1,5,0,18,1,0.234375,1,1.0,0.4841229182759271,0.0,0.625,0.625,0
3,6,0,16,3,1.1875,1,1.0,1.0897247358851685,0.0,0.125,0.75,0
1,5,1,18,1,0.234375,1,1.0,0.4841229182759271,0.16666666666666666,0.625,0.625,0
1,0,3,21,0,0.0,0,0.0,0.0,6.0,0.0,0.0,3
1,1,0,20,1,0.109375,1,0.9999990000010001,0.33071891388307384,0.0,0.125,0.125,0
2,6,0,17,2,0.4375,1,1.0,0.6614378277661477,0.0,0.125,0.75,0
2,5,1,16,3,0.984375,1,1.0,0.9921567416492215,0.3333333333333333,0.125,0.625,0
2,3,0,17,1,0.234375,1,1.0,0.4841229182759271,0.0,0.0,0.375,0
4,6,2,17,2,0.4375,1,1.0,0.6614378277661477,0.42857142857142855,0.0,0.75,1
1,6,1,17,2,0.4375,1,1.0,0.6614378277661477,0.2857142857142857,0.625,0.75,0
1,3,0,17,1,0.234375,1,1.0,0.4841229182759271,0.0,0.375,0.375,0
2,3,0,17,3,0.984375,1,1.0,0.9921567416492215,0.0,0.125,0.375,0
2,5,0,16,3,0.984375,1,1.0,0.9921567416492215,0.0,0.125,0.625,0
1,4,0,16,2,0.5,1,1.0,0.7071067811865476,0.0,0.375,0.5,0
4,3,0,17,2,0.484375,0,0.7499998125000469,0.6959705453537527,0.0,0.0,0.375,1
2,2,1,16,1,0.1875,1,0.99999950000025,0.4330127018922193,0.3333333333333333,0.0,0.25,1
1,5,1,15,2,0.484375,1,1.0,0.6959705453537527,0.3333333333333333,0.5,0.625,0
1,0,2,17,0,0.0,0,0.0,0.0,3.0,0.0,0.0,2
2,1,0,18,1,0.109375,0,0.499999750000125,0.33071891388307384,0.0,0.0,0.125,1
1,2,1,16,1,0.1875,1,1.0,0.4330127018922193,0.6666666666666666,0.25,0.25,2
1,3,0,18,2,0.484375,1,1.0,0.6959705453537527,0.0,0.25,0.375,0
1,5,2,16,2,0.734375,1,1.0,0.8569568250501305,1.0,0.375,0.625,0
2,5,0,15,2,0.484375,1,1.0,0.6959705453537527,0.0,0.125,0.625,0
2,5,1,16,2,0.734375,1,1.0,0.8569568250501305,0.6666666666666666,0.25,0.625,1
1,1,1,17,1,0.109375,1,0.9999990000010001,0.33071891388307384,0.5,0.125,0.125,1
2,6,1,16,2,0.6875,1,1.0,0.82915619758885,0.14285714285714285,0.25,0.75,0
2,0,1,17,0,0.0,0,0.0,0.0,1.0,0.0,0.0,1
1,6,0,16,2,0.6875,1,1.0,0.82915619758885,0.0,0.5,0.75,0
2,3,0,18,2,0.484375,1,1.0,0.6959705453537527,0.0,0.125,0.375,0
4,7,1,17,4,1.859375,1,1.0,1.3635890143294642,0.25,0.125,0.875,0
1,3,0,18,2,0.484375,1,1.0,0.6959705453537527,0.0,0.25,0.375,0
2,10,0,15,4,1.6875,1,1.0,1.299038105676658,0.0,0.375,1.25,0
1,10,1,15,4,1.6875,1,1.0,1.299038105676658,0.18181818181818182,0.625,1.25,0
2,20,1,6,4,1.75,1,1.0,1.3228756555322954,0.047619047619047616,0.875,2.5,0
2,7,0,17,4,1.859375,1,1.0,1.3635890143294642,0.0,0.25,0.875,0
1,17,0,8,4,2.109375,1,1.0,1.4523687548277813,0.0,0.75,2.125,0
1,20,0,6,4,1.75,1,1.0,1.3228756555322954,0.0,0.875,2.5,0
2,21,0,7,4,1.984375,1,1.0,1.4086784586980805,0.0,0.75,2.625,0
1,17,0,9,4,3.109375,1,1.0,1.7633419974582356,0.0,0.625,2.125,0
1,13,0,11,4,2.984375,1,1.0,1.7275343701356567,0.0,0.5,1.625,0
2,17,1,8,4,2.109375,1,1.0,1.4523687548277813,0.05555555555555555,0.75,2.125,0
2,13,2,11,4,2.984375,1,1.0,1.7275343701356567,0.14285714285714285,0.5,1.625,0
3,9,0,14,4,2.359375,1,1.0,1.5360257159305635,0.0,0.25,1.125,0
3,16,0,10,4,2.75,1,1.0,1.6583123951777,0.0,0.5,2.0,0
3,21,1,7,4,1.984375,1,1.0,1.4086784586980805,0.09090909090909091,0.625,2.625,0
2,6,1,15,4,1.9375,1,1.0,1.3919410907075054,0.14285714285714285,0.25,0.75,0
1,18,0,8,4,2.6875,1,1.0,1.6393596310755,0.0,0.75,2.25,0
1,13,1,11,4,2.984375,1,1.0,1.7275343701356567,0.07142857142857142,0.5,1.625,0
1,13,0,11,4,2.984375,1,1.0,1.7275343701356567,0.0,0.5,1.625,0
1,6,0,15,4,1.9375,1,1.0,1.3919410907075054,0.0,0.25,0.75,0
1,29,0,2,4,0.984375,1,1.0,0.9921567416492215,0.0,1.0,3.625,0
1,29,1,2,4,0.984375,1,1.0,0.9921567416492215,0.03333333333333333,1.0,3.625,0
1,30,0,1,4,0.4375,1,1.0,0.6614378277661477,0.0,1.0,3.75,0
1,27,0,4,4,1.734375,1,1.0,1.3169567191065923,0.0,0.875,3.375,0
2,32,0,0,4,0.0,1,1.0,0.0,0.0,1.0,4.0,0
1,15,1,11,4,3.609375,1,1.0,1.899835519196333,0.125,0.5,1.875,0
1,15,2,11,4,3.609375,1,1.0,1.899835519196333,0.1875,0.5,1.875,0
2,25,1,6,4,2.359375,1,1.0,1.5360257159305635,0.15384615384615385,0.75,3.125,0
1,10,0,14,4,2.9375,1,1.0,1.713913650100261,0.0,0.375,1.25,0
2,5,0,16,4,1.734375,1,1.0,1.3169567191065923,0.0,0.125,0.625,0
2,10,1,14,4,2.9375,1,1.0,1.713913650100261,0.09090909090909091,0.375,1.25,0
4,25,0,6,4,2.359375,1,1.0,1.5360257159305635,0.0,0.75,3.125,0
1,25,2,6,4,2.359375,1,1.0,1.5360257159305635,0.23076923076923078,0.875,3.125,0
1,26,0,5,4,1.9375,1,1.0,1.3919410907075054,0.0,0.875,3.25,0
2,2,1,17,2,0.4375,1,0.99999950000025,0.6614378277661477,0.3333333333333333,0.125,0.25,2
2,3,2,17,2,0.484375,1,1.0,0.6959705453537527,1.5,0.125,0.375,1
1,25,3,6,4,2.359375,1,1.0,1.5360257159305635,0.2692307692307692,0.875,3.125,0
2,15,0,11,4,3.609375,1,1.0,1.899835519196333,0.0,0.5,1.875,0
2,17,0,10,4,3.609375,1,1.0,1.899835519196333,0.0,0.5,2.125,0
2,12,0,13,4,3.0,1,1.0,1.7320508075688772,0.0,0.375,1.5,0
2,5,1,15,3,0.984375,1,1.0,0.9921567416492215,0.16666666666666666,0.125,0.625,0
1,0,1,18,0,0.0,0,0.0,0.0,4.0,0.0,0.0,1
3,7,0,16,4,2.359375,1,1.0,1.5360257159305635,0.0,0.25,0.875,0
4,1,1,18,1,0.109375,0,0.24999993750001562,0.33071891388307384,1.0,0.0,0.125,7
2,0,2,17,0,0.0,0,0.0,0.0,4.0,0.0,0.0,2
1,2,0,17,2,0.4375,1,1.0,0.6614378277661477,0.0,0.125,0.25,0
1,5,0,15,3,0.984375,1,1.0,0.9921567416492215,0.0,0.375,0.625,0
1,1,2,17,1,0.109375,1,0.9999990000010001,0.33071891388307384,2.5,0.125,0.125,3
2,1,2,17,1,0.109375,0,0.499999750000125,0.33071891388307384,2.0,0.0,0.125,1
2,2,3,16,1,0.1875,1,0.99999950000025,0.4330127018922193,2.0,0.0,0.25,3
2,5,3,15,1,0.234375,1,1.0,0.4841229182759271,1.1666666666666667,0.0,0.625,3
2,3,2,15,2,0.484375,1,1.0,0.6959705453537527,1.25,0.125,0.375,0
2,1,3,17,1,0.109375,0,0.499999750000125,0.33071891388307384,3.0,0.0,0.125,5
2,5,3,15,3,0.984375,1,1.0,0.9921567416492215,1.0,0.125,0.625,2
2,2,1,15,1,0.1875,1,0.99999950000025,0.4330127018922193,0.6666666666666666,0.0,0.25,2
2,5,1,15,1,0.234375,1,1.0,0.4841229182759271,0.6666666666666666,0.0,0.625,1
1,2,2,15,1,0.1875,1,1.0,0.4330127018922193,1.3333333333333333,0.25,0.25,2
1,3,3,15,3,0.984375,1,1.0,0.9921567416492215,1.0,0.125,0.375,1
1,7,0,14,3,1.109375,1,1.0,1.0532687216470449,0.0,0.5,0.875,0
1,6,3,14,2,0.4375,1,1.0,0.6614378277661477,0.8571428571428571,0.625,0.75,1
1,2,1,16,1,0.1875,1,1.0,0.4330127018922193,1.3333333333333333,0.25,0.25,0
2,10,0,13,3,1.1875,1,1.0,1.0897247358851685,0.0,0.25,1.25,0
1,10,1,13,3,1.4375,1,1.0,1.1989578808281798,0.18181818181818182,0.625,1.25,0
1,0,2,16,0,0.0,0,0.0,0.0,3.0,0.0,0.0,2
4,3,1,15,2,0.484375,0,0.7499998125000469,0.6959705453537527,0.25,0.0,0.375,3
2,3,4,15,3,0.984375,1,1.0,0.9921567416492215,1.25,0.125,0.375,1
2,7,0,14,3,0.859375,1,1.0,0.9270248108869579,0.0,0.125,0.875,0
1,7,1,15,3,1.109375,1,1.0,1.0532687216470449,0.25,0.5,0.875,0
3,11,1,11,4,1.984375,1,1.0,1.4086784586980805,0.08333333333333333,0.25,1.375,0
2,11,0,13,4,2.484375,1,1.0,1.5761900266148114,0.0,0.25,1.375,0
2,10,0,13,3,1.4375,1,1.0,1.1989578808281798,0.0,0.375,1.25,0
2,7,0,15,3,1.109375,1,1.0,1.0532687216470449,0.0,0.25,0.875,0
2,11,1,13,4,2.484375,1,1.0,1.5761900266148114,0.16666666666666666,0.25,1.375,0
2,18,1,8,4,0.9375,1,1.0,0.9682458365518543,0.10526315789473684,0.75,2.25,0
1,14,0,10,4,1.4375,1,1.0,1.1989578808281798,0.0,0.875,1.75,0
1,15,0,10,4,1.859375,1,1.0,1.3635890143294642,0.0,0.75,1.875,0
2,14,0,11,4,2.1875,1,1.0,1.479019945774904,0.0,0.625,1.75,0
1,11,0,11,4,1.984375,1,1.0,1.4086784586980805,0.0,0.625,1.375,0
1,19,0,7,4,0.984375,1,1.0,0.9921567416492215,0.0,1.0,2.375,0
2,18,0,8,4,0.9375,1,1.0,0.9682458365518543,0.0,0.75,2.25,0
1,10,0,13,4,1.9375,1,1.0,1.3919410907075054,0.0,0.625,1.25,0
2,12,0,12,4,2.0,1,1.0,1.4142135623730951,0.0,0.5,1.5,0
3,12,1,13,4,2.75,1,1.0,1.6583123951777,0.07692307692307693,0.25,1.5,0
2,14,0,10,4,1.6875,1,1.0,1.299038105676658,0.0,0.625,1.75,0
1,13,0,12,4,2.484375,1,1.0,1.5761900266148114,0.0,0.625,1.625,0
2,12,1,12,4,2.0,1,1.0,1.4142135623730951,0.15384615384615385,0.5,1.5,0
2,10,1,13,4,1.9375,1,1.0,1.3919410907075054,0.09090909090909091,0.25,1.25,0
1,12,0,13,4,2.75,1,1.0,1.6583123951777,0.0,0.5,1.5,0
1,9,1,14,4,2.859375,1,1.0,1.6909686573085854,0.1,0.375,1.125,0
2,9,0,15,4,2.359375,1,1.0,1.5360257159305635,0.0,0.375,1.125,0
2,11,1,13,4,3.234375,1,1.0,1.79843682124227,0.08333333333333333,0.375,1.375,0
1,9,0,14,4,2.859375,1,1.0,1.6909686573085854,0.0,0.375,1.125,0
1,4,0,17,4,1.75,1,1.0,1.3228756555322954,0.0,0.125,0.5,0
1,11,0,13,4,3.234375,1,1.0,1.79843682124227,0.0,0.375,1.375,0
2,9,0,14,4,1.859375,1,1.0,1.3635890143294642,0.0,0.375,1.125,0
2,1,0,19,1,0.109375,0,0.499999750000125,0.33071891388307384,0.0,0.0,0.125,1
2,8,0,15,4,2.25,1,1.0,1.5,0.0,0.25,1.0,0
2,1,1,19,1,0.109375,0,0.499999750000125,0.33071891388307384,1.0,0.0,0.125,1
1,8,0,15,4,2.25,1,1.0,1.5,0.0,0.375,1.0,0
1,5,0,16,4,1.734375,1,1.0,1.3169567191065923,0.0,0.25,0.625,0
2,4,1,17,4,1.75,1,1.0,1.3228756555322954,0.2,0.125,0.5,0
3,6,2,17,2,0.6875,1,1.0,0.82915619758885,0.5714285714285714,0.0,0.75,1
1,3,1,17,1,0.234375,1,1.0,0.4841229182759271,0.5,0.375,0.375,0
2,7,0,15,4,1.859375,1,1.0,1.3635890143294642,0.0,0.25,0.875,0
2,2,2,18,1,0.1875,1,0.99999950000025,0.4330127018922193,1.3333333333333333,0.0,0.25,2
2,4,1,18,2,0.5,1,1.0,0.7071067811865476,0.6,0.125,0.5,2
2,4,2,18,2,0.5,1,1.0,0.7071067811865476,1.0,0.125,0.5,3
2,0,0,19,0,0.0,0,0.0,0.0,0.0,0.0,0.0,1
2,4,0,15,1,0.25,1,1.0,0.5,0.0,0.0,0.5,0
2,6,2,13,3,1.1875,1,1.0,1.0897247358851685,0.5714285714285714,0.25,0.75,0
3,3,1,17,2,0.484375,1,0.9999996666667778,0.6959705453537527,0.5,0.0,0.375,1
2,4,0,15,1,0.25,1,1.0,0.5,0.0,0.0,0.5,0
2,6,0,13,3,1.1875,1,1.0,1.0897247358851685,0.0,0.25,0.75,0
2,5,0,13,2,0.484375,1,1.0,0.6959705453537527,0.0,0.125,0.625,0
1,2,1,16,1,0.1875,1,1.0,0.4330127018922193,1.0,0.25,0.25,0
1,2,0,15,1,0.1875,1,1.0,0.4330127018922193,0.0,0.25,0.25,0
1,0,0,18,0,0.0,0,0.0,0.0,0.0,0.0,0.0,1
1,5,1,13,2,0.484375,1,1.0,0.6959705453537527,0.3333333333333333,0.5,0.625,0
3,8,0,12,2,0.5,1,1.0,0.7071067811865476,0.0,0.0,1.0,0
3,2,1,16,1,0.1875,0,0.6666664444445185,0.4330127018922193,0.3333333333333333,0.0,0.25,2
2,6,1,13,3,1.1875,1,1.0,1.0897247358851685,0.2857142857142857,0.25,0.75,0
1,1,2,16,1,0.109375,1,0.9999990000010001,0.33071891388307384,2.0,0.125,0.125,0
3,9,1,13,2,0.609375,1,1.0,0.7806247497997998,0.1,0.0,1.125,0
2,3,0,15,1,0.234375,1,1.0,0.4841229182759271,0.0,0.0,0.375,0
1,7,0,14,2,0.609375,1,1.0,0.7806247497997998,0.0,0.625,0.875,0
2,1,1,16,1,0.109375,0,0.499999750000125,0.33071891388307384,1.0,0.0,0.125,1
2,1,0,16,1,0.109375,0,0.499999750000125,0.33071891388307384,0.0,0.0,0.125,1
2,9,2,13,2,0.609375,1,1.0,0.7806247497997998,0.4,0.375,1.125,0
1,9,0,13,2,0.609375,1,1.0,0.7806247497997998,0.0,0.75,1.125,0
2,7,1,14,2,0.609375,1,1.0,0.7806247497997998,0.125,0.25,0.875,0
1,27,3,3,4,1.734375,1,1.0,1.3169567191065923,0.21428571428571427,0.875,3.375,0
1,30,0,1,4,0.4375,1,1.0,0.6614378277661477,0.0,1.0,3.75,0
2,27,1,3,4,1.734375,1,1.0,1.3169567191065923,0.07142857142857142,0.875,3.375,0
4,20,0,7,4,3.75,1,1.0,1.9364916731037085,0.0,0.625,2.5,0
1,11,0,11,4,3.234375,1,1.0,1.79843682124227,0.0,0.375,1.375,0
2,27,2,3,4,1.734375,1,1.0,1.3169567191065923,0.14285714285714285,0.875,3.375,0
2,32,0,0,4,0.0,1,1.0,0.0,0.0,1.0,4.0,0
2,30,1,1,4,0.4375,1,1.0,0.6614378277661477,0.03225806451612903,1.0,3.75,0
2,16,1,8,4,4.0,1,1.0,2.0,0.058823529411764705,0.5,2.0,0
2,11,1,11,4,3.234375,1,1.0,1.79843682124227,0.08333333333333333,0.375,1.375,0
1,16,0,8,4,4.0,1,1.0,2.0,0.0,0.5,2.0,0
2,7,0,14,4,2.359375,1,1.0,1.5360257159305635,0.0,0.25,0.875,0
2,3,0,16,3,0.984375,1,1.0,0.9921567416492215,0.0,0.125,0.375,0
2,7,1,14,4,2.359375,1,1.0,1.5360257159305635,0.25,0.25,0.875,0
2,27,0,3,4,1.734375,1,1.0,1.3169567191065923,0.0,0.875,3.375,0
1,8,0,13,4,3.0,1,1.0,1.7320508075688772,0.0,0.25,1.0,0
2,13,0,10,4,3.484375,1,1.0,1.8666480653835098,0.0,0.375,1.625,0
1,1,0,17,1,0.109375,1,0.9999990000010001,0.33071891388307384,0.0,0.125,0.125,0
2,1,2,17,1,0.109375,0,0.499999750000125,0.33071891388307384,2.0,0.0,0.125,1
1,5,0,15,2,0.734375,1,1.0,0.8569568250501305,0.0,0.375,0.625,0
2,1,0,17,1,0.109375,0,0.499999750000125,0.33071891388307384,0.0,0.0,0.125,3
2,1,1,17,1,0.109375,0,0.499999750000125,0.33071891388307384,1.0,0.0,0.125,1
1,8,0,14,3,1.0,1,1.0,1.0,0.0,0.625,1.0,0
2,17,0,10,3,1.109375,1,1.0,1.0532687216470449,0.0,0.75,2.125,0
1,18,0,9,3,0.6875,1,1.0,0.82915619758885,0.0,1.0,2.25,0
2,16,0,10,4,2.0,1,1.0,1.4142135623730951,0.0,0.625,2.0,0
2,18,1,9,3,0.6875,1,1.0,0.82915619758885,0.05263157894736842,0.75,2.25,0
1,23,1,5,4,2.109375,1,1.0,1.4523687548277813,0.041666666666666664,0.875,2.875,0
1,23,0,5,4,2.109375,1,1.0,1.4523687548277813,0.0,0.875,2.875,0
2,22,0,6,4,1.9375,1,1.0,1.3919410907075054,0.0,0.625,2.75,0
2,21,0,7,4,2.734375,1,1.0,1.653594569415369,0.0,0.75,2.625,0
4,27,0,3,4,0.734375,1,1.0,0.8569568250501305,0.0,0.625,3.375,0
1,24,0,5,4,1.75,1,1.0,1.3228756555322954,0.0,1.0,3.0,0
2,25,0,3,4,1.359375,1,1.0,1.165922381636102,0.0,0.875,3.125,0
1,22,1,5,4,2.9375,1,1.0,1.713913650100261,0.08695652173913043,0.75,2.75,0
1,20,2,7,4,2.75,1,1.0,1.6583123951777,0.19047619047619047,0.75,2.5,0
2,11,0,13,4,2.734375,1,1.0,1.653594569415369,0.0,0.375,1.375,0
2,20,0,7,4,2.75,1,1.0,1.6583123951777,0.0,0.75,2.5,0
1,22,2,5,4,2.9375,1,1.0,1.713913650100261,0.13043478260869565,0.75,2.75,0
1,23,0,4,4,2.359375,1,1.0,1.5360257159305635,0.0,0.875,2.875,0
1,13,1,11,4,3.484375,1,1.0,1.8666480653835098,0.14285714285714285,0.5,1.625,0
2,11,2,13,4,2.734375,1,1.0,1.653594569415369,0.3333333333333333,0.375,1.375,0
2,15,0,10,4,3.609375,1,1.0,1.899835519196333,0.0,0.5,1.875,0
2,22,0,5,4,2.9375,1,1.0,1.713913650100261,0.0,0.75,2.75,0
2,13,0,11,4,3.484375,1,1.0,1.8666480653835098,0.0,0.375,1.625,0
2,20,1,7,4,2.75,1,1.0,1.6583123951777,0.09523809523809523,0.75,2.5,0
2,11,1,13,4,2.734375,1,1.0,1.653594569415369,0.16666666666666666,0.375,1.375,0
1,11,3,13,4,2.734375,1,1.0,1.653594569415369,0.5,0.5,1.375,0
1,5,1,16,4,1.734375,1,1.0,1.3169567191065923,0.5,0.25,0.625,0
1,3,3,17,1,0.234375,1,1.0,0.4841229182759271,1.5,0.375,0.375,4
3,14,0,12,4,2.4375,1,1.0,1.5612494995995996,0.0,0.25,1.75,0
3,5,3,16,4,1.734375,1,1.0,1.3169567191065923,1.0,0.125,0.625,7
3,5,0,16,4,1.734375,1,1.0,1.3169567191065923,0.0,0.125,0.625,0
1,0,2,19,0,0.0,0,0.0,0.0,5.0,0.0,0.0,1
1,0,7,19,0,0.0,0,0.0,0.0,11.0,0.0,0.0,6
1,1,2,18,1,0.109375,1,0.9999990000010001,0.33071891388307384,2.5,0.125,0.125,0
1,0,5,19,0,0.0,0,0.0,0.0,9.0,0.0,0.0,4
2,0,9,19,0,0.0,0,0.0,0.0,16.0,0.0,0.0,8
2,5,2,16,4,1.734375,1,1.0,1.3169567191065923,0.6666666666666666,0.125,0.625,4
2,0,10,19,0,0.0,0,0.0,0.0,18.0,0.0,0.0,10
1,0,4,19,0,0.0,0,0.0,0.0,8.0,0.0,0.0,3
2,3,4,17,1,0.234375,1,1.0,0.4841229182759271,1.75,0.0,0.375,6
2,0,3,19,0,0.0,0,0.0,0.0,6.0,0.0,0.0,6
1,0,6,19,0,0.0,0,0.0,0.0,10.0,0.0,0.0,6
2,4,5,17,2,0.5,1,1.0,0.7071067811865476,2.4,0.125,0.5,5
3,2,5,17,2,0.4375,0,0.6666664444445185,0.6614378277661477,3.3333333333333335,0.0,0.25,7
4,0,8,19,0,0.0,0,0.0,0.0,12.0,0.0,0.0,7
1,3,7,16,1,0.234375,1,1.0,0.4841229182759271,3.5,0.375,0.375,4
1,0,4,18,0,0.0,0,0.0,0.0,11.0,0.0,0.0,6
1,2,10,17,2,0.4375,1,1.0,0.6614378277661477,5.666666666666667,0.125,0.25,8
3,0,3,18,0,0.0,0,0.0,0.0,8.0,0.0,0.0,6
3,2,8,17,1,0.1875,0,0.6666664444445185,0.4330127018922193,5.0,0.0,0.25,9
1,0,5,17,0,0.0,0,0.0,0.0,11.0,0.0,0.0,4
2,0,7,17,0,0.0,0,0.0,0.0,12.0,0.0,0.0,8
2,3,4,16,2,0.484375,1,1.0,0.6959705453537527,2.5,0.125,0.375,8
2,0,4,17,0,0.0,0,0.0,0.0,9.0,0.0,0.0,8
2,3,6,16,1,0.234375,1,1.0,0.4841229182759271,3.0,0.0,0.375,8
4,3,5,15,1,0.234375,0,0.7499998125000469,0.4841229182759271,2.5,0.0,0.375,8
1,1,6,16,1,0.109375,1,0.9999990000010001,0.33071891388307384,7.0,0.125,0.125,0
2,2,6,15,1,0.1875,1,0.99999950000025,0.4330127018922193,4.666666666666667,0.0,0.25,11
2,1,5,16,1,0.109375,0,0.499999750000125,0.33071891388307384,5.0,0.0,0.125,8
1,3,6,16,1,0.234375,1,1.0,0.4841229182759271,3.5,0.375,0.375,0
1,3,7,16,1,0.234375,1,1.0,0.4841229182759271,3.75,0.375,0.375,2
2,4,8,15,2,0.5,1,1.0,0.7071067811865476,2.8,0.125,0.5,11
1,0,8,16,0,0.0,0,0.0,0.0,18.0,0.0,0.0,2
1,1,6,16,1,0.109375,1,0.9999990000010001,0.33071891388307384,7.0,0.125,0.125,0
2,3,6,15,3,0.984375,1,1.0,0.9921567416492215,3.0,0.125,0.375,8
1,4,9,14,2,0.5,1,1.0,0.7071067811865476,3.8,0.375,0.5,2
1,3,8,16,1,0.234375,1,1.0,0.4841229182759271,4.0,0.375,0.375,3
2,2,5,15,1,0.1875,1,0.99999950000025,0.4330127018922193,4.0,0.0,0.25,6
2,0,6,16,0,0.0,0,0.0,0.0,14.0,0.0,0.0,12
4,3,8,15,1,0.234375,0,0.7499998125000469,0.4841229182759271,4.25,0.0,0.375,13
1,1,6,16,1,0.109375,1,0.9999990000010001,0.33071891388307384,7.0,0.125,0.125,0
2,0,7,16,0,0.0,0,0.0,0.0,16.0,0.0,0.0,13
2,1,6,18,1,0.109375,0,0.499999750000125,0.33071891388307384,6.0,0.0,0.125,8
1,3,7,17,2,0.484375,1,1.0,0.6959705453537527,3.5,0.25,0.375,4
1,2,5,18,2,0.4375,1,1.0,0.6614378277661477,3.6666666666666665,0.125,0.25,1
1,4,6,17,1,0.25,1,1.0,0.5,2.4,0.5,0.5,3
2,3,8,14,1,0.234375,1,1.0,0.4841229182759271,4.0,0.0,0.375,11
2,0,3,20,0,0.0,0,0.0,0.0,6.0,0.0,0.0,6
2,0,5,19,0,0.0,0,0.0,0.0,8.0,0.0,0.0,5
2,3,7,15,1,0.234375,1,1.0,0.4841229182759271,3.75,0.0,0.375,11
1,0,7,19,0,0.0,0,0.0,0.0,12.0,0.0,0.0,5
2,1,3,19,1,0.109375,0,0.499999750000125,0.33071891388307384,2.5,0.0,0.125,4
2,0,4,20,0,0.0,0,0.0,0.0,8.0,0.0,0.0,6
1,0,4,19,0,0.0,0,0.0,0.0,7.0,0.0,0.0,4
2,4,5,17,1,0.25,1,1.0,0.5,2.0,0.0,0.5,6
1,2,4,18,1,0.1875,1,1.0,0.4330127018922193,2.6666666666666665,0.25,0.25,5
2,2,3,18,1,0.1875,1,0.99999950000025,0.4330127018922193,2.0,0.0,0.25,5
2,0,6,19,0,0.0,0,0.0,0.0,10.0,0.0,0.0,6
2,28,1,1,4,1.75,1,1.0,1.3228756555322954,0.06896551724137931,0.875,3.5,0
2,28,0,1,4,1.75,1,1.0,1.3228756555322954,0.0,0.875,3.5,0
1,14,0,9,4,3.4375,1,1.0,1.8540496217739157,0.0,0.5,1.75,0
4,32,0,0,4,0.0,1,1.0,0.0,0.0,1.0,4.0,0
2,19,0,5,4,3.484375,1,1.0,1.8666480653835098,0.0,0.625,2.375,0
1,17,0,6,4,3.609375,1,1.0,1.899835519196333,0.0,0.625,2.125,0
4,23,0,4,4,2.859375,1,1.0,1.6909686573085854,0.0,0.625,2.875,0
2,14,1,9,4,3.4375,1,1.0,1.8540496217739157,0.06666666666666667,0.5,1.75,0
1,24,0,3,4,3.0,1,1.0,1.7320508075688772,0.0,0.75,3.0,0
1,16,0,7,4,4.0,1,1.0,2.0,0.0,0.5,2.0,0
1,9,0,12,4,2.859375,1,1.0,1.6909686573085854,0.0,0.375,1.125,0
1,3,1,16,3,0.984375,1,1.0,0.9921567416492215,0.5,0.125,0.375,0
2,8,0,13,4,3.0,1,1.0,1.7320508075688772,0.0,0.25,1.0,0
2,6,0,14,4,1.9375,1,1.0,1.3919410907075054,0.0,0.25,0.75,0
2,6,0,14,4,1.9375,1,1.0,1.3919410907075054,0.0,0.25,0.75,0
1,15,0,8,4,3.609375,1,1.0,1.899835519196333,0.0,0.5,1.875,0
2,3,2,16,3,0.984375,1,1.0,0.9921567416492215,0.75,0.125,0.375,2
1,1,3,17,1,0.109375,1,0.9999990000010001,0.33071891388307384,2.0,0.125,0.125,1
1,6,3,16,4,1.9375,1,1.0,1.3919410907075054,1.0,0.25,0.75,2
2,11,0,11,4,3.234375,1,1.0,1.79843682124227,0.0,0.375,1.375,0
2,3,0,16,3,0.984375,1,1.0,0.9921567416492215,0.0,0.125,0.375,0
2,2,1,19,1,0.1875,1,0.99999950000025,0.4330127018922193,0.6666666666666666,0.0,0.25,2
1,6,1,14,4,1.9375,1,1.0,1.3919410907075054,0.2857142857142857,0.25,0.75,0
2,6,4,16,4,1.9375,1,1.0,1.3919410907075054,1.1428571428571428,0.25,0.75,2
2,0,1,18,0,0.0,0,0.0,0.0,2.0,0.0,0.0,3
4,1,2,17,1,0.109375,0,0.24999993750001562,0.33071891388307384,1.5,0.0,0.125,1
1,3,1,17,1,0.234375,1,1.0,0.4841229182759271,0.5,0.375,0.375,0
1,0,1,19,0,0.0,0,0.0,0.0,1.0,0.0,0.0,3
1,0,2,18,0,0.0,0,0.0,0.0,4.0,0.0,0.0,2
1,3,2,17,1,0.234375,1,1.0,0.4841229182759271,0.75,0.375,0.375,2
1,1,3,17,1,0.109375,1,0.9999990000010001,0.33071891388307384,3.5,0.125,0.125,2
2,2,0,19,1,0.1875,1,0.99999950000025,0.4330127018922193,0.0,0.0,0.25,0
1,2,2,18,2,0.4375,1,1.0,0.6614378277661477,1.0,0.125,0.25,0
1,5,1,17,3,0.984375,1,1.0,0.9921567416492215,0.3333333333333333,0.375,0.625,0
1,3,0,18,1,0.234375,1,1.0,0.4841229182759271,0.0,0.375,0.375,0
1,2,3,18,2,0.4375,1,1.0,0.6614378277661477,1.3333333333333333,0.125,0.25,2
2,2,1,19,2,0.4375,1,0.99999950000025,0.6614378277661477,0.3333333333333333,0.125,0.25,1
3,11,0,14,3,1.484375,1,1.0,1.2183492931011204,0.0,0.25,1.375,0
2,0,1,19,0,0.0,0,0.0,0.0,1.0,0.0,0.0,2
2,6,0,17,2,0.6875,1,1.0,0.82915619758885,0.0,0.25,0.75,0
3,17,0,9,4,1.359375,1,1.0,1.165922381636102,0.0,0.375,2.125,0
2,16,1,9,4,2.75,1,1.0,1.6583123951777,0.11764705882352941,0.625,2.0,0
2,16,0,9,4,2.75,1,1.0,1.6583123951777,0.0,0.625,2.0,0
2,19,0,7,4,2.234375,1,1.0,1.4947825928876748,0.0,0.625,2.375,0
1,14,0,10,4,1.9375,1,1.0,1.3919410907075054,0.0,0.75,1.75,0
1,17,0,8,4,2.859375,1,1.0,1.6909686573085854,0.0,0.75,2.125,0
2,18,1,7,4,1.6875,1,1.0,1.299038105676658,0.05263157894736842,0.75,2.25,0
2,17,1,8,4,2.859375,1,1.0,1.6909686573085854,0.05555555555555555,0.5,2.125,0
1,18,0,7,4,1.6875,1,1.0,1.299038105676658,0.0,0.875,2.25,0
2,14,0,12,4,2.6875,1,1.0,1.6393596310755,0.0,0.5,1.75,0
2,14,0,9,4,2.1875,1,1.0,1.479019945774904,0.0,0.5,1.75,0
1,13,0,11,4,2.484375,1,1.0,1.5761900266148114,0.0,0.625,1.625,0
2,14,0,10,4,3.4375,1,1.0,1.8540496217739157,0.0,0.5,1.75,0
1,14,0,12,4,2.1875,1,1.0,1.479019945774904,0.0,0.75,1.75,0
1,13,1,11,4,2.484375,1,1.0,1.5761900266148114,0.07142857142857142,0.625,1.625,0
1,9,0,15,4,2.109375,1,1.0,1.4523687548277813,0.0,0.5,1.125,0
2,14,1,10,4,3.4375,1,1.0,1.8540496217739157,0.13333333333333333,0.5,1.75,0
1,13,0,12,4,2.234375,1,1.0,1.4947825928876748,0.0,0.75,1.625,0
2,10,0,15,4,1.9375,1,1.0,1.3919410907075054,0.0,0.25,1.25,0
1,12,0,13,4,2.75,1,1.0,1.6583123951777,0.0,0.5,1.5,0
3,10,1,15,4,1.9375,1,1.0,1.3919410907075054,0.18181818181818182,0.25,1.25,0
2,6,0,16,4,1.6875,1,1.0,1.299038105676658,0.0,0.125,0.75,0
2,4,0,18,2,0.5,1,1.0,0.7071067811865476,0.0,0.125,0.5,0
2,14,2,12,4,2.1875,1,1.0,1.479019945774904,0.13333333333333333,0.5,1.75,0
1,14,1,12,4,2.1875,1,1.0,1.479019945774904,0.06666666666666667,0.75,1.75,0
2,9,0,15,4,2.859375,1,1.0,1.6909686573085854,0.0,0.25,1.125,0
1,6,2,16,4,1.9375,1,1.0,1.3919410907075054,0.42857142857142855,0.25,0.75,0
2,12,1,13,4,2.75,1,1.0,1.6583123951777,0.07692307692307693,0.5,1.5,0
1,3,0,18,2,0.484375,1,1.0,0.6959705453537527,0.0,0.25,0.375,0
2,6,0,16,4,1.9375,1,1.0,1.3919410907075054,0.0,0.25,0.75,0
3,14,1,12,3,0.9375,1,1.0,0.9682458365518543,0.13333333333333333,0.25,1.75,0
1,6,1,16,4,1.9375,1,1.0,1.3919410907075054,0.2857142857142857,0.25,0.75,0
1,13,0,12,3,0.984375,1,1.0,0.9921567416492215,0.0,0.875,1.625,0
2,8,0,15,2,0.75,1,1.0,0.8660254037844386,0.0,0.375,1.0,0
1,10,0,13,2,0.6875,1,1.0,0.82915619758885,0.0,0.75,1.25,0
2,14,0,12,3,0.9375,1,1.0,0.9682458365518543,0.0,0.625,1.75,0
1,12,0,13,4,2.5,1,1.0,1.5811388300841898,0.0,0.5,1.5,0
1,6,0,16,3,1.6875,1,1.0,1.299038105676658,0.0,0.25,0.75,0
1,7,0,15,2,0.859375,1,1.0,0.9270248108869579,0.0,0.5,0.875,0
1,14,0,11,4,2.4375,1,1.0,1.5612494995995996,0.0,0.625,1.75,0
1,9,0,16,3,1.359375,1,1.0,1.165922381636102,0.0,0.625,1.125,0
2,16,0,10,4,1.75,1,1.0,1.3228756555322954,0.0,0.5,2.0,0
2,9,0,14,4,2.109375,1,1.0,1.4523687548277813,0.0,0.25,1.125,0
2,9,0,16,4,1.609375,1,1.0,1.2686114456365274,0.0,0.25,1.125,0
1,9,0,16,4,2.109375,1,1.0,1.4523687548277813,0.0,0.5,1.125,0
1,9,1,16,4,1.609375,1,1.0,1.2686114456365274,0.2,0.625,1.125,0
1,14,1,11,4,2.4375,1,1.0,1.5612494995995996,0.06666666666666667,0.625,1.75,0
4,12,1,13,4,2.5,1,1.0,1.5811388300841898,0.07692307692307693,0.125,1.5,0
1,9,0,14,4,2.109375,1,1.0,1.4523687548277813,0.0,0.5,1.125,0
1,7,0,15,4,2.359375,1,1.0,1.5360257159305635,0.0,0.25,0.875,0
1,6,1,16,3,1.6875,1,1.0,1.299038105676658,0.14285714285714285,0.25,0.75,0
2,5,0,18,4,1.734375,1,1.0,1.3169567191065923,0.0,0.125,0.625,0
1,11,2,15,4,1.484375,1,1.0,1.2183492931011204,0.4166666666666667,0.75,1.375,0
1,2,0,19,1,0.1875,1,1.0,0.4330127018922193,0.0,0.25,0.25,0
4,11,0,15,4,1.484375,1,1.0,1.2183492931011204,0.0,0.125,1.375,0
1,9,2,16,4,1.609375,1,1.0,1.2686114456365274,0.3,0.625,1.125,0
1,11,1,15,4,1.484375,1,1.0,1.2183492931011204,0.3333333333333333,0.75,1.375,0
2,3,0,19,3,0.984375,1,1.0,0.9921567416492215,0.0,0.125,0.375,0
4,18,0,8,4,1.9375,1,1.0,1.3919410907075054,0.0,0.25,2.25,0
2,2,1,19,1,0.1875,1,0.99999950000025,0.4330127018922193,0.3333333333333333,0.0,0.25,1
2,8,0,15,2,0.75,1,1.0,0.8660254037844386,0.0,0.375,1.0,0
2,15,0,8,4,2.859375,1,1.0,1.6909686573085854,0.0,0.5,1.875,0
1,15,0,8,4,2.859375,1,1.0,1.6909686573085854,0.0,0.625,1.875,0
2,17,0,8,4,1.859375,1,1.0,1.3635890143294642,0.0,0.625,2.125,0
1,16,0,8,4,2.75,1,1.0,1.6583123951777,0.0,0.75,2.0,0
1,13,0,10,4,3.484375,1,1.0,1.8666480653835098,0.0,0.5,1.625,0
1,13,1,10,4,3.484375,1,1.0,1.8666480653835098,0.07142857142857142,0.5,1.625,0
2,16,1,8,4,2.75,1,1.0,1.6583123951777,0.058823529411764705,0.5,2.0,0
2,11,0,12,4,2.734375,1,1.0,1.653594569415369,0.0,0.375,1.375,0
3,11,1,12,4,2.734375,1,1.0,1.653594569415369,0.16666666666666666,0.25,1.375,0
1,30,0,1,4,0.4375,1,1.0,0.6614378277661477,0.0,1.0,3.75,0
2,28,1,3,4,1.75,1,1.0,1.3228756555322954,0.06896551724137931,0.875,3.5,0
2,28,0,3,4,1.75,1,1.0,1.3228756555322954,0.0,0.875,3.5,0
2,23,0,6,4,2.859375,1,1.0,1.6909686573085854,0.0,0.75,2.875,0
2,32,0,0,4,0.0,1,1.0,0.0,0.0,1.0,4.0,0
1,12,1,12,4,3.75,1,1.0,1.9364916731037085,0.15384615384615385,0.375,1.5,0
1,30,1,1,4,0.4375,1,1.0,0.6614378277661477,0.03225806451612903,1.0,3.75,0
1,24,0,5,4,3.0,1,1.0,1.7320508075688772,0.0,0.75,3.0,0
1,19,1,8,4,3.484375,1,1.0,1.8666480653835098,0.1,0.625,2.375,0
2,19,3,8,4,3.484375,1,1.0,1.8666480653835098,0.25,0.625,2.375,0
2,19,2,8,4,3.484375,1,1.0,1.8666480653835098,0.15,0.625,2.375,0
2,12,0,12,4,3.75,1,1.0,1.9364916731037085,0.0,0.375,1.5,0
2,12,1,12,4,2.5,1,1.0,1.5811388300841898,0.23076923076923078,0.375,1.5,0
2,21,0,7,4,3.234375,1,1.0,1.79843682124227,0.0,0.625,2.625,0
2,19,0,8,4,3.484375,1,1.0,1.8666480653835098,0.0,0.625,2.375,0
2,5,0,16,4,1.734375,1,1.0,1.3169567191065923,0.0,0.125,0.625,0
2,9,0,13,4,2.359375,1,1.0,1.5360257159305635,0.0,0.375,1.125,0
2,1,0,19,1,0.109375,0,0.499999750000125,0.33071891388307384,0.0,0.0,0.125,1
4,8,0,14,4,2.25,1,1.0,1.5,0.0,0.125,1.0,0
3,12,0,12,4,2.5,1,1.0,1.5811388300841898,0.0,0.25,1.5,0
1,3,0,17,3,0.984375,1,1.0,0.9921567416492215,0.0,0.125,0.375,0
2,6,0,15,4,1.9375,1,1.0,1.3919410907075054,0.0,0.25,0.75,0
1,7,0,14,4,2.359375,1,1.0,1.5360257159305635,0.0,0.25,0.875,0
1,6,0,15,4,1.9375,1,1.0,1.3919410907075054,0.0,0.25,0.75,0
1,3,0,17,1,0.234375,1,1.0,0.4841229182759271,0.0,0.375,0.375,0
1,3,1,17,3,0.984375,1,1.0,0.9921567416492215,0.25,0.125,0.375,0
1,3,0,16,2,0.484375,1,1.0,0.6959705453537527,0.0,0.25,0.375,0
2,2,0,17,1,0.1875,1,0.99999950000025,0.4330127018922193,0.0,0.0,0.25,0
2,6,1,15,3,1.1875,1,1.0,1.0897247358851685,0.42857142857142855,0.25,0.75,0
2,10,0,13,4,1.9375,1,1.0,1.3919410907075054,0.0,0.25,1.25,0
1,8,1,14,4,2.25,1,1.0,1.5,0.4444444444444444,0.375,1.0,0
2,9,0,14,4,1.859375,1,1.0,1.3635890143294642,0.0,0.375,1.125,0
1,9,2,14,4,1.859375,1,1.0,1.3635890143294642,0.3,0.5,1.125,0
2,5,0,17,3,1.234375,1,1.0,1.1110243021644486,0.0,0.25,0.625,0
2,2,1,17,1,0.1875,1,0.99999950000025,0.4330127018922193,1.0,0.0,0.25,0
2,5,1,17,3,1.234375,1,1.0,1.1110243021644486,0.3333333333333333,0.25,0.625,0
3,2,0,17,1,0.1875,0,0.6666664444445185,0.4330127018922193,0.0,0.0,0.25,2
2,9,1,14,4,1.859375,1,1.0,1.3635890143294642,0.2,0.375,1.125,0
2,0,1,17,0,0.0,0,0.0,0.0,2.0,0.0,0.0,2
2,9,0,14,4,1.859375,1,1.0,1.3635890143294642,0.0,0.375,1.125,0
1,9,1,14,4,1.859375,1,1.0,1.3635890143294642,0.2,0.5,1.125,0
2,4,0,14,2,0.5,1,1.0,0.7071067811865476,0.0,0.125,0.5,0
2,6,1,15,3,0.9375,1,1.0,0.9682458365518543,0.5714285714285714,0.125,0.75,0
2,3,0,14,2,0.484375,1,1.0,0.6959705453537527,0.0,0.125,0.375,0
2,0,0,17,0,0.0,0,0.0,0.0,0.0,0.0,0.0,2
4,3,0,18,2,0.484375,0,0.7499998125000469,0.6959705453537527,0.0,0.0,0.375,1
2,7,0,12,3,1.109375,1,1.0,1.0532687216470449,0.0,0.25,0.875,0
2,10,0,10,4,1.4375,1,1.0,1.1989578808281798,0.0,0.25,1.25,0
1,10,1,10,4,1.4375,1,1.0,1.1989578808281798,0.18181818181818182,0.75,1.25,0
2,7,1,12,3,1.109375,1,1.0,1.0532687216470449,0.25,0.25,0.875,0
1,2,0,15,2,0.4375,1,1.0,0.6614378277661477,0.0,0.125,0.25,0
2,10,0,11,2,0.6875,1,1.0,0.82915619758885,0.0,0.5,1.25,0
2,13,2,10,4,1.984375,1,1.0,1.4086784586980805,0.42857142857142855,0.625,1.625,0
1,1,1,16,1,0.109375,1,0.9999990000010001,0.33071891388307384,1.5,0.125,0.125,0
2,10,0,11,2,0.6875,1,1.0,0.82915619758885,0.0,0.5,1.25,0
3,13,1,10,4,1.984375,1,1.0,1.4086784586980805,0.21428571428571427,0.25,1.625,0
2,5,1,13,4,1.734375,1,1.0,1.3169567191065923,0.16666666666666666,0.125,0.625,0
1,11,0,10,3,0.984375,1,1.0,0.9921567416492215,0.0,0.75,1.375,0
1,5,0,13,4,1.734375,1,1.0,1.3169567191065923,0.0,0.25,0.625,0
3,13,0,10,4,1.984375,1,1.0,1.4086784586980805,0.0,0.25,1.625,0
1,2,1,16,2,0.4375,1,1.0,0.6614378277661477,1.0,0.125,0.25,0
2,7,2,15,2,0.609375,1,1.0,0.7806247497997998,0.5,0.25,0.875,0
1,10,0,11,3,1.1875,1,1.0,1.0897247358851685,0.0,0.625,1.25,0
3,2,1,15,2,0.4375,0,0.6666664444445185,0.6614378277661477,0.3333333333333333,0.0,0.25,3
1,7,1,15,2,0.609375,1,1.0,0.7806247497997998,0.375,0.625,0.875,0
2,3,0,17,1,0.234375,1,1.0,0.4841229182759271,0.0,0.0,0.375,0
2,4,1,16,1,0.25,1,1.0,0.5,0.4,0.0,0.5,0
2,1,0,18,1,0.109375,0,0.499999750000125,0.33071891388307384,0.0,0.0,0.125,2
2,14,1,11,3,0.6875,1,1.0,0.82915619758885,0.06666666666666667,0.75,1.75,0
1,1,0,18,1,0.109375,1,0.9999990000010001,0.33071891388307384,0.0,0.125,0.125,0
2,3,0,17,2,0.484375,1,1.0,0.6959705453537527,0.0,0.125,0.375,0
1,4,0,16,2,0.5,1,1.0,0.7071067811865476,0.0,0.375,0.5,0
1,12,1,12,3,1.0,1,1.0,1.0,0.07692307692307693,0.75,1.5,0
3,13,2,13,4,1.234375,1,1.0,1.1110243021644486,0.2857142857142857,0.125,1.625,0
2,13,1,13,4,1.234375,1,1.0,1.1110243021644486,0.14285714285714285,0.5,1.625,0
2,4,0,16,1,0.25,1,1.0,0.5,0.0,0.0,0.5,0
1,14,0,11,3,0.6875,1,1.0,0.82915619758885,0.0,0.875,1.75,0
1,9,0,13,3,1.109375,1,1.0,1.0532687216470449,0.0,0.625,1.125,0
2,13,0,13,4,1.234375,1,1.0,1.1110243021644486,0.0,0.5,1.625,0
4,10,0,14,3,1.4375,1,1.0,1.1989578808281798,0.0,0.0,1.25,0
2,11,0,12,4,1.984375,1,1.0,1.4086784586980805,0.0,0.375,1.375,0
1,14,0,10,4,3.1875,1,1.0,1.7853571071357126,0.0,0.5,1.75,0
1,12,0,12,3,1.0,1,1.0,1.0,0.0,0.75,1.5,0
1,7,0,15,2,0.859375,1,1.0,0.9270248108869579,0.0,0.5,0.875,0
2,8,0,14,4,2.25,1,1.0,1.5,0.0,0.25,1.0,0
2,14,1,10,4,2.4375,1,1.0,1.5612494995995996,0.06666666666666667,0.5,1.75,0
1,14,2,10,4,2.4375,1,1.0,1.5612494995995996,0.2,0.625,1.75,0
2,16,0,9,4,1.75,1,1.0,1.3228756555322954,0.0,0.5,2.0,0
1,15,2,12,4,1.609375,1,1.0,1.2686114456365274,0.1875,0.875,1.875,0
2,10,0,16,4,2.6875,1,1.0,1.6393596310755,0.0,0.375,1.25,0
2,14,0,10,4,1.9375,1,1.0,1.3919410907075054,0.0,0.5,1.75,0
1,14,0,10,4,2.4375,1,1.0,1.5612494995995996,0.0,0.625,1.75,0
3,9,1,15,4,1.609375,1,1.0,1.2686114456365274,0.2,0.125,1.125,0
1,15,0,12,4,1.609375,1,1.0,1.2686114456365274,0.0,0.875,1.875,0
1,10,0,13,4,1.9375,1,1.0,1.3919410907075054,0.0,0.625,1.25,0
2,15,1,12,4,1.609375,1,1.0,1.2686114456365274,0.0625,0.5,1.875,0
1,14,3,10,4,2.4375,1,1.0,1.5612494995995996,0.26666666666666666,0.625,1.75,0
2,10,0,16,4,1.9375,1,1.0,1.3919410907075054,0.0,0.25,1.25,0
1,11,0,15,4,2.484375,1,1.0,1.5761900266148114,0.0,0.5,1.375,0
2,9,0,15,4,1.609375,1,1.0,1.2686114456365274,0.0,0.25,1.125,0
2,1,0,19,1,0.109375,0,0.499999750000125,0.33071891388307384,0.0,0.0,0.125,5
1,9,2,15,4,1.609375,1,1.0,1.2686114456365274,0.5,0.625,1.125,0
2,10,1,16,4,1.9375,1,1.0,1.3919410907075054,0.18181818181818182,0.25,1.25,0
2,3,0,18,3,0.984375,1,1.0,0.9921567416492215,0.0,0.125,0.375,0
1,6,1,16,2,0.4375,1,1.0,0.6614378277661477,0.2857142857142857,0.625,0.75,0
2,5,0,17,1,0.234375,1,1.0,0.4841229182759271,0.0,0.0,0.625,0
2,6,0,16,2,0.4375,1,1.0,0.6614378277661477,0.0,0.125,0.75,0
4,6,2,16,3,0.9375,1,1.0,0.9682458365518543,0.2857142857142857,0.0,0.75,0
1,6,0,16,3,0.9375,1,1.0,0.9682458365518543,0.0,0.5,0.75,0
1,6,1,16,3,0.9375,1,1.0,0.9682458365518543,0.14285714285714285,0.5,0.75,0
1,31,1,1,4,0.109375,1,1.0,0.33071891388307384,0.0625,1.0,3.875,0
3,27,0,4,4,1.734375,1,1.0,1.3169567191065923,0.0,0.875,3.375,0
1,32,0,0,4,0.0,1,1.0,0.0,0.0,1.0,4.0,0
1,28,0,3,4,1.75,1,1.0,1.3228756555322954,0.0,0.875,3.5,0
2,31,0,1,4,0.109375,1,1.0,0.33071891388307384,0.0,1.0,3.875,0
1,27,1,4,4,1.734375,1,1.0,1.3169567191065923,0.10714285714285714,0.875,3.375,0
2,27,2,4,4,1.734375,1,1.0,1.3169567191065923,0.14285714285714285,0.875,3.375,0
1,15,0,10,4,3.609375,1,1.0,1.899835519196333,0.0,0.5,1.875,0
2,21,0,7,4,3.234375,1,1.0,1.79843682124227,0.0,0.625,2.625,0
2,19,0,8,4,3.484375,1,1.0,1.8666480653835098,0.0,0.625,2.375,0
2,17,0,9,4,3.609375,1,1.0,1.899835519196333,0.0,0.5,2.125,0
1,15,0,10,4,3.109375,1,1.0,1.7633419974582356,0.0,0.625,1.875,0
2,17,0,10,4,3.109375,1,1.0,1.7633419974582356,0.0,0.625,2.125,0
1,16,0,10,4,3.0,1,1.0,1.7320508075688772,0.0,0.625,2.0,0
1,16,0,9,4,3.25,1,1.0,1.8027756377319946,0.0,0.625,2.0,0
1,18,1,8,4,2.1875,1,1.0,1.479019945774904,0.10526315789473684,0.875,2.25,0
1,14,1,12,4,3.4375,1,1.0,1.8540496217739157,0.06666666666666667,0.5,1.75,0
2,16,0,10,4,2.75,1,1.0,1.6583123951777,0.0,0.5,2.0,0
2,12,0,14,4,3.0,1,1.0,1.7320508075688772,0.0,0.375,1.5,0
2,18,0,8,4,2.1875,1,1.0,1.479019945774904,0.0,0.625,2.25,0
2,14,0,13,4,2.6875,1,1.0,1.6393596310755,0.0,0.5,1.75,0
1,12,0,14,4,2.75,1,1.0,1.6583123951777,0.0,0.5,1.5,0
1,15,0,11,4,3.109375,1,1.0,1.7633419974582356,0.0,0.625,1.875,0
1,14,0,12,4,3.4375,1,1.0,1.8540496217739157,0.0,0.5,1.75,0
1,12,0,14,4,3.75,1,1.0,1.9364916731037085,0.0,0.375,1.5,0
1,13,0,14,4,2.484375,1,1.0,1.5761900266148114,0.0,0.625,1.625,0
1,11,0,16,4,2.734375,1,1.0,1.653594569415369,0.0,0.5,1.375,0
1,14,0,14,4,2.4375,1,1.0,1.5612494995995996,0.0,0.625,1.75,0
2,10,0,17,4,2.9375,1,1.0,1.713913650100261,0.0,0.375,1.25,0
2,0,0,19,0,0.0,0,0.0,0.0,0.0,0.0,0.0,2
1,13,1,14,4,2.484375,1,1.0,1.5761900266148114,0.07142857142857142,0.625,1.625,0
1,14,1,14,4,2.4375,1,1.0,1.5612494995995996,0.06666666666666667,0.625,1.75,0
2,14,2,14,4,2.4375,1,1.0,1.5612494995995996,0.13333333333333333,0.625,1.75,0
3,10,1,17,4,2.9375,1,1.0,1.713913650100261,0.18181818181818182,0.25,1.25,0
2,5,0,18,4,1.734375,1,1.0,1.3169567191065923,0.0,0.125,0.625,0
2,0,1,19,0,0.0,0,0.0,0.0,2.0,0.0,0.0,1
2,7,0,17,4,1.609375,1,1.0,1.2686114456365274,0.0,0.125,0.875,0
4,5,1,18,4,1.734375,1,1.0,1.3169567191065923,0.3333333333333333,0.125,0.625,1
2,0,2,19,0,0.0,0,0.0,0.0,4.0,0.0,0.0,4
2,0,1,19,0,0.0,0,0.0,0.0,2.0,0.0,0.0,2
1,0,3,19,0,0.0,0,0.0,0.0,5.0,0.0,0.0,2
1,1,1,18,1,0.109375,1,0.9999990000010001,0.33071891388307384,1.0,0.125,0.125,0
1,2,1,16,2,0.4375,1,1.0,0.6614378277661477,0.6666666666666666,0.125,0.25,1
2,1,0,17,1,0.109375,0,0.499999750000125,0.33071891388307384,0.0,0.0,0.125,1
2,5,4,16,2,0.734375,1,1.0,0.8569568250501305,1.0,0.25,0.625,3
2,8,1,13,3,1.25,1,1.0,1.118033988749895,0.2222222222222222,0.375,1.0,0
1,0,2,19,0,0.0,0,0.0,0.0,4.0,0.0,0.0,1
2,2,0,16,2,0.4375,1,0.99999950000025,0.6614378277661477,0.0,0.125,0.25,0
2,8,0,13,3,1.25,1,1.0,1.118033988749895,0.0,0.375,1.0,0
2,8,0,13,4,1.5,1,1.0,1.224744871391589,0.0,0.125,1.0,0
1,8,0,13,4,1.5,1,1.0,1.224744871391589,0.0,0.625,1.0,0
2,17,1,9,4,1.359375,1,1.0,1.165922381636102,0.05555555555555555,0.625,2.125,0
2,17,2,9,4,1.359375,1,1.0,1.165922381636102,0.16666666666666666,0.625,2.125,0
2,15,1,10,4,1.859375,1,1.0,1.3635890143294642,0.1875,0.5,1.875,0
1,9,0,13,4,2.859375,1,1.0,1.6909686573085854,0.0,0.375,1.125,0
3,13,0,11,4,2.484375,1,1.0,1.5761900266148114,0.0,0.25,1.625,0
2,12,0,11,4,2.5,1,1.0,1.5811388300841898,0.0,0.375,1.5,0
1,17,0,9,4,1.359375,1,1.0,1.165922381636102,0.0,1.0,2.125,0
2,15,0,10,4,2.109375,1,1.0,1.4523687548277813,0.0,0.625,1.875,0
3,12,1,11,4,2.5,1,1.0,1.5811388300841898,0.15384615384615385,0.25,1.5,0
2,10,0,12,4,2.9375,1,1.0,1.713913650100261,0.0,0.375,1.25,0
3,15,0,10,4,1.859375,1,1.0,1.3635890143294642,0.0,0.25,1.875,0
1,15,2,10,4,1.859375,1,1.0,1.3635890143294642,0.3125,0.875,1.875,0
2,3,1,14,2,0.484375,1,1.0,0.6959705453537527,0.25,0.125,0.375,0
3,5,0,14,4,1.734375,1,1.0,1.3169567191065923,0.0,0.125,0.625,0
1,1,3,16,1,0.109375,1,0.9999990000010001,0.33071891388307384,3.0,0.125,0.125,0
1,0,2,17,0,0.0,0,0.0,0.0,5.0,0.0,0.0,1
1,3,2,14,2,0.484375,1,1.0,0.6959705453537527,0.75,0.25,0.375,1
2,2,1,15,1,0.1875,1,0.99999950000025,0.4330127018922193,0.3333333333333333,0.0,0.25,4
2,12,2,11,4,2.5,1,1.0,1.5811388300841898,0.38461538461538464,0.375,1.5,0
2,1,1,16,1,0.109375,0,0.499999750000125,0.33071891388307384,1.0,0.0,0.125,3
3,6,0,14,2,0.4375,1,1.0,0.6614378277661477,0.0,0.0,0.75,0
1,3,0,14,2,0.484375,1,1.0,0.6959705453537527,0.0,0.25,0.375,0
2,1,2,16,1,0.109375,0,0.499999750000125,0.33071891388307384,2.0,0.0,0.125,6
3,0,3,17,0,0.0,0,0.0,0.0,6.0,0.0,0.0,4
1,8,0,13,2,0.5,1,1.0,0.7071067811865476,0.0,0.75,1.0,0
1,8,0,13,3,1.0,1,1.0,1.0,0.0,0.625,1.0,0
3,8,1,13,3,1.0,1,1.0,1.0,0.1111111111111111,0.125,1.0,0
1,21,0,6,4,2.234375,1,1.0,1.4947825928876748,0.0,0.875,2.625,0
1,22,0,6,4,2.1875,1,1.0,1.479019945774904,0.0,0.875,2.75,0
1,21,1,6,4,2.234375,1,1.0,1.4947825928876748,0.045454545454545456,0.875,2.625,0
2,21,0,7,4,2.734375,1,1.0,1.653594569415369,0.0,0.75,2.625,0
1,13,2,10,4,3.484375,1,1.0,1.8666480653835098,0.21428571428571427,0.5,1.625,0
2,19,0,8,4,2.984375,1,1.0,1.7275343701356567,0.0,0.625,2.375,0
2,17,1,8,4,2.609375,1,1.0,1.6153559979150107,0.05555555555555555,0.625,2.125,0
1,17,0,8,4,2.609375,1,1.0,1.6153559979150107,0.0,0.75,2.125,0
1,13,0,10,4,3.484375,1,1.0,1.8666480653835098,0.0,0.5,1.625,0
2,10,1,13,4,2.6875,1,1.0,1.6393596310755,0.18181818181818182,0.25,1.25,0
2,17,2,8,4,2.609375,1,1.0,1.6153559979150107,0.16666666666666666,0.625,2.125,0
2,12,0,12,4,2.5,1,1.0,1.5811388300841898,0.0,0.375,1.5,0
4,17,0,9,4,3.109375,1,1.0,1.7633419974582356,0.0,0.375,2.125,0
2,2,0,17,2,0.4375,1,0.99999950000025,0.6614378277661477,0.0,0.125,0.25,0
2,13,1,10,4,3.484375,1,1.0,1.8666480653835098,0.07142857142857142,0.375,1.625,0
1,10,0,13,4,2.6875,1,1.0,1.6393596310755,0.0,0.5,1.25,0
2,7,0,14,4,1.859375,1,1.0,1.3635890143294642,0.0,0.25,0.875,0
1,3,0,16,3,0.984375,1,1.0,0.9921567416492215,0.0,0.125,0.375,0
2,1,1,17,1,0.109375,0,0.499999750000125,0.33071891388307384,1.0,0.0,0.125,1
2,5,0,15,4,1.734375,1,1.0,1.3169567191065923,0.0,0.125,0.625,0
1,4,4,15,2,0.5,1,1.0,0.7071067811865476,1.6,0.375,0.5,4
2,10,0,13,4,2.6875,1,1.0,1.6393596310755,0.0,0.25,1.25,0
2,1,0,17,1,0.109375,0,0.499999750000125,0.33071891388307384,0.0,0.0,0.125,1
1,0,4,17,0,0.0,0,0.0,0.0,6.0,0.0,0.0,3
2,1,2,17,1,0.109375,0,0.499999750000125,0.33071891388307384,2.0,0.0,0.125,2
2,1,3,17,1,0.109375,0,0.499999750000125,0.33071891388307384,3.0,0.0,0.125,3
1,0,3,17,0,0.0,0,0.0,0.0,5.0,0.0,0.0,2
2,2,3,16,2,0.4375,1,0.99999950000025,0.6614378277661477,1.6666666666666667,0.125,0.25,4
1,3,5,15,2,0.484375,1,1.0,0.6959705453537527,2.0,0.25,0.375,1
2,1,5,16,1,0.109375,0,0.499999750000125,0.33071891388307384,3.5,0.0,0.125,3
2,2,2,16,2,0.4375,1,0.99999950000025,0.6614378277661477,1.0,0.125,0.25,3
2,4,4,15,2,0.75,1,1.0,0.8660254037844386,1.2,0.25,0.5,1
2,27,0,3,4,1.734375,1,1.0,1.3169567191065923,0.0,0.875,3.375,0
2,31,0,1,4,0.109375,1,1.0,0.33071891388307384,0.0,1.0,3.875,0
4,24,1,5,4,3.0,1,1.0,1.7320508075688772,0.04,0.75,3.0,0
1,19,1,7,4,3.484375,1,1.0,1.8666480653835098,0.1,0.625,2.375,0
1,24,0,5,4,3.0,1,1.0,1.7320508075688772,0.0,0.75,3.0,0
2,16,1,9,4,4.0,1,1.0,2.0,0.11764705882352941,0.5,2.0,0
1,32,0,0,4,0.0,1,1.0,0.0,0.0,1.0,4.0,0
2,31,1,1,4,0.109375,1,1.0,0.33071891388307384,0.0625,1.0,3.875,0
2,19,0,7,4,3.484375,1,1.0,1.8666480653835098,0.0,0.625,2.375,0
1,12,0,11,4,3.75,1,1.0,1.9364916731037085,0.0,0.375,1.5,0
1,25,0,4,4,2.359375,1,1.0,1.5360257159305635,0.0,0.875,3.125,0
1,11,0,12,4,3.234375,1,1.0,1.79843682124227,0.0,0.375,1.375,0
1,10,0,13,4,2.9375,1,1.0,1.713913650100261,0.0,0.375,1.25,0
3,13,0,13,4,2.234375,1,1.0,1.4947825928876748,0.0,0.375,1.625,0
2,16,0,9,4,4.0,1,1.0,2.0,0.0,0.5,2.0,0
1,13,1,13,4,2.234375,1,1.0,1.4947825928876748,0.21428571428571427,0.625,1.625,0
1,14,0,12,4,2.1875,1,1.0,1.479019945774904,0.0,0.625,1.75,0
2,10,0,13,4,2.9375,1,1.0,1.713913650100261,0.0,0.375,1.25,0
2,9,0,14,4,2.859375,1,1.0,1.6909686573085854,0.0,0.25,1.125,0
1,10,0,14,4,2.1875,1,1.0,1.479019945774904,0.0,0.5,1.25,0
1,11,0,14,4,2.234375,1,1.0,1.4947825928876748,0.0,0.5,1.375,0
2,12,1,12,4,2.0,1,1.0,1.4142135623730951,0.15384615384615385,0.5,1.5,0
2,12,0,12,4,2.0,1,1.0,1.4142135623730951,0.0,0.5,1.5,0
3,15,0,11,4,1.859375,1,1.0,1.3635890143294642,0.0,0.375,1.875,0
2,16,0,11,4,1.5,1,1.0,1.224744871391589,0.0,0.625,2.0,0
4,13,0,10,4,2.234375,1,1.0,1.4947825928876748,0.0,0.125,1.625,0
1,12,2,12,4,2.0,1,1.0,1.4142135623730951,0.3076923076923077,0.625,1.5,0
4,15,0,10,4,1.609375,1,1.0,1.2686114456365274,0.0,0.125,1.875,0
1,12,0,12,4,1.75,1,1.0,1.3228756555322954,0.0,0.75,1.5,0
1,9,0,11,4,2.859375,1,1.0,1.6909686573085854,0.0,0.375,1.125,0
2,6,0,14,4,1.9375,1,1.0,1.3919410907075054,0.0,0.25,0.75,0
1,8,2,12,4,3.0,1,1.0,1.7320508075688772,0.3333333333333333,0.25,1.0,0
2,10,0,11,4,2.9375,1,1.0,1.713913650100261,0.0,0.375,1.25,0
1,13,1,10,4,2.234375,1,1.0,1.4947825928876748,0.2857142857142857,0.625,1.625,0
2,11,0,10,4,2.484375,1,1.0,1.5761900266148114,0.0,0.25,1.375,0
1,9,0,11,4,2.859375,1,1.0,1.6909686573085854,0.0,0.375,1.125,0
2,8,0,12,4,3.0,1,1.0,1.7320508075688772,0.0,0.25,1.0,0
1,7,0,14,4,1.859375,1,1.0,1.3635890143294642,0.0,0.375,0.875,0
1,5,1,16,4,1.734375,1,1.0,1.3169567191065923,0.3333333333333333,0.25,0.625,0
1,8,1,12,4,3.0,1,1.0,1.7320508075688772,0.2222222222222222,0.25,1.0,0
3,11,0,15,3,0.984375,1,1.0,0.9921567416492215,0.0,0.125,1.375,0
1,8,1,14,4,1.75,1,1.0,1.3228756555322954,0.2222222222222222,0.5,1.0,0
2,8,0,14,4,1.75,1,1.0,1.3228756555322954,0.0,0.25,1.0,0
1,11,2,15,3,0.984375,1,1.0,0.9921567416492215,0.3333333333333333,0.75,1.375,0
2,5,0,16,4,1.734375,1,1.0,1.3169567191065923,0.0,0.125,0.625,0
2,3,1,18,2,0.484375,1,1.0,0.6959705453537527,0.5,0.125,0.375,1
2,3,3,18,2,0.484375,1,1.0,0.6959705453537527,1.25,0.125,0.375,1
2,6,0,18,2,0.9375,1,1.0,0.9682458365518543,0.0,0.375,0.75,0
1,11,1,15,3,0.984375,1,1.0,0.9921567416492215,0.25,0.75,1.375,0
2,4,0,19,2,0.75,1,1.0,0.8660254037844386,0.0,0.25,0.5,0
1,4,0,16,2,0.5,1,1.0,0.7071067811865476,0.0,0.375,0.5,0
1,6,1,17,3,1.1875,1,1.0,1.0897247358851685,0.42857142857142855,0.375,0.75,0
3,6,0,17,3,1.1875,1,1.0,1.0897247358851685,0.0,0.125,0.75,0
2,3,0,18,2,0.484375,1,1.0,0.6959705453537527,0.0,0.125,0.375,0
1,1,2,19,1,0.109375,1,0.9999990000010001,0.33071891388307384,2.0,0.125,0.125,0
2,3,0,18,2,0.484375,1,1.0,0.6959705453537527,0.0,0.125,0.375,0
1,3,2,18,2,0.484375,1,1.0,0.6959705453537527,1.0,0.25,0.375,0
1,4,1,17,1,0.25,1,1.0,0.5,0.4,0.5,0.5,0
2,1,0,19,1,0.109375,0,0.499999750000125,0.33071891388307384,0.0,0.0,0.125,4
1,5,0,16,1,0.234375,1,1.0,0.4841229182759271,0.0,0.625,0.625,0
1,3,2,18,2,0.484375,1,1.0,0.6959705453537527,1.0,0.25,0.375,0
2,3,0,17,2,0.484375,1,1.0,0.6959705453537527,0.0,0.125,0.375,0
1,4,0,18,2,0.5,1,1.0,0.7071067811865476,0.0,0.375,0.5,0
2,4,0,17,1,0.25,1,1.0,0.5,0.0,0.0,0.5,0
1,1,2,19,1,0.109375,1,0.9999990000010001,0.33071891388307384,2.0,0.125,0.125,0
2,6,2,17,2,0.4375,1,1.0,0.6614378277661477,0.42857142857142855,0.125,0.75,0
2,2,0,20,1,0.1875,1,0.99999950000025,0.4330127018922193,0.0,0.0,0.25,0
1,4,1,18,2,0.5,1,1.0,0.7071067811865476,0.2,0.375,0.5,0
2,3,0,19,2,0.484375,1,1.0,0.6959705453537527,0.0,0.125,0.375,0
2,1,1,19,1,0.109375,0,0.499999750000125,0.33071891388307384,1.0,0.0,0.125,5
1,3,3,18,2,0.484375,1,1.0,0.6959705453537527,1.25,0.25,0.375,1
1,1,2,20,1,0.109375,1,0.9999990000010001,0.33071891388307384,1.5,0.125,0.125,1
2,2,1,20,1,0.1875,1,0.99999950000025,0.4330127018922193,0.6666666666666666,0.0,0.25,5
2,0,2,21,0,0.0,0,0.0,0.0,3.0,0.0,0.0,1
1,2,2,20,1,0.1875,1,1.0,0.4330127018922193,1.3333333333333333,0.25,0.25,1
2,6,3,18,2,0.6875,1,1.0,0.82915619758885,0.7142857142857143,0.25,0.75,1
1,5,1,18,2,0.734375,1,1.0,0.8569568250501305,0.3333333333333333,0.375,0.625,0
4,8,0,16,2,1.0,1,1.0,1.0,0.0,0.0,1.0,0
2,8,0,14,4,1.75,1,1.0,1.3228756555322954,0.0,0.25,1.0,0
1,0,1,21,0,0.0,0,0.0,0.0,2.0,0.0,0.0,2
2,6,1,14,4,1.6875,1,1.0,1.299038105676658,0.14285714285714285,0.125,0.75,0
1,8,0,16,3,1.25,1,1.0,1.118033988749895,0.0,0.5,1.0,0
2,8,0,14,4,1.75,1,1.0,1.3228756555322954,0.0,0.25,1.0,0
1,7,2,14,3,0.859375,1,1.0,0.9270248108869579,0.375,0.625,0.875,0
1,7,0,14,4,1.859375,1,1.0,1.3635890143294642,0.0,0.375,0.875,0
3,6,0,16,2,0.6875,1,1.0,0.82915619758885,0.0,0.0,0.75,0
2,8,0,13,4,1.5,1,1.0,1.224744871391589,0.0,0.125,1.0,0
1,7,1,14,3,0.859375,1,1.0,0.9270248108869579,0.25,0.625,0.875,0
1,11,0,13,3,0.984375,1,1.0,0.9921567416492215,0.0,0.75,1.375,0
2,13,2,12,3,0.734375,1,1.0,0.8569568250501305,0.42857142857142855,0.625,1.625,0
1,6,0,14,4,1.6875,1,1.0,1.299038105676658,0.0,0.375,0.75,0
2,8,0,14,4,1.75,1,1.0,1.3228756555322954,0.0,0.25,1.0,0
4,13,1,12,3,0.734375,1,1.0,0.8569568250501305,0.14285714285714285,0.0,1.625,0
1,7,0,14,4,2.359375,1,1.0,1.5360257159305635,0.0,0.25,0.875,0
2,7,0,14,3,0.859375,1,1.0,0.9270248108869579,0.0,0.125,0.875,0
1,7,0,15,4,1.609375,1,1.0,1.2686114456365274,0.0,0.5,0.875,0
2,13,0,12,3,0.734375,1,1.0,0.8569568250501305,0.0,0.625,1.625,0
2,7,0,15,3,1.609375,1,1.0,1.2686114456365274,0.0,0.25,0.875,0
1,8,0,14,4,1.75,1,1.0,1.3228756555322954,0.0,0.5,1.0,0
1,7,0,15,4,1.609375,1,1.0,1.2686114456365274,0.0,0.5,0.875,0
1,8,0,13,4,2.25,1,1.0,1.5,0.0,0.375,1.0,0
2,9,0,15,3,1.109375,1,1.0,1.0532687216470449,0.0,0.375,1.125,0
1,7,1,14,4,2.359375,1,1.0,1.5360257159305635,0.125,0.25,0.875,0
1,7,2,15,4,1.609375,1,1.0,1.2686114456365274,0.375,0.5,0.875,0
3,11,0,14,3,1.234375,1,1.0,1.1110243021644486,0.0,0.25,1.375,0
2,7,1,15,4,1.609375,1,1.0,1.2686114456365274,0.125,0.125,0.875,0
2,8,0,15,3,1.0,1,1.0,1.0,0.0,0.25,1.0,0
2,8,1,15,3,1.0,1,1.0,1.0,0.2222222222222222,0.25,1.0,0
1,14,0,11,4,1.4375,1,1.0,1.1989578808281798,0.0,0.875,1.75,0
2,15,0,11,4,1.609375,1,1.0,1.2686114456365274,0.0,0.5,1.875,0
2,29,0,2,4,0.984375,1,1.0,0.9921567416492215,0.0,0.875,3.625,0
1,19,0,6,4,3.484375,1,1.0,1.8666480653835098,0.0,0.625,2.375,0
1,32,0,0,4,0.0,1,1.0,0.0,0.0,1.0,4.0,0
4,29,1,2,4,0.984375,1,1.0,0.9921567416492215,0.06666666666666667,0.875,3.625,0
3,23,1,4,4,2.859375,1,1.0,1.6909686573085854,0.041666666666666664,0.75,2.875,0
2,32,1,0,4,0.0,1,1.0,0.0,0.030303030303030304,1.0,4.0,0
1,23,0,4,4,2.859375,1,1.0,1.6909686573085854,0.0,0.75,2.875,0
1,14,2,10,4,3.1875,1,1.0,1.7853571071357126,0.26666666666666666,0.625,1.75,0
2,18,0,7,4,3.4375,1,1.0,1.8540496217739157,0.0,0.625,2.25,0
2,14,0,10,4,3.4375,1,1.0,1.8540496217739157,0.0,0.5,1.75,0
2,14,0,10,4,3.1875,1,1.0,1.7853571071357126,0.0,0.375,1.75,0
1,15,0,9,4,3.609375,1,1.0,1.899835519196333,0.0,0.5,1.875,0
1,11,0,11,4,2.484375,1,1.0,1.5761900266148114,0.0,0.625,1.375,0
1,18,1,7,4,3.4375,1,1.0,1.8540496217739157,0.10526315789473684,0.625,2.25,0
2,5,2,14,4,1.734375,1,1.0,1.3169567191065923,0.6666666666666666,0.125,0.625,1
1,8,1,14,3,1.5,1,1.0,1.224744871391589,0.2222222222222222,0.5,1.0,0
2,14,1,10,4,3.1875,1,1.0,1.7853571071357126,0.13333333333333333,0.375,1.75,0
3,8,0,13,4,3.0,1,1.0,1.7320508075688772,0.0,0.25,1.0,0
1,4,0,16,2,0.5,1,1.0,0.7071067811865476,0.0,0.375,0.5,0
3,7,0,15,4,1.609375,1,1.0,1.2686114456365274,0.0,0.125,0.875,0
2,11,1,11,4,2.484375,1,1.0,1.5761900266148114,0.08333333333333333,0.25,1.375,0
2,5,0,14,4,1.734375,1,1.0,1.3169567191065923,0.0,0.125,0.625,0
2,8,1,14,3,1.0,1,1.0,1.0,0.2222222222222222,0.25,1.0,0
1,8,2,14,3,1.0,1,1.0,1.0,0.4444444444444444,0.625,1.0,0
2,5,1,14,4,1.734375,1,1.0,1.3169567191065923,0.3333333333333333,0.125,0.625,0
1,1,1,18,1,0.109375,1,0.9999990000010001,0.33071891388307384,2.0,0.125,0.125,0
1,8,0,14,4,1.75,1,1.0,1.3228756555322954,0.0,0.5,1.0,0
2,8,0,14,3,1.0,1,1.0,1.0,0.0,0.25,1.0,0
1,5,0,16,1,0.234375,1,1.0,0.4841229182759271,0.0,0.625,0.625,0
2,5,2,16,1,0.234375,1,1.0,0.4841229182759271,0.3333333333333333,0.0,0.625,0
1,5,1,16,1,0.234375,1,1.0,0.4841229182759271,0.16666666666666666,0.625,0.625,0
2,4,0,16,2,0.5,1,1.0,0.7071067811865476,0.0,0.125,0.5,0
1,2,0,17,1,0.1875,1,1.0,0.4330127018922193,0.0,0.25,0.25,0
1,1,0,18,1,0.109375,1,0.9999990000010001,0.33071891388307384,0.0,0.125,0.125,0
2,2,1,18,2,0.4375,1,0.99999950000025,0.6614378277661477,1.3333333333333333,0.125,0.25,0
1,4,1,16,2,0.5,1,1.0,0.7071067811865476,0.4,0.375,0.5,0
1,8,0,15,3,1.0,1,1.0,1.0,0.0,0.625,1.0,0
2,5,0,17,2,0.484375,1,1.0,0.6959705453537527,0.0,0.125,0.625,0
4,2,0,18,2,0.4375,0,0.49999987500003124,0.6614378277661477,0.0,0.0,0.25,3
2,8,0,16,3,1.0,1,1.0,1.0,0.0,0.25,1.0,0
1,4,0,17,2,0.5,1,1.0,0.7071067811865476,0.0,0.375,0.5,0
1,8,0,15,3,1.0,1,1.0,1.0,0.0,0.625,1.0,0
1,8,1,15,3,1.0,1,1.0,1.0,0.1111111111111111,0.625,1.0,0
2,12,0,13,3,0.5,1,1.0,0.7071067811865476,0.0,0.375,1.5,0
1,10,0,14,3,0.9375,1,1.0,0.9682458365518543,0.0,0.75,1.25,0
2,9,1,13,4,1.859375,1,1.0,1.3635890143294642,0.2,0.375,1.125,0
1,6,0,16,3,1.1875,1,1.0,1.0897247358851685,0.0,0.375,0.75,0
2,9,0,13,4,1.859375,1,1.0,1.3635890143294642,0.0,0.375,1.125,0
2,10,1,14,3,0.9375,1,1.0,0.9682458365518543,0.09090909090909091,0.375,1.25,0
2,7,0,16,3,1.359375,1,1.0,1.165922381636102,0.0,0.375,0.875,0
1,11,1,12,4,1.734375,1,1.0,1.3169567191065923,0.25,0.625,1.375,0
1,10,0,14,4,1.9375,1,1.0,1.3919410907075054,0.0,0.625,1.25,0
2,8,0,15,3,1.0,1,1.0,1.0,0.0,0.25,1.0,0
3,11,0,12,4,1.734375,1,1.0,1.3169567191065923,0.0,0.125,1.375,0
1,9,0,14,4,2.359375,1,1.0,1.5360257159305635,0.0,0.375,1.125,0
2,11,0,14,3,1.234375,1,1.0,1.1110243021644486,0.0,0.375,1.375,0
1,10,0,14,4,1.9375,1,1.0,1.3919410907075054,0.0,0.625,1.25,0
1,7,0,16,4,1.859375,1,1.0,1.3635890143294642,0.0,0.375,0.875,0
1,10,1,14,4,1.9375,1,1.0,1.3919410907075054,0.09090909090909091,0.625,1.25,0
1,7,1,16,4,1.859375,1,1.0,1.3635890143294642,0.125,0.375,0.875,0
2,10,2,14,4,1.9375,1,1.0,1.3919410907075054,0.18181818181818182,0.25,1.25,0
1,6,1,17,4,1.6875,1,1.0,1.299038105676658,0.2857142857142857,0.375,0.75,0
1,7,0,17,2,0.609375,1,1.0,0.7806247497997998,0.0,0.625,0.875,0
2,6,0,17,4,1.6875,1,1.0,1.299038105676658,0.0,0.125,0.75,0
1,10,0,14,3,1.4375,1,1.0,1.1989578808281798,0.0,0.625,1.25,0
1,4,0,18,2,0.5,1,1.0,0.7071067811865476,0.0,0.375,0.5,0
1,6,0,18,2,0.4375,1,1.0,0.6614378277661477,0.0,0.625,0.75,0
2,11,1,14,3,1.234375,1,1.0,1.1110243021644486,0.16666666666666666,0.375,1.375,0
2,8,0,16,3,1.25,1,1.0,1.118033988749895,0.0,0.375,1.0,0
2,9,0,15,3,1.109375,1,1.0,1.0532687216470449,0.0,0.375,1.125,0
1,10,1,14,3,1.4375,1,1.0,1.1989578808281798,0.09090909090909091,0.625,1.25,0
2,6,2,18,2,0.4375,1,1.0,0.6614378277661477,0.2857142857142857,0.125,0.75,0
1,3,0,20,2,0.484375,1,1.0,0.6959705453537527,0.0,0.25,0.375,0
3,6,0,17,3,1.1875,1,1.0,1.0897247358851685,0.0,0.125,0.75,0
1,4,0,17,3,1.0,1,1.0,1.0,0.0,0.25,0.5,0
1,3,0,18,3,0.984375,1,1.0,0.9921567416492215,0.0,0.125,0.375,0
1,6,1,18,2,0.4375,1,1.0,0.6614378277661477,0.14285714285714285,0.625,0.75,0
1,3,0,20,1,0.234375,1,1.0,0.4841229182759271,0.0,0.375,0.375,0
2,1,0,21,1,0.109375,0,0.499999750000125,0.33071891388307384,0.0,0.0,0.125,3
1,3,1,20,2,0.484375,1,1.0,0.6959705453537527,0.25,0.25,0.375,0
1,2,0,21,1,0.1875,1,1.0,0.4330127018922193,0.0,0.25,0.25,0
3,4,0,20,2,0.5,1,1.0,0.7071067811865476,0.0,0.0,0.5,0
2,7,1,17,2,0.609375,1,1.0,0.7806247497997998,0.125,0.25,0.875,0
1,3,2,19,2,0.484375,1,1.0,0.6959705453537527,1.0,0.25,0.375,0
2,3,0,18,2,0.484375,1,1.0,0.6959705453537527,0.0,0.125,0.375,0
2,3,1,18,2,0.484375,1,1.0,0.6959705453537527,0.5,0.125,0.375,1
2,2,1,19,1,0.1875,1,0.99999950000025,0.4330127018922193,1.0,0.0,0.25,0
2,1,1,21,1,0.109375,0,0.499999750000125,0.33071891388307384,1.0,0.0,0.125,4
1,4,1,18,2,0.5,1,1.0,0.7071067811865476,0.4,0.375,0.5,0
1,4,1,17,2,0.5,1,1.0,0.7071067811865476,0.4,0.375,0.5,0
2,5,0,16,2,0.484375,1,1.0,0.6959705453537527,0.0,0.125,0.625,0
3,2,0,19,1,0.1875,0,0.6666664444445185,0.4330127018922193,0.0,0.0,0.25,1
1,4,2,17,2,0.5,1,1.0,0.7071067811865476,0.6,0.375,0.5,0
2,5,0,17,2,0.484375,1,1.0,0.6959705453537527,0.0,0.125,0.625,0
2,5,2,16,2,0.484375,1,1.0,0.6959705453537527,1.0,0.125,0.625,0
4,5,1,16,2,0.484375,1,1.0,0.6959705453537527,0.3333333333333333,0.0,0.625,1
2,5,0,14,2,0.484375,1,1.0,0.6959705453537527,0.0,0.125,0.625,0
2,10,0,11,2,0.6875,1,1.0,0.82915619758885,0.0,0.5,1.25,0
2,7,0,13,2,0.859375,1,1.0,0.9270248108869579,0.0,0.375,0.875,0
2,5,0,14,2,0.734375,1,1.0,0.8569568250501305,0.0,0.25,0.625,0
1,7,0,13,2,0.609375,1,1.0,0.7806247497997998,0.0,0.625,0.875,0
1,5,1,14,2,0.484375,1,1.0,0.6959705453537527,0.3333333333333333,0.5,0.625,0
2,14,0,9,3,0.4375,1,1.0,0.6614378277661477,0.0,0.625,1.75,0
1,13,0,10,3,1.484375,1,1.0,1.2183492931011204,0.0,0.75,1.625,0
1,13,1,10,3,1.484375,1,1.0,1.2183492931011204,0.07142857142857142,0.75,1.625,0
1,14,1,9,3,0.4375,1,1.0,0.6614378277661477,0.13333333333333333,1.0,1.75,0
4,17,0,10,4,2.859375,1,1.0,1.6909686573085854,0.0,0.375,2.125,0
2,8,0,12,2,1.0,1,1.0,1.0,0.0,0.5,1.0,0
1,17,1,10,4,2.859375,1,1.0,1.6909686573085854,0.2222222222222222,0.75,2.125,0
2,14,0,11,4,2.4375,1,1.0,1.5612494995995996,0.0,0.375,1.75,0
1,32,0,0,4,0.0,1,1.0,0.0,0.0,1.0,4.0,0
1,31,0,1,4,0.109375,1,1.0,0.33071891388307384,0.0,1.0,3.875,0
1,26,0,5,4,1.9375,1,1.0,1.3919410907075054,0.0,0.875,3.25,0
4,22,0,9,4,2.9375,1,1.0,1.713913650100261,0.0,0.625,2.75,0
1,18,0,10,4,3.4375,1,1.0,1.8540496217739157,0.0,0.625,2.25,0
1,29,0,3,4,0.984375,1,1.0,0.9921567416492215,0.0,1.0,3.625,0
1,23,0,8,4,2.859375,1,1.0,1.6909686573085854,0.0,0.75,2.875,0
1,30,0,2,4,0.4375,1,1.0,0.6614378277661477,0.0,1.0,3.75,0
1,14,0,13,4,3.4375,1,1.0,1.8540496217739157,0.0,0.5,1.75,0
2,28,0,4,4,1.75,1,1.0,1.3228756555322954,0.0,0.875,3.5,0
1,26,1,5,4,1.9375,1,1.0,1.3919410907075054,0.037037037037037035,0.875,3.25,0
1,24,0,7,4,3.0,1,1.0,1.7320508075688772,0.0,0.75,3.0,0
4,14,1,13,4,3.1875,1,1.0,1.7853571071357126,0.06666666666666667,0.375,1.75,0
2,8,1,16,4,2.25,1,1.0,1.5,0.1111111111111111,0.25,1.0,0
1,14,3,13,4,3.1875,1,1.0,1.7853571071357126,0.4,0.625,1.75,0
1,6,0,18,4,1.6875,1,1.0,1.299038105676658,0.0,0.375,0.75,0
1,18,0,10,4,3.1875,1,1.0,1.7853571071357126,0.0,0.75,2.25,0
2,16,0,12,4,4.0,1,1.0,2.0,0.0,0.5,2.0,0
1,14,0,13,4,3.1875,1,1.0,1.7853571071357126,0.0,0.625,1.75,0
2,6,1,18,4,1.6875,1,1.0,1.299038105676658,0.14285714285714285,0.125,0.75,0
1,17,0,11,4,3.609375,1,1.0,1.899835519196333,0.0,0.625,2.125,0
1,8,0,16,4,2.25,1,1.0,1.5,0.0,0.375,1.0,0
1,14,2,13,4,3.1875,1,1.0,1.7853571071357126,0.3333333333333333,0.625,1.75,0
2,4,0,19,3,1.0,1,1.0,1.0,0.0,0.125,0.5,0
1,9,0,14,3,1.359375,1,1.0,1.165922381636102,0.0,0.625,1.125,0
2,9,0,17,4,1.859375,1,1.0,1.3635890143294642,0.0,0.375,1.125,0
2,7,0,18,4,1.859375,1,1.0,1.3635890143294642,0.0,0.25,0.875,0
2,3,0,19,2,0.484375,1,1.0,0.6959705453537527,0.0,0.125,0.375,0
2,11,0,14,3,0.984375,1,1.0,0.9921567416492215,0.0,0.5,1.375,0
1,14,1,11,4,2.1875,1,1.0,1.479019945774904,0.13333333333333333,0.625,1.75,0
2,11,1,14,3,0.984375,1,1.0,0.9921567416492215,0.16666666666666666,0.5,1.375,0
2,14,0,11,4,2.1875,1,1.0,1.479019945774904,0.0,0.625,1.75,0
1,13,0,11,4,1.734375,1,1.0,1.3169567191065923,0.0,0.75,1.625,0
2,11,0,14,3,1.234375,1,1.0,1.1110243021644486,0.0,0.375,1.375,0
1,12,0,12,4,2.75,1,1.0,1.6583123951777,0.0,0.5,1.5,0
1,12,1,12,4,2.75,1,1.0,1.6583123951777,0.07692307692307693,0.5,1.5,0
1,15,0,11,4,2.359375,1,1.0,1.5360257159305635,0.0,0.75,1.875,0
2,15,0,12,4,2.859375,1,1.0,1.6909686573085854,0.0,0.5,1.875,0
1,13,1,11,4,1.734375,1,1.0,1.3169567191065923,0.07142857142857142,0.75,1.625,0
2,16,0,12,4,3.0,1,1.0,1.7320508075688772,0.0,0.625,2.0,0
2,13,0,13,4,2.484375,1,1.0,1.5761900266148114,0.0,0.5,1.625,0
1,16,0,11,4,2.75,1,1.0,1.6583123951777,0.0,0.625,2.0,0
2,16,1,12,4,3.0,1,1.0,1.7320508075688772,0.11764705882352941,0.625,2.0,0
1,15,0,12,4,3.109375,1,1.0,1.7633419974582356,0.0,0.625,1.875,0
2,16,2,12,4,3.0,1,1.0,1.7320508075688772,0.23529411764705882,0.625,2.0,0
1,12,1,12,4,2.75,1,1.0,1.6583123951777,0.07692307692307693,0.5,1.5,0
1,9,1,15,4,2.859375,1,1.0,1.6909686573085854,0.1,0.375,1.125,0
2,6,0,18,4,1.9375,1,1.0,1.3919410907075054,0.0,0.25,0.75,0
1,8,1,16,4,2.25,1,1.0,1.5,0.1111111111111111,0.375,1.0,0
2,16,1,11,4,2.25,1,1.0,1.5,0.058823529411764705,0.625,2.0,0
1,12,0,12,4,2.75,1,1.0,1.6583123951777,0.0,0.5,1.5,0
1,16,0,11,4,2.25,1,1.0,1.5,0.0,0.75,2.0,0
3,15,0,11,4,2.609375,1,1.0,1.6153559979150107,0.0,0.375,1.875,0
2,6,0,18,4,1.9375,1,1.0,1.3919410907075054,0.0,0.25,0.75,0
1,12,2,12,4,2.75,1,1.0,1.6583123951777,0.15384615384615385,0.5,1.5,0
1,9,0,15,4,2.859375,1,1.0,1.6909686573085854,0.0,0.375,1.125,0
1,4,0,19,4,1.75,1,1.0,1.3228756555322954,0.0,0.125,0.5,0
1,8,0,16,4,2.25,1,1.0,1.5,0.0,0.375,1.0,0
1,6,0,18,4,1.6875,1,1.0,1.299038105676658,0.0,0.375,0.75,0
2,5,1,19,2,0.484375,1,1.0,0.6959705453537527,0.3333333333333333,0.125,0.625,0
1,8,0,14,4,1.75,1,1.0,1.3228756555322954,0.0,0.5,1.0,0
2,5,0,19,2,0.484375,1,1.0,0.6959705453537527,0.0,0.125,0.625,0
2,4,1,19,4,1.75,1,1.0,1.3228756555322954,0.2,0.125,0.5,0
3,10,0,15,3,0.9375,1,1.0,0.9682458365518543,0.0,0.125,1.25,0
1,11,0,14,3,0.984375,1,1.0,0.9921567416492215,0.0,0.75,1.375,0
3,10,1,15,3,0.9375,1,1.0,0.9682458365518543,0.2727272727272727,0.125,1.25,0
4,6,0,13,2,0.6875,1,1.0,0.82915619758885,0.0,0.0,0.75,0
3,8,0,14,4,1.75,1,1.0,1.3228756555322954,0.0,0.125,1.0,0
2,4,0,16,3,1.0,1,1.0,1.0,0.0,0.125,0.5,0
4,7,0,15,2,0.609375,1,1.0,0.7806247497997998,0.0,0.0,0.875,0
2,3,0,13,2,0.484375,1,1.0,0.6959705453537527,0.0,0.125,0.375,0
1,8,1,14,4,1.75,1,1.0,1.3228756555322954,0.3333333333333333,0.5,1.0,0
1,4,0,12,2,0.5,1,1.0,0.7071067811865476,0.0,0.375,0.5,0
3,3,0,12,3,0.984375,1,0.9999996666667778,0.9921567416492215,0.0,0.125,0.375,0
3,4,0,12,1,0.25,1,1.0,0.5,0.0,0.0,0.5,0
2,3,0,12,2,0.484375,1,1.0,0.6959705453537527,0.0,0.125,0.375,0
2,3,1,12,3,0.984375,1,1.0,0.9921567416492215,0.75,0.125,0.375,1
2,8,1,11,4,1.75,1,1.0,1.3228756555322954,0.1111111111111111,0.25,1.0,0
2,5,1,14,3,0.984375,1,1.0,0.9921567416492215,0.16666666666666666,0.125,0.625,0
1,0,0,14,0,0.0,0,0.0,0.0,0.0,0.0,0.0,1
2,7,0,13,3,1.109375,1,1.0,1.0532687216470449,0.0,0.25,0.875,0
1,3,1,12,2,0.484375,1,1.0,0.6959705453537527,0.5,0.25,0.375,0
1,8,2,11,4,1.75,1,1.0,1.3228756555322954,0.3333333333333333,0.5,1.0,0
2,5,2,14,3,0.984375,1,1.0,0.9921567416492215,0.5,0.125,0.625,0
2,0,0,17,0,0.0,0,0.0,0.0,0.0,0.0,0.0,4
2,0,3,17,0,0.0,0,0.0,0.0,4.0,0.0,0.0,3
1,5,0,14,3,0.984375,1,1.0,0.9921567416492215,0.0,0.375,0.625,0
1,0,2,17,0,0.0,0,0.0,0.0,3.0,0.0,0.0,3
1,2,4,16,2,0.4375,1,1.0,0.6614378277661477,2.0,0.125,0.25,1
2,10,1,15,3,0.9375,1,1.0,0.9682458365518543,0.18181818181818182,0.375,1.25,0
2,6,4,15,2,0.6875,1,1.0,0.82915619758885,0.7142857142857143,0.25,0.75,1
2,10,0,15,3,0.9375,1,1.0,0.9682458365518543,0.0,0.375,1.25,0
2,14,0,12,4,1.9375,1,1.0,1.3919410907075054,0.0,0.5,1.75,0
1,0,1,17,0,0.0,0,0.0,0.0,2.0,0.0,0.0,4
1,6,5,15,2,0.6875,1,1.0,0.82915619758885,1.0,0.5,0.75,0
1,10,0,15,3,1.4375,1,1.0,1.1989578808281798,0.0,0.625,1.25,0
2,14,2,12,4,1.9375,1,1.0,1.3919410907075054,0.2,0.5,1.75,0
2,12,0,14,3,1.25,1,1.0,1.118033988749895,0.0,0.5,1.5,0
4,11,0,14,4,2.484375,1,1.0,1.5761900266148114,0.0,0.125,1.375,0
2,9,2,14,3,1.359375,1,1.0,1.165922381636102,0.3,0.25,1.125,0
1,7,0,15,3,0.859375,1,1.0,0.9270248108869579,0.0,0.625,0.875,0
1,5,0,17,3,1.234375,1,1.0,1.1110243021644486,0.0,0.25,0.625,0
1,14,1,12,4,1.9375,1,1.0,1.3919410907075054,0.13333333333333333,0.75,1.75,0
2,8,0,16,3,0.75,1,1.0,0.8660254037844386,0.0,0.125,1.0,0
1,9,0,14,3,1.359375,1,1.0,1.165922381636102,0.0,0.625,1.125,0
1,5,0,16,3,0.984375,1,1.0,0.9921567416492215,0.0,0.375,0.625,0
1,6,0,15,3,0.9375,1,1.0,0.9682458365518543,0.0,0.5,0.75,0
1,8,0,15,3,1.0,1,1.0,1.0,0.0,0.625,1.0,0
2,8,1,15,3,1.0,1,1.0,1.0,0.1111111111111111,0.25,1.0,0
2,9,1,14,3,1.359375,1,1.0,1.165922381636102,0.1,0.25,1.125,0
1,28,0,3,4,1.75,1,1.0,1.3228756555322954,0.0,0.875,3.5,0
1,27,0,4,4,1.734375,1,1.0,1.3169567191065923,0.0,0.875,3.375,0
1,29,0,2,4,0.984375,1,1.0,0.9921567416492215,0.0,1.0,3.625,0
2,32,0,0,4,0.0,1,1.0,0.0,0.0,1.0,4.0,0
4,20,0,7,4,3.75,1,1.0,1.9364916731037085,0.0,0.625,2.5,0
1,30,0,1,4,0.4375,1,1.0,0.6614378277661477,0.0,1.0,3.75,0
1,14,1,9,4,3.4375,1,1.0,1.8540496217739157,0.13333333333333333,0.5,1.75,0
2,9,0,12,4,2.859375,1,1.0,1.6909686573085854,0.0,0.25,1.125,0
2,16,0,8,4,4.0,1,1.0,2.0,0.0,0.5,2.0,0
2,14,0,9,4,3.4375,1,1.0,1.8540496217739157,0.0,0.5,1.75,0
2,9,0,11,4,2.359375,1,1.0,1.5360257159305635,0.0,0.375,1.125,0
4,27,1,4,4,1.734375,1,1.0,1.3169567191065923,0.03571428571428571,0.75,3.375,0
2,22,0,6,4,2.9375,1,1.0,1.713913650100261,0.0,0.75,2.75,0
1,6,0,14,4,1.9375,1,1.0,1.3919410907075054,0.0,0.25,0.75,0
2,11,0,11,4,3.234375,1,1.0,1.79843682124227,0.0,0.375,1.375,0
1,6,0,14,4,1.6875,1,1.0,1.299038105676658,0.0,0.375,0.75,0
1,10,0,10,4,2.1875,1,1.0,1.479019945774904,0.0,0.5,1.25,0
2,9,1,11,4,2.359375,1,1.0,1.5360257159305635,0.2,0.375,1.125,0
1,6,0,14,4,1.6875,1,1.0,1.299038105676658,0.0,0.375,0.75,0
1,6,1,14,4,1.6875,1,1.0,1.299038105676658,0.14285714285714285,0.375,0.75,0
2,6,2,14,4,1.6875,1,1.0,1.299038105676658,0.2857142857142857,0.125,0.75,0
2,7,1,12,4,1.859375,1,1.0,1.3635890143294642,0.125,0.25,0.875,0
2,8,0,13,4,3.0,1,1.0,1.7320508075688772,0.0,0.25,1.0,0
1,7,0,12,4,1.859375,1,1.0,1.3635890143294642,0.0,0.375,0.875,0
1,2,0,18,1,0.1875,1,1.0,0.4330127018922193,0.0,0.25,0.25,0
1,6,0,18,4,1.6875,1,1.0,1.299038105676658,0.0,0.375,0.75,0
1,11,0,16,4,2.734375,1,1.0,1.653594569415369,0.0,0.5,1.375,0
1,6,0,18,2,0.6875,1,1.0,0.82915619758885,0.0,0.5,0.75,0
1,6,3,14,4,1.6875,1,1.0,1.299038105676658,0.5714285714285714,0.375,0.75,0
1,10,0,16,4,2.1875,1,1.0,1.479019945774904,0.0,0.5,1.25,0
1,7,0,16,4,1.859375,1,1.0,1.3635890143294642,0.0,0.375,0.875,0
1,1,0,18,1,0.109375,1,0.9999990000010001,0.33071891388307384,0.0,0.125,0.125,0
4,11,1,16,4,2.734375,1,1.0,1.653594569415369,0.08333333333333333,0.25,1.375,0
1,9,1,16,3,1.359375,1,1.0,1.165922381636102,0.1,0.5,1.125,0
2,6,1,18,4,1.6875,1,1.0,1.299038105676658,0.14285714285714285,0.125,0.75,0
1,4,0,19,2,0.5,1,1.0,0.7071067811865476,0.0,0.375,0.5,0
1,10,0,17,4,2.1875,1,1.0,1.479019945774904,0.0,0.5,1.25,0
2,11,0,16,4,1.984375,1,1.0,1.4086784586980805,0.0,0.375,1.375,0
1,12,0,15,4,2.0,1,1.0,1.4142135623730951,0.0,0.625,1.5,0
2,13,0,15,4,1.984375,1,1.0,1.4086784586980805,0.0,0.625,1.625,0
1,9,0,16,3,1.359375,1,1.0,1.165922381636102,0.0,0.5,1.125,0
1,13,1,15,4,1.984375,1,1.0,1.4086784586980805,0.14285714285714285,0.625,1.625,0
2,7,0,18,4,1.859375,1,1.0,1.3635890143294642,0.0,0.25,0.875,0
3,7,0,17,3,1.109375,1,1.0,1.0532687216470449,0.0,0.125,0.875,0
1,10,1,17,4,2.1875,1,1.0,1.479019945774904,0.09090909090909091,0.5,1.25,0
2,9,0,17,4,2.359375,1,1.0,1.5360257159305635,0.0,0.375,1.125,0
2,6,0,16,3,1.1875,1,1.0,1.0897247358851685,0.0,0.25,0.75,0
3,9,0,15,4,2.109375,1,1.0,1.4523687548277813,0.0,0.25,1.125,0
1,11,1,12,4,1.984375,1,1.0,1.4086784586980805,0.08333333333333333,0.625,1.375,0
1,5,0,16,3,0.984375,1,1.0,0.9921567416492215,0.0,0.375,0.625,0
2,9,0,14,4,1.609375,1,1.0,1.2686114456365274,0.0,0.25,1.125,0
1,10,0,14,4,1.9375,1,1.0,1.3919410907075054,0.0,0.625,1.25,0
1,11,0,12,4,1.984375,1,1.0,1.4086784586980805,0.0,0.625,1.375,0
1,16,0,10,4,2.0,1,1.0,1.4142135623730951,0.0,0.875,2.0,0
2,13,0,11,4,1.734375,1,1.0,1.3169567191065923,0.0,0.5,1.625,0
1,16,2,10,4,2.0,1,1.0,1.4142135623730951,0.17647058823529413,0.875,2.0,0
2,8,1,14,4,2.25,1,1.0,1.5,0.2222222222222222,0.25,1.0,0
2,10,0,13,4,2.6875,1,1.0,1.6393596310755,0.0,0.375,1.25,0
2,13,1,11,4,2.234375,1,1.0,1.4947825928876748,0.07142857142857142,0.5,1.625,0
3,13,0,12,4,2.984375,1,1.0,1.7275343701356567,0.0,0.375,1.625,0
2,16,1,10,4,2.0,1,1.0,1.4142135623730951,0.058823529411764705,0.5,2.0,0
2,13,1,12,4,2.984375,1,1.0,1.7275343701356567,0.21428571428571427,0.5,1.625,0
2,8,0,14,4,2.25,1,1.0,1.5,0.0,0.25,1.0,0
1,16,0,8,4,3.25,1,1.0,1.8027756377319946,0.0,0.625,2.0,0
1,13,0,11,4,2.234375,1,1.0,1.4947825928876748,0.0,0.625,1.625,0
2,15,0,9,4,2.859375,1,1.0,1.6909686573085854,0.0,0.5,1.875,0
2,23,0,6,4,2.859375,1,1.0,1.6909686573085854,0.0,0.75,2.875,0
2,15,0,9,4,2.859375,1,1.0,1.6909686573085854,0.0,0.5,1.875,0
1,13,1,10,4,2.734375,1,1.0,1.653594569415369,0.14285714285714285,0.5,1.625,0
2,13,0,10,4,2.734375,1,1.0,1.653594569415369,0.0,0.5,1.625,0
2,17,0,8,4,3.609375,1,1.0,1.899835519196333,0.0,0.5,2.125,0
2,22,0,6,4,2.6875,1,1.0,1.6393596310755,0.0,0.625,2.75,0
3,13,0,11,4,2.984375,1,1.0,1.7275343701356567,0.0,0.375,1.625,0
3,22,1,6,4,2.6875,1,1.0,1.6393596310755,0.08695652173913043,0.625,2.75,0
1,18,0,7,4,3.1875,1,1.0,1.7853571071357126,0.0,0.75,2.25,0
1,16,1,9,4,2.75,1,1.0,1.6583123951777,0.11764705882352941,0.75,2.0,0
1,11,0,12,4,2.734375,1,1.0,1.653594569415369,0.0,0.5,1.375,0
1,17,1,8,4,3.609375,1,1.0,1.899835519196333,0.1111111111111111,0.625,2.125,0
2,16,2,9,4,2.75,1,1.0,1.6583123951777,0.17647058823529413,0.5,2.0,0
2,11,0,13,4,2.734375,1,1.0,1.653594569415369,0.0,0.375,1.375,0
3,9,0,14,4,2.859375,1,1.0,1.6909686573085854,0.0,0.25,1.125,0
2,16,0,9,4,2.75,1,1.0,1.6583123951777,0.0,0.5,2.0,0
1,12,0,12,4,2.75,1,1.0,1.6583123951777,0.0,0.5,1.5,0
1,12,0,11,4,2.5,1,1.0,1.5811388300841898,0.0,0.625,1.5,0
4,4,0,17,2,0.5,1,0.9999997500000625,0.7071067811865476,0.0,0.0,0.5,0
1,6,1,15,4,1.9375,1,1.0,1.3919410907075054,0.2857142857142857,0.25,0.75,0
1,12,0,11,4,2.75,1,1.0,1.6583123951777,0.0,0.5,1.5,0
2,6,0,15,4,1.9375,1,1.0,1.3919410907075054,0.0,0.25,0.75,0
2,4,1,18,3,1.0,1,1.0,1.0,0.4,0.125,0.5,0
1,6,2,15,4,1.9375,1,1.0,1.3919410907075054,0.42857142857142855,0.25,0.75,0
2,4,1,17,2,0.5,1,1.0,0.7071067811865476,0.8,0.125,0.5,1
1,3,0,17,1,0.234375,1,1.0,0.4841229182759271,0.0,0.375,0.375,0
2,3,0,17,2,0.484375,1,1.0,0.6959705453537527,0.0,0.125,0.375,0
2,4,0,18,3,1.0,1,1.0,1.0,0.0,0.125,0.5,0
1,2,1,17,1,0.1875,1,1.0,0.4330127018922193,0.6666666666666666,0.25,0.25,3
2,6,1,16,3,1.1875,1,1.0,1.0897247358851685,0.2857142857142857,0.25,0.75,0
2,8,0,15,3,1.25,1,1.0,1.118033988749895,0.0,0.375,1.0,0
1,3,1,17,2,0.484375,1,1.0,0.6959705453537527,0.25,0.25,0.375,0
1,9,2,14,3,1.109375,1,1.0,1.0532687216470449,0.3,0.625,1.125,0
1,6,2,17,2,0.4375,1,1.0,0.6614378277661477,0.42857142857142855,0.625,0.75,0
1,2,0,19,2,0.4375,1,1.0,0.6614378277661477,0.0,0.125,0.25,0
2,6,0,16,3,1.1875,1,1.0,1.0897247358851685,0.0,0.25,0.75,0
1,5,0,18,2,0.734375,1,1.0,0.8569568250501305,0.0,0.375,0.625,0
1,9,1,14,3,1.109375,1,1.0,1.0532687216470449,0.2,0.625,1.125,0
2,6,3,17,2,0.4375,1,1.0,0.6614378277661477,0.5714285714285714,0.125,0.75,0
2,9,0,14,3,1.109375,1,1.0,1.0532687216470449,0.0,0.375,1.125,0
3,5,1,18,2,0.734375,1,1.0,0.8569568250501305,0.16666666666666666,0.0,0.625,0
2,2,1,19,2,0.4375,1,0.99999950000025,0.6614378277661477,0.3333333333333333,0.125,0.25,1
1,6,0,17,2,0.6875,1,1.0,0.82915619758885,0.0,0.5,0.75,0
1,6,1,17,2,0.4375,1,1.0,0.6614378277661477,0.2857142857142857,0.625,0.75,0
2,22,0,6,4,2.9375,1,1.0,1.713913650100261,0.0,0.75,2.75,0
1,19,0,8,4,3.484375,1,1.0,1.8666480653835098,0.0,0.625,2.375,0
1,22,1,6,4,2.9375,1,1.0,1.713913650100261,0.08695652173913043,0.75,2.75,0
2,32,0,0,4,0.0,1,1.0,0.0,0.0,1.0,4.0,0
1,24,1,4,4,3.0,1,1.0,1.7320508075688772,0.04,0.75,3.0,0
2,28,0,2,4,1.75,1,1.0,1.3228756555322954,0.0,0.875,3.5,0
1,24,0,4,4,3.0,1,1.0,1.7320508075688772,0.0,0.75,3.0,0
2,32,1,0,4,0.0,1,1.0,0.0,0.06060606060606061,1.0,4.0,0
2,26,0,3,4,1.9375,1,1.0,1.3919410907075054,0.0,0.875,3.25,0
2,17,0,10,4,3.609375,1,1.0,1.899835519196333,0.0,0.5,2.125,0
2,9,0,14,4,1.859375,1,1.0,1.3635890143294642,0.0,0.375,1.125,0
1,9,1,14,4,1.859375,1,1.0,1.3635890143294642,0.2,0.5,1.125,0
1,18,0,9,4,3.4375,1,1.0,1.8540496217739157,0.0,0.625,2.25,0
3,15,0,11,4,3.609375,1,1.0,1.899835519196333,0.0,0.5,1.875,0
2,8,0,15,4,3.0,1,1.0,1.7320508075688772,0.0,0.25,1.0,0
1,6,1,16,4,1.9375,1,1.0,1.3919410907075054,0.2857142857142857,0.25,0.75,0
2,11,1,13,4,3.234375,1,1.0,1.79843682124227,0.08333333333333333,0.375,1.375,0
1,12,0,12,4,3.75,1,1.0,1.9364916731037085,0.0,0.375,1.5,0
2,6,0,16,4,1.9375,1,1.0,1.3919410907075054,0.0,0.25,0.75,0
1,11,0,13,4,3.234375,1,1.0,1.79843682124227,0.0,0.375,1.375,0
2,3,0,18,3,0.984375,1,1.0,0.9921567416492215,0.0,0.125,0.375,0
2,1,2,19,1,0.109375,0,0.499999750000125,0.33071891388307384,2.0,0.0,0.125,3
1,2,1,17,1,0.1875,1,1.0,0.4330127018922193,0.6666666666666666,0.25,0.25,1
1,3,1,18,3,0.984375,1,1.0,0.9921567416492215,0.5,0.125,0.375,0
2,3,2,18,3,0.984375,1,1.0,0.9921567416492215,0.75,0.125,0.375,3
3,1,4,19,1,0.109375,0,0.33333322222225925,0.33071891388307384,4.0,0.0,0.125,3
2,2,2,17,1,0.1875,1,0.99999950000025,0.4330127018922193,1.0,0.0,0.25,2
1,6,1,15,3,1.1875,1,1.0,1.0897247358851685,0.2857142857142857,0.375,0.75,0
2,2,2,17,1,0.1875,1,0.99999950000025,0.4330127018922193,1.0,0.0,0.25,3
2,1,1,19,1,0.109375,0,0.499999750000125,0.33071891388307384,1.0,0.0,0.125,2
2,1,3,19,1,0.109375,0,0.499999750000125,0.33071891388307384,3.0,0.0,0.125,4
2,4,5,17,2,0.5,1,1.0,0.7071067811865476,2.2,0.125,0.5,4
1,3,0,16,2,0.484375,1,1.0,0.6959705453537527,0.0,0.25,0.375,0
3,5,0,16,2,0.734375,1,1.0,0.8569568250501305,0.0,0.0,0.625,0
1,3,0,17,2,0.484375,1,1.0,0.6959705453537527,0.0,0.25,0.375,0
2,6,2,15,3,1.1875,1,1.0,1.0897247358851685,0.42857142857142855,0.25,0.75,0
1,5,0,15,3,0.984375,1,1.0,0.9921567416492215,0.0,0.375,0.625,0
1,2,1,17,1,0.1875,1,1.0,0.4330127018922193,0.6666666666666666,0.25,0.25,1
2,2,0,17,1,0.1875,1,0.99999950000025,0.4330127018922193,0.0,0.0,0.25,0
4,7,0,15,3,1.609375,1,1.0,1.2686114456365274,0.0,0.0,0.875,0
1,11,0,12,3,1.234375,1,1.0,1.1110243021644486,0.0,0.75,1.375,0
1,5,0,15,2,0.734375,1,1.0,0.8569568250501305,0.0,0.375,0.625,0
2,11,1,12,3,1.234375,1,1.0,1.1110243021644486,0.08333333333333333,0.375,1.375,0
2,9,0,14,3,1.359375,1,1.0,1.165922381636102,0.0,0.5,1.125,0
2,9,0,14,3,1.609375,1,1.0,1.2686114456365274,0.0,0.375,1.125,0
2,11,0,13,3,1.734375,1,1.0,1.3169567191065923,0.0,0.375,1.375,0
1,7,0,15,3,1.359375,1,1.0,1.165922381636102,0.0,0.375,0.875,0
1,5,0,15,3,0.984375,1,1.0,0.9921567416492215,0.0,0.375,0.625,0
1,10,1,13,3,1.9375,1,1.0,1.3919410907075054,0.09090909090909091,0.5,1.25,0
1,10,0,13,3,1.9375,1,1.0,1.3919410907075054,0.0,0.5,1.25,0
2,11,1,13,4,2.734375,1,1.0,1.653594569415369,0.16666666666666666,0.375,1.375,0
2,9,0,14,3,1.359375,1,1.0,1.165922381636102,0.0,0.25,1.125,0
1,8,0,14,4,2.25,1,1.0,1.5,0.0,0.375,1.0,0
3,17,0,10,4,2.359375,1,1.0,1.5360257159305635,0.0,0.5,2.125,0
2,11,0,13,4,2.734375,1,1.0,1.653594569415369,0.0,0.375,1.375,0
2,16,0,10,4,2.0,1,1.0,1.4142135623730951,0.0,0.625,2.0,0
2,9,0,12,4,2.109375,1,1.0,1.4523687548277813,0.0,0.25,1.125,0
2,17,1,10,4,2.359375,1,1.0,1.5360257159305635,0.16666666666666666,0.625,2.125,0
1,16,0,9,4,1.5,1,1.0,1.224744871391589,0.0,0.875,2.0,0
2,16,1,9,4,1.5,1,1.0,1.224744871391589,0.058823529411764705,0.625,2.0,0
2,10,0,11,4,2.6875,1,1.0,1.6393596310755,0.0,0.25,1.25,0
1,5,0,16,4,1.734375,1,1.0,1.3169567191065923,0.0,0.25,0.625,0
4,16,2,9,4,1.5,1,1.0,1.224744871391589,0.17647058823529413,0.125,2.0,0
1,7,0,14,4,2.359375,1,1.0,1.5360257159305635,0.0,0.25,0.875,0
1,16,1,10,4,2.0,1,1.0,1.4142135623730951,0.11764705882352941,0.75,2.0,0
1,10,1,11,4,2.6875,1,1.0,1.6393596310755,0.18181818181818182,0.5,1.25,0
1,9,0,12,4,2.109375,1,1.0,1.4523687548277813,0.0,0.5,1.125,0
1,8,0,13,4,2.25,1,1.0,1.5,0.0,0.375,1.0,0
1,6,1,17,3,0.9375,1,1.0,0.9682458365518543,0.14285714285714285,0.5,0.75,0
1,7,1,14,4,2.359375,1,1.0,1.5360257159305635,0.125,0.25,0.875,0
2,6,0,17,3,1.6875,1,1.0,1.299038105676658,0.0,0.25,0.75,0
1,6,0,18,3,0.9375,1,1.0,0.9682458365518543,0.0,0.5,0.75,0
1,7,0,18,3,1.109375,1,1.0,1.0532687216470449,0.0,0.5,0.875,0
2,7,1,18,3,1.109375,1,1.0,1.0532687216470449,0.125,0.25,0.875,0
1,9,1,12,4,2.109375,1,1.0,1.4523687548277813,0.1,0.5,1.125,0
1,4,0,17,4,1.75,1,1.0,1.3228756555322954,0.0,0.125,0.5,0
1,6,0,17,3,0.9375,1,1.0,0.9682458365518543,0.0,0.5,0.75,0
2,9,0,16,3,1.109375,1,1.0,1.0532687216470449,0.0,0.375,1.125,0
1,8,0,18,3,1.25,1,1.0,1.118033988749895,0.0,0.5,1.0,0
1,8,1,16,4,2.25,1,1.0,1.5,0.2222222222222222,0.375,1.0,0
2,5,0,18,3,1.234375,1,1.0,1.1110243021644486,0.0,0.25,0.625,0
2,9,0,18,3,1.109375,1,1.0,1.0532687216470449,0.0,0.375,1.125,0
3,9,0,17,3,1.109375,1,1.0,1.0532687216470449,0.0,0.125,1.125,0
1,9,1,16,3,1.109375,1,1.0,1.0532687216470449,0.2,0.625,1.125,0
1,9,0,17,3,1.359375,1,1.0,1.165922381636102,0.0,0.625,1.125,0
2,6,0,14,4,1.6875,1,1.0,1.299038105676658,0.0,0.125,0.75,0
2,8,0,16,4,2.25,1,1.0,1.5,0.0,0.25,1.0,0
1,9,2,16,3,1.109375,1,1.0,1.0532687216470449,0.3,0.625,1.125,0
2,11,0,15,3,1.484375,1,1.0,1.2183492931011204,0.0,0.5,1.375,0
2,11,1,15,3,1.484375,1,1.0,1.2183492931011204,0.16666666666666666,0.5,1.375,0
4,5,1,18,3,1.234375,1,1.0,1.1110243021644486,0.3333333333333333,0.0,0.625,1
2,5,0,14,4,1.734375,1,1.0,1.3169567191065923,0.0,0.125,0.625,0
2,8,2,16,4,2.25,1,1.0,1.5,0.3333333333333333,0.25,1.0,0
1,5,0,15,4,1.734375,1,1.0,1.3169567191065923,0.0,0.25,0.625,0
1,6,0,14,4,1.6875,1,1.0,1.299038105676658,0.0,0.375,0.75,0
1,14,0,9,3,0.4375,1,1.0,0.6614378277661477,0.0,1.0,1.75,0
3,8,0,13,4,1.75,1,1.0,1.3228756555322954,0.0,0.125,1.0,0
2,18,1,10,4,2.4375,1,1.0,1.5612494995995996,0.05263157894736842,0.5,2.25,0
2,15,0,9,4,1.359375,1,1.0,1.165922381636102,0.0,0.625,1.875,0
1,12,0,11,3,1.75,1,1.0,1.3228756555322954,0.0,0.625,1.5,0
1,11,0,12,3,1.484375,1,1.0,1.2183492931011204,0.0,0.625,1.375,0
2,13,1,13,4,3.484375,1,1.0,1.8666480653835098,0.21428571428571427,0.375,1.625,0
1,14,0,9,3,0.4375,1,1.0,0.6614378277661477,0.0,1.0,1.75,0
3,6,0,16,4,1.9375,1,1.0,1.3919410907075054,0.0,0.125,0.75,0
1,13,0,10,4,1.734375,1,1.0,1.3169567191065923,0.0,0.75,1.625,0
3,13,0,13,4,3.484375,1,1.0,1.8666480653835098,0.0,0.375,1.625,0
2,12,0,11,4,1.75,1,1.0,1.3228756555322954,0.0,0.375,1.5,0
1,18,0,10,4,2.4375,1,1.0,1.5612494995995996,0.0,0.875,2.25,0
2,8,0,15,4,3.0,1,1.0,1.7320508075688772,0.0,0.25,1.0,0
2,15,0,12,4,3.609375,1,1.0,1.899835519196333,0.0,0.5,1.875,0
2,32,0,0,4,0.0,1,1.0,0.0,0.0,1.0,4.0,0
1,30,0,1,4,0.4375,1,1.0,0.6614378277661477,0.0,1.0,3.75,0
1,29,0,2,4,0.984375,1,1.0,0.9921567416492215,0.0,1.0,3.625,0
1,24,0,6,4,3.0,1,1.0,1.7320508075688772,0.0,0.75,3.0,0
1,28,0,3,4,1.75,1,1.0,1.3228756555322954,0.0,0.875,3.5,0
1,27,1,4,4,1.734375,1,1.0,1.3169567191065923,0.07142857142857142,0.875,3.375,0
1,24,1,6,4,2.0,1,1.0,1.4142135623730951,0.04,0.875,3.0,0
2,27,0,4,4,1.734375,1,1.0,1.3169567191065923,0.0,0.875,3.375,0
1,23,0,7,4,2.859375,1,1.0,1.6909686573085854,0.0,0.75,2.875,0
1,22,0,8,4,2.9375,1,1.0,1.713913650100261,0.0,0.75,2.75,0
1,24,0,6,4,2.0,1,1.0,1.4142135623730951,0.0,0.875,3.0,0
1,19,0,10,4,3.484375,1,1.0,1.8666480653835098,0.0,0.625,2.375,0
1,19,0,10,4,2.984375,1,1.0,1.7275343701356567,0.0,0.75,2.375,0
2,26,0,5,4,1.9375,1,1.0,1.3919410907075054,0.0,0.875,3.25,0
2,22,0,8,4,2.9375,1,1.0,1.713913650100261,0.0,0.75,2.75,0
1,18,0,11,4,3.4375,1,1.0,1.8540496217739157,0.0,0.625,2.25,0
2,18,0,11,4,3.1875,1,1.0,1.7853571071357126,0.0,0.5,2.25,0
1,20,0,9,4,3.75,1,1.0,1.9364916731037085,0.0,0.625,2.5,0
1,18,0,11,4,3.1875,1,1.0,1.7853571071357126,0.0,0.75,2.25,0
3,16,0,12,4,4.0,1,1.0,2.0,0.0,0.5,2.0,0
1,14,0,13,4,3.4375,1,1.0,1.8540496217739157,0.0,0.5,1.75,0
1,13,0,13,4,3.484375,1,1.0,1.8666480653835098,0.0,0.5,1.625,0
1,13,1,14,4,3.484375,1,1.0,1.8666480653835098,0.14285714285714285,0.5,1.625,0
2,21,0,8,4,1.984375,1,1.0,1.4086784586980805,0.0,0.75,2.625,0
1,20,0,8,4,2.5,1,1.0,1.5811388300841898,0.0,0.875,2.5,0
2,13,0,14,4,3.484375,1,1.0,1.8666480653835098,0.0,0.375,1.625,0
1,19,1,10,4,2.484375,1,1.0,1.5761900266148114,0.05,0.75,2.375,0
1,22,0,7,4,2.1875,1,1.0,1.479019945774904,0.0,0.875,2.75,0
1,18,0,11,4,2.6875,1,1.0,1.6393596310755,0.0,0.75,2.25,0
1,20,0,8,4,2.75,1,1.0,1.6583123951777,0.0,0.75,2.5,0
1,20,2,8,4,2.75,1,1.0,1.6583123951777,0.14285714285714285,0.75,2.5,0
1,19,0,10,4,2.484375,1,1.0,1.5761900266148114,0.0,0.75,2.375,0
2,20,1,8,4,2.75,1,1.0,1.6583123951777,0.047619047619047616,0.75,2.5,0
1,16,0,11,4,3.25,1,1.0,1.8027756377319946,0.0,0.625,2.0,0
4,20,0,10,4,2.5,1,1.0,1.5811388300841898,0.0,0.375,2.5,0
1,17,0,12,4,3.109375,1,1.0,1.7633419974582356,0.0,0.625,2.125,0
4,11,0,11,4,3.234375,1,1.0,1.79843682124227,0.0,0.25,1.375,0
4,16,0,11,4,3.25,1,1.0,1.8027756377319946,0.0,0.375,2.0,0
1,12,0,10,4,3.0,1,1.0,1.7320508075688772,0.0,0.5,1.5,0
4,15,0,10,4,2.859375,1,1.0,1.6909686573085854,0.0,0.375,1.875,0
1,11,0,8,4,2.234375,1,1.0,1.4947825928876748,0.0,0.5,1.375,0
1,13,0,7,4,2.234375,1,1.0,1.4947825928876748,0.0,0.625,1.625,0
1,12,0,8,4,2.25,1,1.0,1.5,0.0,0.625,1.5,0
2,12,0,8,4,3.0,1,1.0,1.7320508075688772,0.0,0.375,1.5,0
1,1,0,16,1,0.109375,1,0.9999990000010001,0.33071891388307384,0.0,0.125,0.125,0
4,15,0,8,4,2.359375,1,1.0,1.5360257159305635,0.0,0.125,1.875,0
1,12,0,12,4,3.0,1,1.0,1.7320508075688772,0.0,0.5,1.5,0
4,5,0,15,4,1.734375,1,1.0,1.3169567191065923,0.0,0.125,0.625,0
2,4,1,16,1,0.25,1,1.0,0.5,0.2,0.0,0.5,0
2,12,1,12,4,3.0,1,1.0,1.7320508075688772,0.07692307692307693,0.375,1.5,0
1,14,1,8,4,3.1875,1,1.0,1.7853571071357126,0.06666666666666667,0.5,1.75,0
1,14,0,8,4,3.1875,1,1.0,1.7853571071357126,0.0,0.5,1.75,0
1,12,0,10,4,3.0,1,1.0,1.7320508075688772,0.0,0.5,1.5,0
2,11,0,11,4,3.234375,1,1.0,1.79843682124227,0.0,0.375,1.375,0
1,13,0,11,4,2.734375,1,1.0,1.653594569415369,0.0,0.625,1.625,0
3,9,0,14,4,2.859375,1,1.0,1.6909686573085854,0.0,0.25,1.125,0
2,0,1,19,0,0.0,0,0.0,0.0,1.0,0.0,0.0,4
1,4,2,16,1,0.25,1,1.0,0.5,0.6,0.5,0.5,0
1,1,0,18,1,0.109375,1,0.9999990000010001,0.33071891388307384,0.0,0.125,0.125,0
1,0,0,19,0,0.0,0,0.0,0.0,0.0,0.0,0.0,2
1,0,2,19,0,0.0,0,0.0,0.0,6.0,0.0,0.0,1
2,9,1,14,4,2.859375,1,1.0,1.6909686573085854,0.3,0.25,1.125,0
1,1,1,16,1,0.109375,1,0.9999990000010001,0.33071891388307384,0.5,0.125,0.125,1
1,7,6,16,3,1.109375,1,1.0,1.0532687216470449,1.0,0.5,0.875,1
2,0,2,19,0,0.0,0,0.0,0.0,5.0,0.0,0.0,4
1,1,3,18,1,0.109375,1,0.9999990000010001,0.33071891388307384,3.5,0.125,0.125,3
1,0,3,19,0,0.0,0,0.0,0.0,7.0,0.0,0.0,2
2,1,2,21,1,0.109375,0,0.499999750000125,0.33071891388307384,1.5,0.0,0.125,1
1,3,3,17,1,0.234375,1,1.0,0.4841229182759271,1.75,0.375,0.375,2
2,0,4,19,0,0.0,0,0.0,0.0,8.0,0.0,0.0,2
1,4,2,19,2,0.75,1,1.0,0.8660254037844386,0.8,0.25,0.5,1
1,0,6,19,0,0.0,0,0.0,0.0,11.0,0.0,0.0,3
1,4,2,19,2,0.5,1,1.0,0.7071067811865476,0.4,0.375,0.5,0
1,0,5,19,0,0.0,0,0.0,0.0,10.0,0.0,0.0,2
1,1,1,21,1,0.109375,1,0.9999990000010001,0.33071891388307384,1.0,0.125,0.125,0
4,0,1,19,0,0.0,0,0.0,0.0,2.0,0.0,0.0,6
2,2,2,20,2,0.4375,1,0.99999950000025,0.6614378277661477,0.6666666666666666,0.125,0.25,2
1,1,1,21,1,0.109375,1,0.9999990000010001,0.33071891388307384,1.0,0.125,0.125,0
2,4,4,19,2,0.5,1,1.0,0.7071067811865476,1.2,0.125,0.5,4
1,2,2,19,1,0.1875,1,1.0,0.4330127018922193,2.0,0.25,0.25,1
1,4,3,19,2,0.75,1,1.0,0.8660254037844386,1.0,0.25,0.5,1
1,1,1,21,1,0.109375,1,0.9999990000010001,0.33071891388307384,1.0,0.125,0.125,0
1,2,2,19,1,0.1875,1,1.0,0.4330127018922193,1.6666666666666667,0.25,0.25,0
3,4,3,19,2,0.5,1,1.0,0.7071067811865476,0.6,0.0,0.5,1
2,3,0,19,2,0.484375,1,1.0,0.6959705453537527,0.0,0.125,0.375,0
1,2,1,19,1,0.1875,1,1.0,0.4330127018922193,1.3333333333333333,0.25,0.25,0
4,1,0,20,1,0.109375,0,0.24999993750001562,0.33071891388307384,0.0,0.0,0.125,5
1,2,0,18,2,0.4375,1,1.0,0.6614378277661477,0.0,0.125,0.25,0
2,2,3,17,1,0.1875,1,0.99999950000025,0.4330127018922193,1.6666666666666667,0.0,0.25,1
2,2,1,19,1,0.1875,1,0.99999950000025,0.4330127018922193,1.3333333333333333,0.0,0.25,0
1,7,3,16,2,0.859375,1,1.0,0.9270248108869579,0.75,0.5,0.875,0
2,4,0,17,2,0.5,1,1.0,0.7071067811865476,0.0,0.125,0.5,0
1,2,0,17,1,0.1875,1,1.0,0.4330127018922193,0.0,0.25,0.25,0
1,7,1,16,3,1.109375,1,1.0,1.0532687216470449,0.5,0.5,0.875,0
2,2,2,17,1,0.1875,1,0.99999950000025,0.4330127018922193,1.0,0.0,0.25,1
1,3,1,17,1,0.234375,1,1.0,0.4841229182759271,0.5,0.375,0.375,0
2,2,1,17,1,0.1875,1,0.99999950000025,0.4330127018922193,0.3333333333333333,0.0,0.25,1
2,3,0,17,1,0.234375,1,1.0,0.4841229182759271,0.0,0.0,0.375,0
1,3,0,18,1,0.234375,1,1.0,0.4841229182759271,0.0,0.375,0.375,0
2,3,0,17,1,0.234375,1,1.0,0.4841229182759271,0.0,0.0,0.375,0
1,4,1,17,2,0.5,1,1.0,0.7071067811865476,0.4,0.375,0.5,0
2,1,0,18,1,0.109375,0,0.499999750000125,0.33071891388307384,0.0,0.0,0.125,1
1,10,1,14,3,0.9375,1,1.0,0.9682458365518543,0.09090909090909091,0.75,1.25,0
2,8,0,16,3,1.25,1,1.0,1.118033988749895,0.0,0.375,1.0,0
2,9,0,16,3,1.109375,1,1.0,1.0532687216470449,0.0,0.375,1.125,0
1,8,2,16,3,1.25,1,1.0,1.118033988749895,0.4444444444444444,0.5,1.0,0
1,8,0,16,3,1.0,1,1.0,1.0,0.0,0.625,1.0,0
2,8,1,16,3,1.25,1,1.0,1.118033988749895,0.2222222222222222,0.375,1.0,0
1,10,0,14,3,0.9375,1,1.0,0.9682458365518543,0.0,0.75,1.25,0
2,9,1,16,3,1.109375,1,1.0,1.0532687216470449,0.2,0.375,1.125,0
2,30,0,1,4,0.4375,1,1.0,0.6614378277661477,0.0,1.0,3.75,0
1,30,1,1,4,0.4375,1,1.0,0.6614378277661477,0.06451612903225806,1.0,3.75,0
2,32,0,0,4,0.0,1,1.0,0.0,0.0,1.0,4.0,0
1,20,0,7,4,3.75,1,1.0,1.9364916731037085,0.0,0.625,2.5,0
2,24,0,5,4,3.0,1,1.0,1.7320508075688772,0.0,0.75,3.0,0
1,19,2,8,4,3.484375,1,1.0,1.8666480653835098,0.2,0.625,2.375,0
2,19,0,8,4,3.484375,1,1.0,1.8666480653835098,0.0,0.625,2.375,0
1,27,0,3,4,1.734375,1,1.0,1.3169567191065923,0.0,0.875,3.375,0
2,26,0,4,4,1.9375,1,1.0,1.3919410907075054,0.0,0.875,3.25,0
2,17,0,9,4,2.609375,1,1.0,1.6153559979150107,0.0,0.625,2.125,0
2,15,0,10,4,3.109375,1,1.0,1.7633419974582356,0.0,0.5,1.875,0
2,24,1,5,4,3.0,1,1.0,1.7320508075688772,0.08,0.75,3.0,0
1,13,1,11,4,3.484375,1,1.0,1.8666480653835098,0.14285714285714285,0.5,1.625,0
1,9,0,14,4,2.859375,1,1.0,1.6909686573085854,0.0,0.375,1.125,0
2,19,1,8,4,3.484375,1,1.0,1.8666480653835098,0.1,0.625,2.375,0
2,13,0,11,4,3.484375,1,1.0,1.8666480653835098,0.0,0.375,1.625,0
2,12,2,12,4,2.5,1,1.0,1.5811388300841898,0.15384615384615385,0.375,1.5,0
2,17,1,9,4,2.609375,1,1.0,1.6153559979150107,0.1111111111111111,0.625,2.125,0
1,10,0,13,4,2.9375,1,1.0,1.713913650100261,0.0,0.375,1.25,0
2,18,0,10,4,2.1875,1,1.0,1.479019945774904,0.0,0.75,2.25,0
1,12,1,12,4,2.5,1,1.0,1.5811388300841898,0.07692307692307693,0.625,1.5,0
1,12,0,12,4,2.5,1,1.0,1.5811388300841898,0.0,0.625,1.5,0
1,12,3,12,4,2.5,1,1.0,1.5811388300841898,0.3076923076923077,0.625,1.5,0
2,21,0,8,4,0.734375,1,1.0,0.8569568250501305,0.0,0.875,2.625,0
2,19,0,9,4,1.234375,1,1.0,1.1110243021644486,0.0,0.875,2.375,0
1,19,1,9,4,1.234375,1,1.0,1.1110243021644486,0.1,0.875,2.375,0
1,18,0,9,4,1.1875,1,1.0,1.0897247358851685,0.0,0.875,2.25,0
2,13,0,12,4,2.234375,1,1.0,1.4947825928876748,0.0,0.5,1.625,0
4,17,1,11,4,2.859375,1,1.0,1.6909686573085854,0.1111111111111111,0.25,2.125,0
2,17,0,11,4,2.859375,1,1.0,1.6909686573085854,0.0,0.625,2.125,0
1,18,0,10,4,2.4375,1,1.0,1.5612494995995996,0.0,0.75,2.25,0
1,5,3,15,3,1.234375,1,1.0,1.1110243021644486,0.5,0.25,0.625,0
2,13,1,12,4,2.234375,1,1.0,1.4947825928876748,0.14285714285714285,0.5,1.625,0
3,8,0,14,4,2.0,1,1.0,1.4142135623730951,0.0,0.125,1.0,0
2,8,0,14,4,2.25,1,1.0,1.5,0.0,0.25,1.0,0
1,4,0,16,4,1.75,1,1.0,1.3228756555322954,0.0,0.125,0.5,0
2,5,0,17,3,0.984375,1,1.0,0.9921567416492215,0.0,0.125,0.625,0
2,13,2,12,4,2.234375,1,1.0,1.4947825928876748,0.2857142857142857,0.5,1.625,0
1,5,0,15,4,1.734375,1,1.0,1.3169567191065923,0.0,0.25,0.625,0
1,5,0,15,3,1.234375,1,1.0,1.1110243021644486,0.0,0.25,0.625,0
4,3,1,17,1,0.234375,0,0.7499998125000469,0.4841229182759271,1.0,0.0,0.375,2
2,5,2,16,1,0.234375,1,1.0,0.4841229182759271,1.3333333333333333,0.0,0.625,2
1,5,2,15,3,1.234375,1,1.0,1.1110243021644486,0.3333333333333333,0.25,0.625,0
2,4,0,17,1,0.25,1,1.0,0.5,0.0,0.0,0.5,0
1,5,1,15,3,1.234375,1,1.0,1.1110243021644486,0.16666666666666666,0.25,0.625,0
1,6,0,16,3,0.9375,1,1.0,0.9682458365518543,0.0,0.5,0.75,0
2,3,2,16,2,0.484375,1,1.0,0.6959705453537527,1.5,0.125,0.375,2
1,2,3,16,1,0.1875,1,1.0,0.4330127018922193,2.3333333333333335,0.25,0.25,2
1,1,2,17,1,0.109375,1,0.9999990000010001,0.33071891388307384,3.0,0.125,0.125,0
4,5,3,16,1,0.234375,1,1.0,0.4841229182759271,1.6666666666666667,0.0,0.625,5
4,4,1,17,1,0.25,1,0.9999997500000625,0.5,0.4,0.0,0.5,3
1,3,4,16,2,0.484375,1,1.0,0.6959705453537527,1.5,0.25,0.375,3
1,1,3,17,1,0.109375,1,0.9999990000010001,0.33071891388307384,3.5,0.125,0.125,2
1,2,4,16,1,0.1875,1,1.0,0.4330127018922193,2.6666666666666665,0.25,0.25,2
2,1,3,17,1,0.109375,0,0.499999750000125,0.33071891388307384,1.5,0.0,0.125,2
2,2,4,16,1,0.1875,1,0.99999950000025,0.4330127018922193,1.6666666666666667,0.0,0.25,2
2,0,0,19,0,0.0,0,0.0,0.0,0.0,0.0,0.0,2
1,5,5,15,2,0.484375,1,1.0,0.6959705453537527,1.5,0.5,0.625,2
1,2,3,17,2,0.4375,1,1.0,0.6614378277661477,1.3333333333333333,0.125,0.25,3
2,2,1,17,1,0.1875,1,0.99999950000025,0.4330127018922193,1.3333333333333333,0.0,0.25,0
2,5,4,15,2,0.484375,1,1.0,0.6959705453537527,1.1666666666666667,0.125,0.625,2
3,5,1,17,2,0.484375,1,1.0,0.6959705453537527,0.3333333333333333,0.0,0.625,0
4,3,1,17,1,0.234375,0,0.7499998125000469,0.4841229182759271,0.5,0.0,0.375,3
1,4,2,16,1,0.25,1,1.0,0.5,0.6,0.5,0.5,0
1,3,3,16,2,0.484375,1,1.0,0.6959705453537527,1.25,0.25,0.375,2
2,5,0,17,2,0.484375,1,1.0,0.6959705453537527,0.0,0.125,0.625,0
1,2,0,17,2,0.4375,1,1.0,0.6614378277661477,0.0,0.125,0.25,0
1,4,2,17,2,0.75,1,1.0,0.8660254037844386,0.6,0.25,0.5,0
2,1,0,18,1,0.109375,0,0.499999750000125,0.33071891388307384,0.0,0.0,0.125,1
1,1,1,18,1,0.109375,1,0.9999990000010001,0.33071891388307384,1.0,0.125,0.125,0
2,5,1,16,2,0.484375,1,1.0,0.6959705453537527,0.6666666666666666,0.125,0.625,1
2,1,1,18,1,0.109375,0,0.499999750000125,0.33071891388307384,1.0,0.0,0.125,3
1,4,2,17,2,0.5,1,1.0,0.7071067811865476,1.2,0.375,0.5,0
2,4,1,16,1,0.25,1,1.0,0.5,0.2,0.0,0.5,0
1,1,2,18,1,0.109375,1,0.9999990000010001,0.33071891388307384,3.0,0.125,0.125,0
1,4,0,16,1,0.25,1,1.0,0.5,0.0,0.5,0.5,0
2,14,0,11,3,0.4375,1,1.0,0.6614378277661477,0.0,0.625,1.75,0
1,3,1,17,1,0.234375,1,1.0,0.4841229182759271,1.0,0.375,0.375,0
4,1,2,18,1,0.109375,0,0.24999993750001562,0.33071891388307384,2.0,0.0,0.125,5
1,14,1,11,3,0.4375,1,1.0,0.6614378277661477,0.13333333333333333,1.0,1.75,0
1,11,0,13,3,1.484375,1,1.0,1.2183492931011204,0.0,0.625,1.375,0
2,14,2,11,3,0.4375,1,1.0,0.6614378277661477,0.2,0.625,1.75,0
2,14,0,10,4,1.6875,1,1.0,1.299038105676658,0.0,0.625,1.75,0
1,12,0,12,3,1.25,1,1.0,1.118033988749895,0.0,0.75,1.5,0
2,11,0,10,4,2.484375,1,1.0,1.5761900266148114,0.0,0.25,1.375,0
1,18,2,9,4,1.1875,1,1.0,1.0897247358851685,0.3157894736842105,1.0,2.25,0
4,18,1,9,4,1.1875,1,1.0,1.0897247358851685,0.10526315789473684,0.25,2.25,0
1,9,0,11,4,2.859375,1,1.0,1.6909686573085854,0.0,0.375,1.125,0
2,8,1,12,4,3.0,1,1.0,1.7320508075688772,0.2222222222222222,0.25,1.0,0
1,18,0,9,4,0.6875,1,1.0,0.82915619758885,0.0,1.0,2.25,0
2,18,0,9,4,1.1875,1,1.0,1.0897247358851685,0.0,0.75,2.25,0
2,17,0,9,4,2.859375,1,1.0,1.6909686573085854,0.0,0.5,2.125,0
2,15,0,10,4,3.609375,1,1.0,1.899835519196333,0.0,0.5,1.875,0
4,15,1,10,4,3.609375,1,1.0,1.899835519196333,0.125,0.375,1.875,0
2,8,0,12,4,3.0,1,1.0,1.7320508075688772,0.0,0.25,1.0,0
2,8,0,12,4,2.0,1,1.0,1.4142135623730951,0.0,0.375,1.0,0
1,7,1,12,4,1.859375,1,1.0,1.3635890143294642,0.25,0.375,0.875,0
4,6,0,13,4,1.6875,1,1.0,1.299038105676658,0.0,0.125,0.75,0
2,7,0,12,4,1.859375,1,1.0,1.3635890143294642,0.0,0.25,0.875,0
1,1,4,15,1,0.109375,1,0.9999990000010001,0.33071891388307384,3.0,0.125,0.125,1
2,0,2,16,0,0.0,0,0.0,0.0,2.0,0.0,0.0,2
1,6,1,13,4,1.6875,1,1.0,1.299038105676658,0.5714285714285714,0.375,0.75,0
1,1,1,15,1,0.109375,1,0.9999990000010001,0.33071891388307384,0.5,0.125,0.125,2
1,0,1,16,0,0.0,0,0.0,0.0,1.0,0.0,0.0,2
1,2,1,16,1,0.1875,1,1.0,0.4330127018922193,0.6666666666666666,0.25,0.25,1
2,2,3,16,1,0.1875,1,0.99999950000025,0.4330127018922193,1.3333333333333333,0.0,0.25,4
1,1,0,15,1,0.109375,1,0.9999990000010001,0.33071891388307384,0.0,0.125,0.125,0
1,2,2,16,1,0.1875,1,1.0,0.4330127018922193,1.0,0.25,0.25,1
2,1,3,15,1,0.109375,0,0.499999750000125,0.33071891388307384,2.0,0.0,0.125,1
2,7,4,13,2,0.859375,1,1.0,0.9270248108869579,0.75,0.375,0.875,1
