job_gpu,total_free,queue_length,running_jobs,max_free_node,variance_free,can_fit_now,gpu_fit_ratio,fragmentation,queue_pressure,node_availability,avg_free_per_node,wait_time,arrival_time,run_id
1,29,0,1,4,0.984375,1,1.0,0.9921567416492215,0.0,1.0,3.625,0,8,0
3,32,0,0,4,0.0,1,1.0,0.0,0.0,1.0,4.0,0,1,0
8,28,0,2,4,1.75,1,1.0,1.3228756555322954,0.0,0.0,3.5,0,11,0
4,12,0,6,4,3.75,1,1.0,1.9364916731037085,0.0,0.375,1.5,0,14,0
2,16,0,4,4,4.0,1,1.0,2.0,0.0,0.5,2.0,0,12,0
4,28,1,2,4,1.75,1,1.0,1.3228756555322954,0.27586206896551724,0.875,3.5,0,11,0
1,12,1,6,4,3.75,1,1.0,1.9364916731037085,0.3076923076923077,0.375,1.5,0,14,0
7,7,0,8,4,1.859375,1,0.9999998571428775,1.3635890143294642,0.0,0.0,0.875,0,15,0
2,14,0,5,4,3.4375,1,1.0,1.8540496217739157,0.0,0.5,1.75,0,13,0
2,0,2,9,0,0.0,0,0.0,0.0,5.0,0.0,0.0,2,17,0
3,0,3,9,0,0.0,0,0.0,0.0,7.0,0.0,0.0,1,18,0
1,0,4,9,0,0.0,0,0.0,0.0,10.0,0.0,0.0,1,18,0
3,11,7,7,4,3.234375,1,1.0,1.79843682124227,1.3333333333333333,0.375,1.375,6,19,0
4,0,5,9,0,0.0,0,0.0,0.0,11.0,0.0,0.0,2,18,0
1,12,2,6,4,3.75,1,1.0,1.9364916731037085,0.38461538461538464,0.375,1.5,0,14,0
4,0,0,9,0,0.0,0,0.0,0.0,0.0,0.0,0.0,3,16,0
1,0,1,9,0,0.0,0,0.0,0.0,4.0,0.0,0.0,2,17,0
4,4,3,11,4,1.75,1,0.9999997500000625,1.3228756555322954,1.6,0.125,0.5,10,20,0
7,1,2,12,1,0.109375,0,0.1428571224489825,0.33071891388307384,3.5,0.0,0.125,8,23,0
1,0,6,9,0,0.0,0,0.0,0.0,15.0,0.0,0.0,3,18,0
2,1,9,12,1,0.109375,0,0.499999750000125,0.33071891388307384,18.5,0.0,0.125,2,29,0
1,0,5,13,0,0.0,0,0.0,0.0,20.0,0.0,0.0,1,28,0
2,1,3,12,1,0.109375,0,0.499999750000125,0.33071891388307384,7.0,0.0,0.125,1,24,0
3,0,3,13,0,0.0,0,0.0,0.0,13.0,0.0,0.0,5,26,0
4,0,4,13,0,0.0,0,0.0,0.0,16.0,0.0,0.0,6,27,0
2,0,2,13,0,0.0,0,0.0,0.0,11.0,0.0,0.0,4,26,0
1,0,5,12,0,0.0,0,0.0,0.0,28.0,0.0,0.0,2,32,0
4,0,4,11,0,0.0,0,0.0,0.0,25.0,0.0,0.0,3,35,0
5,0,6,13,0,0.0,0,0.0,0.0,21.0,0.0,0.0,6,28,0
6,0,7,13,0,0.0,0,0.0,0.0,26.0,0.0,0.0,11,28,0
8,0,4,12,0,0.0,0,0.0,0.0,20.0,0.0,0.0,12,32,0
5,1,8,12,1,0.109375,0,0.199999960000008,0.33071891388307384,16.0,0.0,0.125,13,29,0
6,4,6,11,4,1.75,0,0.6666665555555741,1.3228756555322954,5.8,0.0,0.5,18,33,0
7,4,3,9,2,0.5,0,0.57142848979593,0.7071067811865476,3.8,0.0,0.5,12,40,0
8,4,4,9,2,0.5,0,0.4999999375000079,0.7071067811865476,5.2,0.0,0.5,14,40,0
4,1,6,5,1,0.109375,0,0.24999993750001562,0.33071891388307384,23.0,0.0,0.125,3,55,0
5,4,7,5,2,0.5,0,0.799999840000032,0.7071067811865476,10.6,0.0,0.5,5,48,0
6,7,7,4,3,1.359375,1,1.0,1.165922381636102,6.5,0.0,0.875,5,52,0
6,1,7,5,1,0.109375,0,0.16666663888889352,0.33071891388307384,25.0,0.0,0.125,9,55,0
8,4,5,9,2,0.5,0,0.4999999375000079,0.7071067811865476,6.8,0.0,0.5,19,40,0
1,1,6,5,1,0.109375,1,0.9999990000010001,0.33071891388307384,20.5,0.125,0.125,0,61,0
1,2,12,6,1,0.1875,1,1.0,0.4330127018922193,25.333333333333332,0.25,0.25,0,70,0
8,4,6,9,2,0.5,0,0.4999999375000079,0.7071067811865476,8.4,0.0,0.5,18,41,0
4,0,6,6,0,0.0,0,0.0,0.0,41.0,0.0,0.0,7,62,0
3,1,5,5,1,0.109375,0,0.33333322222225925,0.33071891388307384,19.0,0.0,0.125,3,60,0
3,0,7,6,0,0.0,0,0.0,0.0,46.0,0.0,0.0,8,67,0
8,4,6,5,2,0.5,0,0.4999999375000079,0.7071067811865476,9.0,0.0,0.5,28,48,0
4,4,8,5,2,0.5,1,0.9999997500000625,0.7071067811865476,10.2,0.0,0.5,15,63,0
6,0,7,6,0,0.0,0,0.0,0.0,45.0,0.0,0.0,10,62,0
8,4,7,9,2,0.5,0,0.4999999375000079,0.7071067811865476,10.0,0.0,0.5,32,41,0
5,6,12,5,2,0.4375,1,1.0,0.6614378277661477,10.714285714285714,0.0,0.75,16,69,0
7,0,8,6,0,0.0,0,0.0,0.0,49.0,0.0,0.0,19,67,0
4,6,11,5,2,0.4375,1,1.0,0.6614378277661477,10.142857142857142,0.0,0.75,14,69,0
8,9,6,4,3,1.609375,1,1.0,1.2686114456365274,4.6,0.0,1.125,31,54,0
8,1,8,5,1,0.109375,0,0.12499998437500197,0.33071891388307384,28.0,0.0,0.125,35,56,0
4,8,9,5,2,0.75,1,1.0,0.8660254037844386,6.555555555555555,0.0,1.0,20,76,0
7,0,10,6,0,0.0,0,0.0,0.0,64.0,0.0,0.0,30,67,0
1,7,9,4,3,1.109375,1,1.0,1.0532687216470449,7.5,0.5,0.875,10,86,0
3,14,10,3,4,2.6875,1,1.0,1.6393596310755,4.666666666666667,0.375,1.75,13,85,0
1,0,16,5,0,0.0,0,0.0,0.0,83.0,0.0,0.0,5,93,0
8,0,9,6,0,0.0,0,0.0,0.0,56.0,0.0,0.0,35,67,0
4,0,10,5,0,0.0,0,0.0,0.0,59.0,0.0,0.0,18,87,0
8,8,10,5,2,0.75,1,0.9999998750000157,0.8660254037844386,7.0,0.0,1.0,28,76,0
7,0,9,6,0,0.0,0,0.0,0.0,59.0,0.0,0.0,26,80,0
8,3,10,5,1,0.234375,0,0.3749999531250059,0.4841229182759271,16.5,0.0,0.375,34,82,0
1,8,19,6,4,2.0,1,1.0,1.4142135623730951,10.555555555555555,0.375,1.0,12,102,0
1,7,19,5,3,1.109375,1,1.0,1.0532687216470449,11.5,0.5,0.875,11,97,0
3,0,15,5,0,0.0,0,0.0,0.0,80.0,0.0,0.0,18,93,0
5,0,9,5,0,0.0,0,0.0,0.0,54.0,0.0,0.0,32,87,0
4,0,11,5,0,0.0,0,0.0,0.0,63.0,0.0,0.0,28,90,0
1,15,18,5,4,2.359375,1,1.0,1.5360257159305635,5.0,0.75,1.875,5,119,0
6,8,13,4,3,1.25,1,1.0,1.118033988749895,8.222222222222221,0.0,1.0,30,91,0
4,0,13,5,0,0.0,0,0.0,0.0,72.0,0.0,0.0,35,92,0
2,5,19,4,3,0.984375,1,1.0,0.9921567416492215,15.0,0.125,0.625,25,96,0
3,0,18,5,0,0.0,0,0.0,0.0,87.0,0.0,0.0,36,95,0
7,0,12,5,0,0.0,0,0.0,0.0,67.0,0.0,0.0,29,90,0
3,0,17,5,0,0.0,0,0.0,0.0,84.0,0.0,0.0,25,94,0
4,0,14,5,0,0.0,0,0.0,0.0,76.0,0.0,0.0,36,92,0
2,0,18,7,0,0.0,0,0.0,0.0,84.0,0.0,0.0,22,113,0
2,0,19,7,0,0.0,0,0.0,0.0,88.0,0.0,0.0,28,103,0
3,1,18,6,1,0.109375,0,0.33333322222225925,0.33071891388307384,38.5,0.0,0.125,28,108,0
6,0,17,7,0,0.0,0,0.0,0.0,71.0,0.0,0.0,30,107,0
2,1,15,8,1,0.109375,0,0.499999750000125,0.33071891388307384,32.5,0.0,0.125,17,124,0
1,2,17,7,2,0.4375,1,1.0,0.6614378277661477,29.333333333333332,0.125,0.25,2,135,0
5,7,18,5,3,1.109375,1,1.0,1.0532687216470449,10.875,0.0,0.875,37,97,0
6,8,18,6,4,2.0,1,1.0,1.4142135623730951,9.88888888888889,0.0,1.0,32,102,0
2,1,18,8,1,0.109375,0,0.499999750000125,0.33071891388307384,44.5,0.0,0.125,13,130,0
7,4,19,5,2,0.5,0,0.57142848979593,0.7071067811865476,17.2,0.0,0.5,39,98,0
1,0,15,8,0,0.0,0,0.0,0.0,78.0,0.0,0.0,13,138,0
8,1,19,6,1,0.109375,0,0.12499998437500197,0.33071891388307384,40.0,0.0,0.125,42,108,0
4,4,18,6,2,0.5,1,0.9999997500000625,0.7071067811865476,16.0,0.0,0.5,35,118,0
1,0,19,8,0,0.0,0,0.0,0.0,92.0,0.0,0.0,5,148,0
1,2,16,7,2,0.4375,1,1.0,0.6614378277661477,27.0,0.125,0.25,10,143,0
3,0,17,7,0,0.0,0,0.0,0.0,77.0,0.0,0.0,32,117,0
3,5,16,7,3,1.234375,1,1.0,1.1110243021644486,12.333333333333334,0.125,0.625,28,128,0
7,8,16,7,4,2.0,1,1.0,1.4142135623730951,7.333333333333333,0.0,1.0,32,121,0
4,1,16,8,1,0.109375,0,0.24999993750001562,0.33071891388307384,33.5,0.0,0.125,32,124,0
5,2,16,7,2,0.4375,0,0.399999920000016,0.6614378277661477,27.666666666666668,0.0,0.25,25,135,0
2,0,16,8,0,0.0,0,0.0,0.0,80.0,0.0,0.0,17,144,0
2,0,17,8,0,0.0,0,0.0,0.0,82.0,0.0,0.0,17,145,0
8,1,17,8,1,0.109375,0,0.12499998437500197,0.33071891388307384,35.5,0.0,0.125,35,124,0
4,8,20,6,3,1.25,1,1.0,1.118033988749895,10.777777777777779,0.0,1.0,19,150,0
4,14,16,5,4,1.9375,1,1.0,1.3919410907075054,5.6,0.125,1.75,25,137,0
8,1,17,8,1,0.109375,0,0.12499998437500197,0.33071891388307384,40.5,0.0,0.125,40,130,0
4,0,14,8,0,0.0,0,0.0,0.0,74.0,0.0,0.0,26,138,0
8,1,16,8,1,0.109375,0,0.12499998437500197,0.33071891388307384,36.5,0.0,0.125,36,129,0
4,2,15,7,2,0.4375,0,0.49999987500003124,0.6614378277661477,25.666666666666668,0.0,0.25,22,143,0
8,1,17,8,1,0.109375,0,0.12499998437500197,0.33071891388307384,43.0,0.0,0.125,43,132,0
8,0,18,8,0,0.0,0,0.0,0.0,84.0,0.0,0.0,31,146,0
7,3,20,7,1,0.234375,0,0.4285713673469475,0.4841229182759271,23.25,0.0,0.375,29,149,0
2,32,0,0,4,0.0,1,1.0,0.0,0.0,1.0,4.0,0,0,1
2,30,0,1,4,0.4375,1,1.0,0.6614378277661477,0.0,1.0,3.75,0,1,1
2,30,1,1,4,0.4375,1,1.0,0.6614378277661477,0.06451612903225806,1.0,3.75,0,1,1
1,9,0,6,4,2.859375,1,1.0,1.6909686573085854,0.0,0.375,1.125,0,6,1
6,15,0,5,4,3.609375,1,1.0,1.899835519196333,0.0,0.0,1.875,0,5,1
2,9,1,6,4,2.859375,1,1.0,1.6909686573085854,0.1,0.25,1.125,0,6,1
5,8,0,7,4,2.0,1,1.0,1.4142135623730951,0.0,0.0,1.0,0,9,1
3,18,0,4,4,3.4375,1,1.0,1.8540496217739157,0.0,0.5,2.25,0,3,1
8,26,0,3,4,1.9375,1,1.0,1.3919410907075054,0.0,0.0,3.25,0,2,1
7,3,0,8,3,0.984375,0,0.4285713673469475,0.9921567416492215,0.0,0.0,0.375,6,10,1
2,3,1,8,3,0.984375,1,1.0,0.9921567416492215,1.75,0.125,0.375,0,11,1
1,7,2,6,3,1.609375,1,1.0,1.2686114456365274,1.375,0.375,0.875,2,16,1
5,2,0,7,1,0.1875,0,0.399999920000016,0.4330127018922193,0.0,0.0,0.25,1,19,1
1,15,2,5,4,1.859375,1,1.0,1.3635890143294642,0.75,0.75,1.875,0,22,1
5,1,1,9,1,0.109375,0,0.199999960000008,0.33071891388307384,3.5,0.0,0.125,2,12,1
8,2,1,7,1,0.1875,0,0.24999996875000394,0.4330127018922193,1.6666666666666667,0.0,0.25,3,19,1
4,0,1,7,0,0.0,0,0.0,0.0,8.0,0.0,0.0,1,21,1
4,3,2,8,2,0.484375,0,0.7499998125000469,0.6959705453537527,3.0,0.0,0.375,5,13,1
4,15,3,5,4,1.859375,1,1.0,1.3635890143294642,0.8125,0.125,1.875,2,22,1
2,6,2,6,2,0.6875,1,1.0,0.82915619758885,1.5714285714285714,0.25,0.75,0,28,1
2,7,6,6,2,0.859375,1,1.0,0.9270248108869579,4.625,0.375,0.875,3,32,1
8,5,2,6,3,0.984375,0,0.6249999218750099,0.9921567416492215,1.1666666666666667,0.0,0.625,6,24,1
6,2,2,7,1,0.1875,0,0.33333327777778704,0.4330127018922193,3.3333333333333335,0.0,0.25,1,29,1
1,7,7,6,2,0.859375,1,1.0,0.9270248108869579,4.875,0.5,0.875,0,32,1
3,5,1,6,3,0.984375,1,1.0,0.9921567416492215,0.6666666666666666,0.125,0.625,4,24,1
2,6,3,6,2,0.6875,1,1.0,0.82915619758885,1.8571428571428572,0.25,0.75,1,28,1
6,2,3,7,1,0.1875,0,0.33333327777778704,0.4330127018922193,5.333333333333333,0.0,0.25,3,29,1
2,7,5,6,2,0.859375,1,1.0,0.9270248108869579,4.375,0.375,0.875,3,32,1
1,0,6,9,0,0.0,0,0.0,0.0,34.0,0.0,0.0,5,39,1
7,3,2,7,2,0.484375,0,0.4285713673469475,0.6959705453537527,3.5,0.0,0.375,14,31,1
1,15,7,7,4,2.109375,1,1.0,1.4523687548277813,2.9375,0.75,1.875,2,45,1
8,17,3,5,4,2.109375,1,1.0,1.4523687548277813,1.1111111111111112,0.0,2.125,15,30,1
1,1,6,8,1,0.109375,1,0.9999990000010001,0.33071891388307384,16.5,0.125,0.125,1,47,1
2,1,7,8,1,0.109375,0,0.499999750000125,0.33071891388307384,17.0,0.0,0.125,3,47,1
7,3,3,7,2,0.484375,0,0.4285713673469475,0.6959705453537527,5.25,0.0,0.375,17,31,1
2,0,6,8,0,0.0,0,0.0,0.0,33.0,0.0,0.0,8,34,1
3,0,5,9,0,0.0,0,0.0,0.0,31.0,0.0,0.0,11,37,1
7,0,7,9,0,0.0,0,0.0,0.0,35.0,0.0,0.0,19,39,1
1,2,6,8,1,0.1875,1,1.0,0.4330127018922193,10.0,0.25,0.25,2,50,1
7,7,4,6,2,0.859375,1,0.9999998571428775,0.9270248108869579,3.5,0.0,0.875,22,32,1
3,1,8,8,1,0.109375,0,0.33333322222225925,0.33071891388307384,18.0,0.0,0.125,11,47,1
3,7,10,8,2,0.859375,1,1.0,0.9270248108869579,7.875,0.0,0.875,10,54,1
1,1,13,8,1,0.109375,1,0.9999990000010001,0.33071891388307384,37.5,0.125,0.125,0,57,1
4,0,6,9,0,0.0,0,0.0,0.0,29.0,0.0,0.0,13,51,1
8,0,7,9,0,0.0,0,0.0,0.0,40.0,0.0,0.0,16,43,1
7,1,7,8,1,0.109375,0,0.1428571224489825,0.33071891388307384,16.5,0.0,0.125,15,52,1
3,1,9,8,1,0.109375,0,0.33333322222225925,0.33071891388307384,19.5,0.0,0.125,17,47,1
3,1,12,8,1,0.109375,0,0.33333322222225925,0.33071891388307384,36.0,0.0,0.125,9,56,1
2,3,8,7,2,0.484375,1,1.0,0.6959705453537527,12.75,0.125,0.375,4,65,1
3,0,8,8,0,0.0,0,0.0,0.0,50.0,0.0,0.0,10,66,1
8,1,8,8,1,0.109375,0,0.12499998437500197,0.33071891388307384,20.0,0.0,0.125,26,52,1
4,2,10,7,1,0.1875,0,0.49999987500003124,0.4330127018922193,19.0,0.0,0.25,12,62,1
1,0,10,8,0,0.0,0,0.0,0.0,66.0,0.0,0.0,1,75,1
3,1,11,8,1,0.109375,0,0.33333322222225925,0.33071891388307384,39.0,0.0,0.125,2,77,1
1,3,14,7,2,0.484375,1,1.0,0.6959705453537527,21.25,0.25,0.375,0,84,1
5,0,9,8,0,0.0,0,0.0,0.0,61.0,0.0,0.0,11,75,1
8,0,9,9,0,0.0,0,0.0,0.0,55.0,0.0,0.0,32,53,1
8,1,9,8,1,0.109375,0,0.12499998437500197,0.33071891388307384,24.0,0.0,0.125,26,52,1
5,16,12,6,4,1.75,1,1.0,1.3228756555322954,4.764705882352941,0.0,2.0,15,78,1
2,0,12,8,0,0.0,0,0.0,0.0,75.0,0.0,0.0,1,83,1
5,0,9,8,0,0.0,0,0.0,0.0,53.0,0.0,0.0,19,66,1
4,3,11,7,2,0.484375,0,0.7499998125000469,0.6959705453537527,17.5,0.0,0.375,12,79,1
4,0,11,8,0,0.0,0,0.0,0.0,71.0,0.0,0.0,20,81,1
6,1,11,8,1,0.109375,0,0.16666663888889352,0.33071891388307384,33.0,0.0,0.125,40,56,1
7,1,10,8,1,0.109375,0,0.1428571224489825,0.33071891388307384,29.5,0.0,0.125,39,55,1
8,0,9,8,0,0.0,0,0.0,0.0,51.0,0.0,0.0,34,68,1
3,3,12,6,2,0.484375,1,0.9999996666667778,0.6959705453537527,22.0,0.0,0.375,0,100,1
6,13,14,6,4,2.234375,1,1.0,1.4947825928876748,6.5,0.0,1.625,22,85,1
8,1,9,8,1,0.109375,0,0.12499998437500197,0.33071891388307384,28.5,0.0,0.125,33,73,1
6,5,12,6,2,0.734375,0,0.8333331944444675,0.8569568250501305,14.666666666666666,0.0,0.625,14,101,1
7,1,10,8,1,0.109375,0,0.1428571224489825,0.33071891388307384,35.5,0.0,0.125,34,77,1
8,5,11,6,3,0.984375,0,0.6249999218750099,0.9921567416492215,11.166666666666666,0.0,0.625,35,76,1
2,8,11,4,2,0.5,1,1.0,0.7071067811865476,9.11111111111111,0.25,1.0,6,106,1
5,6,11,4,4,1.6875,1,1.0,1.299038105676658,10.857142857142858,0.0,0.75,14,107,1
8,3,13,7,2,0.484375,0,0.3749999531250059,0.6959705453537527,19.25,0.0,0.375,36,84,1
1,3,11,4,2,0.484375,1,1.0,0.6959705453537527,15.75,0.25,0.375,9,112,1
7,9,10,5,4,1.609375,1,1.0,1.2686114456365274,7.1,0.0,1.125,27,96,1
1,15,11,3,4,1.359375,1,1.0,1.165922381636102,4.6875,0.875,1.875,1,111,1
1,0,13,6,0,0.0,0,0.0,0.0,78.0,0.0,0.0,10,118,1
1,0,13,7,0,0.0,0,0.0,0.0,77.0,0.0,0.0,4,124,1
2,15,12,3,4,1.359375,1,1.0,1.165922381636102,4.75,0.625,1.875,17,111,1
1,7,15,5,4,1.609375,1,1.0,1.2686114456365274,10.5,0.5,0.875,4,128,1
8,3,15,7,2,0.484375,0,0.3749999531250059,0.6959705453537527,21.5,0.0,0.375,43,84,1
2,1,10,7,1,0.109375,0,0.499999750000125,0.33071891388307384,34.0,0.0,0.125,4,133,1
3,0,12,6,0,0.0,0,0.0,0.0,75.0,0.0,0.0,10,118,1
8,0,12,7,0,0.0,0,0.0,0.0,79.0,0.0,0.0,43,87,1
8,9,11,5,4,1.609375,1,1.0,1.2686114456365274,7.8,0.0,1.125,35,96,1
5,0,11,7,0,0.0,0,0.0,0.0,65.0,0.0,0.0,21,122,1
8,0,9,6,0,0.0,0,0.0,0.0,55.0,0.0,0.0,33,116,1
8,3,11,6,2,0.484375,0,0.3749999531250059,0.6959705453537527,20.0,0.0,0.375,44,99,1
6,0,11,6,0,0.0,0,0.0,0.0,69.0,0.0,0.0,32,118,1
1,13,16,3,4,2.234375,1,1.0,1.4947825928876748,7.714285714285714,0.625,1.625,0,150,1
6,7,12,6,3,1.109375,1,1.0,1.0532687216470449,8.75,0.0,0.875,31,123,1
3,3,15,4,3,0.984375,1,0.9999996666667778,0.9921567416492215,25.75,0.125,0.375,0,147,1
6,0,10,6,0,0.0,0,0.0,0.0,63.0,0.0,0.0,34,116,1
8,7,13,6,3,1.109375,0,0.8749998906250137,1.0532687216470449,9.5,0.0,0.875,35,123,1
7,8,15,6,3,1.25,1,1.0,1.118033988749895,9.444444444444445,0.0,1.0,36,127,1
7,0,14,7,0,0.0,0,0.0,0.0,78.0,0.0,0.0,33,125,1
4,13,18,3,4,2.234375,1,1.0,1.4947825928876748,8.285714285714286,0.125,1.625,14,150,1
6,3,14,5,1,0.234375,0,0.49999991666668053,0.4841229182759271,24.25,0.0,0.375,25,142,1
7,8,11,7,3,1.25,1,1.0,1.118033988749895,7.777777777777778,0.0,1.0,41,131,1
7,2,11,6,1,0.1875,0,0.285714244897965,0.4330127018922193,23.333333333333332,0.0,0.25,36,137,1
7,3,12,5,1,0.234375,0,0.4285713673469475,0.4841229182759271,20.5,0.0,0.375,37,140,1
7,2,11,6,1,0.1875,0,0.285714244897965,0.4330127018922193,25.0,0.0,0.25,37,139,1
8,13,15,3,3,0.984375,1,1.0,0.9921567416492215,7.357142857142857,0.0,1.625,49,143,1
5,3,14,4,3,0.984375,0,0.599999880000024,0.9921567416492215,24.5,0.0,0.375,48,146,1
8,3,13,5,1,0.234375,0,0.3749999531250059,0.4841229182759271,22.25,0.0,0.375,48,140,1
7,3,16,4,3,0.984375,0,0.4285713673469475,0.9921567416492215,26.5,0.0,0.375,49,147,1
6,0,16,5,0,0.0,0,0.0,0.0,110.0,0.0,0.0,52,148,1
7,13,17,3,4,2.234375,1,1.0,1.4947825928876748,7.785714285714286,0.0,1.625,52,150,1
4,21,0,3,4,3.234375,1,1.0,1.79843682124227,0.0,0.625,2.625,0,2,2
5,32,0,0,4,0.0,1,1.0,0.0,0.0,0.0,4.0,0,1,2
1,9,1,6,4,2.109375,1,1.0,1.4523687548277813,0.4,0.5,1.125,0,7,2
4,32,2,0,4,0.0,1,1.0,0.0,0.21212121212121213,1.0,4.0,0,1,2
1,9,0,5,4,2.859375,1,1.0,1.6909686573085854,0.0,0.375,1.125,0,4,2
3,9,1,5,4,2.859375,1,1.0,1.6909686573085854,0.1,0.25,1.125,0,4,2
4,9,0,6,4,2.109375,1,1.0,1.4523687548277813,0.0,0.125,1.125,0,7,2
2,32,1,0,4,0.0,1,1.0,0.0,0.15151515151515152,1.0,4.0,0,1,2
8,17,0,4,4,3.609375,1,1.0,1.899835519196333,0.0,0.0,2.125,0,3,2
6,9,0,7,4,2.859375,1,1.0,1.6909686573085854,0.0,0.0,1.125,0,8,2
5,3,3,8,3,0.984375,0,0.599999880000024,0.9921567416492215,4.5,0.0,0.375,4,11,2
7,3,2,8,3,0.984375,0,0.4285713673469475,0.9921567416492215,2.75,0.0,0.375,9,11,2
7,3,1,8,3,0.984375,0,0.4285713673469475,0.9921567416492215,1.0,0.0,0.375,5,10,2
4,12,4,4,4,2.25,1,1.0,1.5,1.5384615384615385,0.125,1.5,10,15,2
4,9,1,7,4,2.859375,1,1.0,1.6909686573085854,0.6,0.25,1.125,4,8,2
1,0,3,8,0,0.0,0,0.0,0.0,19.0,0.0,0.0,5,13,2
4,0,5,7,0,0.0,0,0.0,0.0,32.0,0.0,0.0,4,28,2
5,2,7,6,2,0.4375,0,0.399999920000016,0.6614378277661477,13.666666666666666,0.0,0.25,6,24,2
5,2,6,5,2,0.4375,0,0.399999920000016,0.6614378277661477,9.666666666666666,0.0,0.25,8,18,2
6,2,5,5,2,0.4375,0,0.33333327777778704,0.6614378277661477,7.666666666666667,0.0,0.25,12,18,2
6,0,3,6,0,0.0,0,0.0,0.0,12.0,0.0,0.0,9,16,2
5,0,4,6,0,0.0,0,0.0,0.0,18.0,0.0,0.0,10,16,2
4,0,7,7,0,0.0,0,0.0,0.0,40.0,0.0,0.0,14,29,2
7,2,5,6,2,0.4375,0,0.285714244897965,0.6614378277661477,8.666666666666666,0.0,0.25,23,21,2
2,0,13,7,0,0.0,0,0.0,0.0,59.0,0.0,0.0,4,40,2
1,1,11,6,1,0.109375,1,0.9999990000010001,0.33071891388307384,26.0,0.125,0.125,0,35,2
3,1,7,6,1,0.109375,0,0.33333322222225925,0.33071891388307384,17.0,0.0,0.125,15,33,2
4,0,6,7,0,0.0,0,0.0,0.0,36.0,0.0,0.0,10,28,2
3,0,7,7,0,0.0,0,0.0,0.0,35.0,0.0,0.0,15,31,2
1,0,11,7,0,0.0,0,0.0,0.0,52.0,0.0,0.0,6,37,2
6,0,4,7,0,0.0,0,0.0,0.0,26.0,0.0,0.0,17,28,2
2,11,8,5,4,2.734375,1,1.0,1.653594569415369,3.6666666666666665,0.375,1.375,14,30,2
2,0,14,7,0,0.0,0,0.0,0.0,61.0,0.0,0.0,5,41,2
2,0,16,7,0,0.0,0,0.0,0.0,71.0,0.0,0.0,9,42,2
4,4,9,9,3,1.0,1,0.9999997500000625,1.0,9.2,0.0,0.5,8,48,2
3,1,9,6,1,0.109375,0,0.33333322222225925,0.33071891388307384,20.5,0.0,0.125,23,33,2
8,2,6,6,2,0.4375,0,0.24999996875000394,0.6614378277661477,11.0,0.0,0.25,25,24,2
4,1,8,6,1,0.109375,0,0.24999993750001562,0.33071891388307384,18.5,0.0,0.125,22,33,2
5,4,12,6,3,1.0,0,0.799999840000032,1.0,10.6,0.0,0.5,22,38,2
8,1,10,6,1,0.109375,0,0.12499998437500197,0.33071891388307384,22.0,0.0,0.125,26,35,2
2,11,6,4,4,1.734375,1,1.0,1.3169567191065923,3.0,0.5,1.375,0,69,2
4,7,6,7,3,0.859375,1,1.0,0.9270248108869579,4.125,0.0,0.875,9,56,2
4,0,5,6,0,0.0,0,0.0,0.0,32.0,0.0,0.0,5,66,2
4,0,5,6,0,0.0,0,0.0,0.0,32.0,0.0,0.0,6,63,2
5,0,12,7,0,0.0,0,0.0,0.0,54.0,0.0,0.0,29,40,2
3,11,5,5,4,2.484375,1,1.0,1.5761900266148114,3.0,0.375,1.375,0,74,2
8,0,15,7,0,0.0,0,0.0,0.0,63.0,0.0,0.0,33,41,2
8,0,5,9,0,0.0,0,0.0,0.0,30.0,0.0,0.0,20,57,2
4,4,5,6,3,1.0,1,0.9999997500000625,1.0,7.0,0.0,0.5,2,71,2
1,0,6,6,0,0.0,0,0.0,0.0,36.0,0.0,0.0,1,79,2
1,0,5,6,0,0.0,0,0.0,0.0,35.0,0.0,0.0,2,78,2
2,4,8,5,2,0.5,1,1.0,0.7071067811865476,8.8,0.125,0.5,0,80,2
3,3,8,8,2,0.484375,1,0.9999996666667778,0.6959705453537527,13.5,0.0,0.375,0,89,2
2,1,8,8,1,0.109375,0,0.499999750000125,0.33071891388307384,27.0,0.0,0.125,2,91,2
8,4,4,6,3,1.0,0,0.4999999375000079,1.0,5.4,0.0,0.5,16,71,2
7,0,6,9,0,0.0,0,0.0,0.0,38.0,0.0,0.0,29,57,2
1,4,8,7,2,0.5,1,1.0,0.7071067811865476,10.8,0.375,0.5,0,88,2
5,0,6,8,0,0.0,0,0.0,0.0,42.0,0.0,0.0,14,81,2
4,0,10,8,0,0.0,0,0.0,0.0,67.0,0.0,0.0,2,85,2
5,0,5,7,0,0.0,0,0.0,0.0,35.0,0.0,0.0,15,72,2
1,10,9,5,4,2.9375,1,1.0,1.713913650100261,5.181818181818182,0.375,1.25,0,100,2
8,8,5,5,3,1.5,1,0.9999998750000157,1.224744871391589,3.888888888888889,0.0,1.0,27,77,2
7,0,7,6,0,0.0,0,0.0,0.0,37.0,0.0,0.0,25,79,2
7,4,4,6,3,1.0,0,0.57142848979593,1.0,5.6,0.0,0.5,24,76,2
2,15,12,4,4,2.109375,1,1.0,1.4523687548277813,4.3125,0.625,1.875,3,104,2
4,5,8,6,4,1.734375,1,1.0,1.3169567191065923,9.0,0.125,0.625,10,95,2
4,0,8,7,0,0.0,0,0.0,0.0,53.0,0.0,0.0,9,97,2
8,0,7,8,0,0.0,0,0.0,0.0,47.0,0.0,0.0,28,83,2
3,2,11,7,2,0.4375,0,0.6666664444445185,0.6614378277661477,22.0,0.0,0.25,15,103,2
3,2,10,7,2,0.4375,0,0.6666664444445185,0.6614378277661477,21.0,0.0,0.25,14,103,2
6,0,8,8,0,0.0,0,0.0,0.0,55.0,0.0,0.0,29,83,2
1,0,9,6,0,0.0,0,0.0,0.0,51.0,0.0,0.0,2,110,2
7,0,11,8,0,0.0,0,0.0,0.0,71.0,0.0,0.0,35,85,2
1,0,10,7,0,0.0,0,0.0,0.0,46.0,0.0,0.0,6,122,2
6,2,8,7,2,0.4375,0,0.33333327777778704,0.6614378277661477,16.666666666666668,0.0,0.25,17,103,2
6,0,9,8,0,0.0,0,0.0,0.0,61.0,0.0,0.0,33,84,2
1,0,14,7,0,0.0,0,0.0,0.0,66.0,0.0,0.0,4,127,2
2,0,9,7,0,0.0,0,0.0,0.0,49.0,0.0,0.0,15,113,2
3,0,12,7,0,0.0,0,0.0,0.0,63.0,0.0,0.0,14,116,2
5,8,10,5,4,2.0,1,1.0,1.4142135623730951,5.777777777777778,0.0,1.0,25,111,2
5,0,8,6,0,0.0,0,0.0,0.0,46.0,0.0,0.0,22,109,2
2,9,13,5,4,1.859375,1,1.0,1.3635890143294642,6.6,0.375,1.125,18,117,2
1,6,13,7,3,0.9375,1,1.0,0.9682458365518543,9.0,0.5,0.75,0,136,2
7,0,8,7,0,0.0,0,0.0,0.0,42.0,0.0,0.0,24,113,2
1,0,14,8,0,0.0,0,0.0,0.0,71.0,0.0,0.0,7,139,2
7,2,9,7,2,0.4375,0,0.285714244897965,0.6614378277661477,18.666666666666668,0.0,0.25,32,103,2
4,0,12,7,0,0.0,0,0.0,0.0,55.0,0.0,0.0,25,123,2
2,0,15,7,0,0.0,0,0.0,0.0,67.0,0.0,0.0,14,127,2
3,0,9,7,0,0.0,0,0.0,0.0,43.0,0.0,0.0,20,122,2
3,1,12,8,1,0.109375,0,0.33333322222225925,0.33071891388307384,30.5,0.0,0.125,14,134,2
4,1,11,8,1,0.109375,0,0.24999993750001562,0.33071891388307384,28.5,0.0,0.125,21,134,2
1,0,17,8,0,0.0,0,0.0,0.0,80.0,0.0,0.0,11,145,2
4,0,10,7,0,0.0,0,0.0,0.0,51.0,0.0,0.0,32,114,2
2,0,14,8,0,0.0,0,0.0,0.0,68.0,0.0,0.0,13,143,2
1,3,14,7,2,0.484375,1,1.0,0.6959705453537527,17.5,0.25,0.375,8,142,2
2,9,13,6,4,1.609375,1,1.0,1.2686114456365274,6.4,0.25,1.125,21,135,2
3,0,17,9,0,0.0,0,0.0,0.0,82.0,0.0,0.0,12,147,2
8,0,11,7,0,0.0,0,0.0,0.0,55.0,0.0,0.0,38,115,2
7,0,13,7,0,0.0,0,0.0,0.0,59.0,0.0,0.0,27,127,2
4,0,15,8,0,0.0,0,0.0,0.0,70.0,0.0,0.0,17,144,2
6,6,12,7,3,0.9375,1,0.9999998333333611,0.9682458365518543,8.142857142857142,0.0,0.75,30,136,2
2,1,18,8,1,0.109375,0,0.499999750000125,0.33071891388307384,43.5,0.0,0.125,17,150,2
7,6,14,7,3,0.9375,0,0.857142734693895,0.9682458365518543,9.142857142857142,0.0,0.75,38,136,2
7,7,13,7,4,1.859375,1,0.9999998571428775,1.3635890143294642,8.125,0.0,0.875,41,137,2
5,7,18,7,2,0.609375,1,1.0,0.7806247497997998,10.625,0.0,0.875,24,148,2
8,0,11,7,0,0.0,0,0.0,0.0,47.0,0.0,0.0,50,123,2
6,0,16,8,0,0.0,0,0.0,0.0,74.0,0.0,0.0,42,144,2
4,0,17,9,0,0.0,0,0.0,0.0,83.0,0.0,0.0,31,149,2
6,0,13,8,0,0.0,0,0.0,0.0,65.0,0.0,0.0,44,138,2
6,0,18,8,0,0.0,0,0.0,0.0,81.0,0.0,0.0,43,145,2
6,23,0,2,4,2.859375,1,1.0,1.6909686573085854,0.0,0.0,2.875,0,5,3
3,17,0,3,4,3.609375,1,1.0,1.899835519196333,0.0,0.5,2.125,0,7,3
6,32,0,0,4,0.0,1,1.0,0.0,0.0,0.0,4.0,0,0,3
8,14,0,4,4,3.4375,1,1.0,1.8540496217739157,0.0,0.0,1.75,0,8,3
2,6,0,5,4,1.9375,1,1.0,1.3919410907075054,0.0,0.25,0.75,0,9,3
3,32,1,0,4,0.0,1,1.0,0.0,0.18181818181818182,1.0,4.0,0,0,3
7,13,0,4,4,2.984375,1,1.0,1.7275343701356567,0.0,0.0,1.625,0,12,3
1,20,0,3,4,2.75,1,1.0,1.6583123951777,0.0,0.75,2.5,0,15,3
7,19,0,4,4,2.484375,1,1.0,1.5761900266148114,0.0,0.0,2.375,0,17,3
1,14,1,4,4,3.4375,1,1.0,1.8540496217739157,0.4,0.5,1.75,0,21,3
2,7,0,6,4,1.859375,1,1.0,1.3635890143294642,0.0,0.25,0.875,0,23,3
6,14,0,4,4,3.4375,1,1.0,1.8540496217739157,0.0,0.0,1.75,0,21,3
3,9,0,7,3,1.359375,1,1.0,1.165922381636102,0.0,0.125,1.125,0,25,3
7,24,1,2,4,2.0,1,1.0,1.4142135623730951,0.12,0.0,3.0,0,20,3
3,24,0,2,4,2.0,1,1.0,1.4142135623730951,0.0,0.625,3.0,0,20,3
2,3,2,8,2,0.484375,1,1.0,0.6959705453537527,3.0,0.125,0.375,0,31,3
1,14,2,4,4,3.4375,1,1.0,1.8540496217739157,0.4666666666666667,0.5,1.75,0,21,3
5,3,1,8,2,0.484375,0,0.599999880000024,0.6959705453537527,1.75,0.0,0.375,5,30,3
6,9,2,7,4,1.609375,1,1.0,1.2686114456365274,1.2,0.0,1.125,2,34,3
1,7,1,7,4,2.359375,1,1.0,1.5360257159305635,0.75,0.25,0.875,0,36,3
3,5,0,7,4,1.734375,1,1.0,1.3169567191065923,0.0,0.125,0.625,0,24,3
4,6,0,8,2,0.9375,1,1.0,0.9682458365518543,0.0,0.0,0.75,0,26,3
5,5,2,7,2,0.484375,1,0.99999980000004,0.6959705453537527,2.5,0.0,0.625,0,40,3
1,5,1,7,2,0.484375,1,1.0,0.6959705453537527,1.3333333333333333,0.5,0.625,0,38,3
1,0,2,8,0,0.0,0,0.0,0.0,15.0,0.0,0.0,1,41,3
7,2,0,9,2,0.4375,0,0.285714244897965,0.6614378277661477,0.0,0.0,0.25,7,27,3
6,6,1,6,3,1.1875,1,0.9999998333333611,1.0897247358851685,1.0,0.0,0.75,0,44,3
7,5,1,7,2,0.484375,0,0.7142856122449125,0.6959705453537527,1.3333333333333333,0.0,0.625,7,39,3
4,6,2,6,3,1.1875,1,1.0,1.0897247358851685,1.8571428571428572,0.0,0.75,7,44,3
1,9,3,5,3,1.109375,1,1.0,1.0532687216470449,1.8,0.625,1.125,0,46,3
8,7,2,7,4,2.359375,0,0.8749998906250137,1.5360257159305635,0.875,0.0,0.875,6,36,3
5,1,2,7,1,0.109375,0,0.199999960000008,0.33071891388307384,5.5,0.0,0.125,4,47,3
3,1,3,6,1,0.109375,0,0.33333322222225925,0.33071891388307384,10.0,0.0,0.125,2,56,3
1,14,4,4,4,1.9375,1,1.0,1.3919410907075054,1.5333333333333334,0.75,1.75,1,57,3
6,3,4,5,1,0.234375,0,0.49999991666668053,0.4841229182759271,5.75,0.0,0.375,12,49,3
7,0,2,7,0,0.0,0,0.0,0.0,11.0,0.0,0.0,12,45,3
7,2,3,6,1,0.1875,0,0.285714244897965,0.4330127018922193,5.333333333333333,0.0,0.25,9,48,3
2,6,7,6,3,1.6875,1,1.0,1.299038105676658,6.714285714285714,0.25,0.75,0,70,3
1,3,8,8,3,0.984375,1,1.0,0.9921567416492215,13.25,0.125,0.375,0,72,3
3,1,2,6,1,0.109375,0,0.33333322222225925,0.33071891388307384,5.0,0.0,0.125,1,60,3
4,1,1,6,1,0.109375,0,0.24999993750001562,0.33071891388307384,3.0,0.0,0.125,8,59,3
7,0,2,7,0,0.0,0,0.0,0.0,12.0,0.0,0.0,11,62,3
3,3,5,6,2,0.484375,1,0.9999996666667778,0.6959705453537527,9.5,0.0,0.375,0,69,3
2,0,4,7,0,0.0,0,0.0,0.0,27.0,0.0,0.0,2,65,3
2,3,7,8,3,0.984375,1,1.0,0.9921567416492215,12.75,0.125,0.375,0,72,3
1,3,6,6,2,0.484375,1,1.0,0.6959705453537527,10.25,0.25,0.375,1,69,3
4,2,9,6,2,0.4375,0,0.49999987500003124,0.6614378277661477,19.0,0.0,0.25,3,83,3
1,4,13,5,2,0.75,1,1.0,0.8660254037844386,16.0,0.25,0.5,2,86,3
7,3,4,6,2,0.484375,0,0.4285713673469475,0.6959705453537527,7.75,0.0,0.375,7,69,3
3,0,14,6,0,0.0,0,0.0,0.0,86.0,0.0,0.0,2,89,3
8,9,3,5,3,1.609375,1,1.0,1.2686114456365274,1.3,0.0,1.125,18,61,3
8,0,3,7,0,0.0,0,0.0,0.0,19.0,0.0,0.0,16,63,3
4,0,7,10,0,0.0,0,0.0,0.0,52.0,0.0,0.0,5,75,3
8,8,5,5,4,1.5,1,0.9999998750000157,1.224744871391589,3.2222222222222223,0.0,1.0,29,67,3
5,3,6,8,3,0.984375,0,0.599999880000024,0.9921567416492215,11.5,0.0,0.375,26,71,3
3,4,16,5,2,0.5,1,1.0,0.7071067811865476,19.4,0.0,0.5,0,100,3
4,2,17,5,1,0.1875,0,0.49999987500003124,0.4330127018922193,33.333333333333336,0.0,0.25,2,95,3
5,7,8,9,4,2.359375,1,1.0,1.5360257159305635,7.0,0.0,0.875,29,76,3
8,3,7,6,2,0.484375,0,0.3749999531250059,0.6959705453537527,10.5,0.0,0.375,28,69,3
8,7,7,9,3,1.109375,0,0.8749998906250137,1.0532687216470449,6.375,0.0,0.875,31,73,3
3,1,15,6,1,0.109375,0,0.33333322222225925,0.33071891388307384,46.0,0.0,0.125,4,92,3
2,6,19,5,4,1.6875,1,1.0,1.299038105676658,15.714285714285714,0.125,0.75,9,105,3
3,4,17,5,2,0.5,1,1.0,0.7071067811865476,20.0,0.0,0.5,7,100,3
5,17,8,5,4,2.359375,1,1.0,1.5360257159305635,3.0,0.0,2.125,33,79,3
5,2,6,6,2,0.4375,0,0.399999920000016,0.6614378277661477,13.0,0.0,0.25,31,81,3
7,2,7,6,2,0.4375,0,0.285714244897965,0.6614378277661477,14.666666666666666,0.0,0.25,31,82,3
4,1,17,6,1,0.109375,0,0.24999993750001562,0.33071891388307384,50.0,0.0,0.125,15,101,3
6,2,8,6,2,0.4375,0,0.33333327777778704,0.6614378277661477,17.0,0.0,0.25,32,82,3
1,0,15,7,0,0.0,0,0.0,0.0,97.0,0.0,0.0,2,123,3
5,2,11,6,2,0.4375,0,0.399999920000016,0.6614378277661477,22.333333333333332,0.0,0.25,38,84,3
2,1,19,6,1,0.109375,0,0.499999750000125,0.33071891388307384,53.0,0.0,0.125,11,109,3
6,2,10,6,2,0.4375,0,0.33333327777778704,0.6614378277661477,20.333333333333332,0.0,0.25,37,84,3
2,6,20,5,4,1.6875,1,1.0,1.299038105676658,16.0,0.125,0.75,14,105,3
5,4,14,5,2,0.75,0,0.799999840000032,0.8660254037844386,16.2,0.0,0.5,39,86,3
1,7,16,6,4,2.359375,1,1.0,1.5360257159305635,12.25,0.25,0.875,0,125,3
2,0,15,9,0,0.0,0,0.0,0.0,98.0,0.0,0.0,4,126,3
2,0,17,9,0,0.0,0,0.0,0.0,101.0,0.0,0.0,7,126,3
1,0,16,9,0,0.0,0,0.0,0.0,100.0,0.0,0.0,4,126,3
5,0,14,6,0,0.0,0,0.0,0.0,82.0,0.0,0.0,46,87,3
1,1,16,10,1,0.109375,1,0.9999990000010001,0.33071891388307384,50.0,0.125,0.125,0,131,3
5,1,16,6,1,0.109375,0,0.199999960000008,0.33071891388307384,47.5,0.0,0.125,40,94,3
8,2,12,6,2,0.4375,0,0.24999996875000394,0.6614378277661477,24.0,0.0,0.25,53,85,3
6,4,15,5,2,0.75,0,0.6666665555555741,0.8660254037844386,17.8,0.0,0.5,52,91,3
6,9,19,5,4,1.859375,1,1.0,1.3635890143294642,11.2,0.0,1.125,40,104,3
5,10,20,4,4,1.9375,1,1.0,1.3919410907075054,9.818181818181818,0.0,1.25,31,112,3
1,7,17,9,3,1.109375,1,1.0,1.0532687216470449,13.0,0.5,0.875,6,133,3
7,17,17,3,4,2.359375,1,1.0,1.5360257159305635,5.555555555555555,0.0,2.125,54,97,3
1,6,19,6,3,0.9375,1,1.0,0.9682458365518543,17.0,0.5,0.75,1,144,3
7,4,15,5,2,0.5,0,0.57142848979593,0.7071067811865476,18.0,0.0,0.5,55,98,3
5,0,16,11,0,0.0,0,0.0,0.0,101.0,0.0,0.0,21,135,3
7,17,16,3,4,2.359375,1,1.0,1.5360257159305635,5.166666666666667,0.0,2.125,54,97,3
4,0,16,11,0,0.0,0,0.0,0.0,100.0,0.0,0.0,17,132,3
7,1,17,7,1,0.109375,0,0.1428571224489825,0.33071891388307384,47.5,0.0,0.125,53,115,3
7,9,18,5,3,1.609375,1,1.0,1.2686114456365274,9.6,0.0,1.125,48,114,3
8,1,18,6,1,0.109375,0,0.12499998437500197,0.33071891388307384,52.0,0.0,0.125,57,103,3
6,2,18,6,2,0.4375,0,0.33333327777778704,0.6614378277661477,35.333333333333336,0.0,0.25,43,119,3
3,0,19,11,0,0.0,0,0.0,0.0,119.0,0.0,0.0,32,137,3
8,4,18,6,3,1.0,0,0.4999999375000079,1.0,20.4,0.0,0.5,58,116,3
6,0,14,9,0,0.0,0,0.0,0.0,92.0,0.0,0.0,49,126,3
5,0,18,11,0,0.0,0,0.0,0.0,114.0,0.0,0.0,42,136,3
8,5,16,10,3,0.984375,0,0.6249999218750099,0.9921567416492215,16.333333333333332,0.0,0.625,43,134,3
8,0,17,11,0,0.0,0,0.0,0.0,106.0,0.0,0.0,50,135,3
4,1,19,10,1,0.109375,0,0.24999993750001562,0.33071891388307384,59.5,0.0,0.125,39,142,3
7,11,20,6,3,1.484375,1,1.0,1.2183492931011204,10.25,0.0,1.375,50,143,3
6,1,18,10,1,0.109375,0,0.16666663888889352,0.33071891388307384,56.5,0.0,0.125,45,141,3
6,6,20,6,3,0.9375,1,0.9999998333333611,0.9682458365518543,17.142857142857142,0.0,0.75,46,144,3
8,5,22,6,3,0.984375,0,0.6249999218750099,0.9921567416492215,22.0,0.0,0.625,52,149,3
4,0,20,7,0,0.0,0,0.0,0.0,123.0,0.0,0.0,46,147,3
4,6,21,6,3,0.9375,1,1.0,0.9682458365518543,18.0,0.0,0.75,49,144,3
5,0,21,7,0,0.0,0,0.0,0.0,127.0,0.0,0.0,50,147,3
4,32,2,0,4,0.0,1,1.0,0.0,0.21212121212121213,1.0,4.0,0,0,4
6,32,0,0,4,0.0,1,1.0,0.0,0.0,0.0,4.0,0,0,4
1,32,1,0,4,0.0,1,1.0,0.0,0.18181818181818182,1.0,4.0,0,0,4
2,12,1,5,4,3.75,1,1.0,1.9364916731037085,0.5384615384615384,0.375,1.5,0,9,4
7,12,0,5,4,3.75,1,1.0,1.9364916731037085,0.0,0.0,1.5,0,9,4
3,21,0,3,4,3.234375,1,1.0,1.79843682124227,0.0,0.625,2.625,0,7,4
4,3,1,7,3,0.984375,0,0.7499998125000469,0.9921567416492215,1.75,0.0,0.375,4,13,4
6,18,0,4,4,3.4375,1,1.0,1.8540496217739157,0.0,0.0,2.25,0,8,4
7,3,0,7,3,0.984375,0,0.4285713673469475,0.9921567416492215,0.0,0.0,0.375,5,10,4
5,0,3,7,0,0.0,0,0.0,0.0,13.0,0.0,0.0,5,16,4
3,7,3,6,3,1.609375,1,1.0,1.2686114456365274,2.125,0.25,0.875,2,15,4
6,7,2,6,3,1.609375,1,1.0,1.2686114456365274,1.375,0.0,0.875,5,15,4
7,0,4,7,0,0.0,0,0.0,0.0,18.0,0.0,0.0,10,16,4
7,0,5,7,0,0.0,0,0.0,0.0,25.0,0.0,0.0,12,16,4
6,7,6,5,4,2.359375,1,1.0,1.5360257159305635,4.0,0.0,0.875,15,17,4
7,2,7,6,1,0.1875,0,0.285714244897965,0.4330127018922193,13.666666666666666,0.0,0.25,15,19,4
4,1,9,6,1,0.109375,0,0.24999993750001562,0.33071891388307384,27.5,0.0,0.125,12,22,4
4,2,6,6,1,0.1875,0,0.49999987500003124,0.4330127018922193,12.333333333333334,0.0,0.25,7,18,4
2,6,8,5,2,0.6875,1,1.0,0.82915619758885,7.142857142857143,0.25,0.75,8,21,4
8,2,8,6,1,0.1875,0,0.24999996875000394,0.4330127018922193,16.0,0.0,0.25,19,19,4
4,3,5,6,3,0.984375,0,0.7499998125000469,0.9921567416492215,7.5,0.0,0.375,9,37,4
6,7,7,5,4,2.359375,1,1.0,1.5360257159305635,4.75,0.0,0.875,17,17,4
4,0,7,6,0,0.0,0,0.0,0.0,43.0,0.0,0.0,10,33,4
4,5,8,5,2,0.734375,1,1.0,0.8569568250501305,7.833333333333333,0.0,0.625,13,29,4
4,3,6,6,3,0.984375,0,0.7499998125000469,0.9921567416492215,8.5,0.0,0.375,14,37,4
8,6,9,5,2,0.6875,0,0.7499999062500118,0.82915619758885,7.428571428571429,0.0,0.75,19,21,4
2,4,6,5,4,1.75,1,1.0,1.3228756555322954,5.6,0.125,0.5,10,43,4
6,7,9,5,4,1.859375,1,1.0,1.3635890143294642,6.875,0.0,0.875,20,26,4
4,10,7,4,3,1.1875,1,1.0,1.0897247358851685,2.909090909090909,0.0,1.25,10,46,4
1,0,7,6,0,0.0,0,0.0,0.0,31.0,0.0,0.0,5,48,4
2,1,7,6,1,0.109375,0,0.499999750000125,0.33071891388307384,19.0,0.0,0.125,14,39,4
6,0,6,6,0,0.0,0,0.0,0.0,26.0,0.0,0.0,15,45,4
3,5,8,7,4,1.734375,1,1.0,1.3169567191065923,7.0,0.125,0.625,6,56,4
3,0,8,6,0,0.0,0,0.0,0.0,32.0,0.0,0.0,13,49,4
8,1,6,6,1,0.109375,0,0.12499998437500197,0.33071891388307384,15.0,0.0,0.125,18,39,4
5,0,6,6,0,0.0,0,0.0,0.0,26.0,0.0,0.0,13,47,4
1,11,7,5,4,2.234375,1,1.0,1.4947825928876748,2.75,0.5,1.375,8,60,4
4,0,9,6,0,0.0,0,0.0,0.0,35.0,0.0,0.0,12,50,4
6,6,9,5,3,1.1875,1,0.9999998333333611,1.0897247358851685,5.0,0.0,0.75,17,53,4
2,0,6,7,0,0.0,0,0.0,0.0,23.0,0.0,0.0,8,61,4
2,0,4,9,0,0.0,0,0.0,0.0,27.0,0.0,0.0,1,73,4
1,1,4,9,1,0.109375,1,0.9999990000010001,0.33071891388307384,13.5,0.125,0.125,0,75,4
7,0,5,8,0,0.0,0,0.0,0.0,22.0,0.0,0.0,13,65,4
6,5,7,7,4,1.734375,0,0.8333331944444675,1.3169567191065923,6.0,0.0,0.625,20,56,4
5,4,6,8,3,1.0,0,0.799999840000032,1.0,8.0,0.0,0.5,5,79,4
2,3,5,7,2,0.484375,1,1.0,0.6959705453537527,7.0,0.125,0.375,0,72,4
1,2,5,7,1,0.1875,1,1.0,0.4330127018922193,9.333333333333334,0.25,0.25,3,69,4
1,4,8,8,3,1.0,1,1.0,1.0,9.4,0.25,0.5,0,82,4
2,4,7,8,3,1.0,1,1.0,1.0,9.0,0.125,0.5,0,82,4
7,2,6,7,1,0.1875,0,0.285714244897965,0.4330127018922193,9.666666666666666,0.0,0.25,19,69,4
7,0,4,8,0,0.0,0,0.0,0.0,15.0,0.0,0.0,13,64,4
2,1,9,10,1,0.109375,0,0.499999750000125,0.33071891388307384,27.0,0.0,0.125,7,83,4
2,0,12,9,0,0.0,0,0.0,0.0,61.0,0.0,0.0,5,86,4
1,1,14,8,1,0.109375,1,0.9999990000010001,0.33071891388307384,31.5,0.125,0.125,0,89,4
6,8,5,8,4,2.25,1,1.0,1.5,3.6666666666666665,0.0,1.0,17,77,4
6,1,5,9,1,0.109375,0,0.16666663888889352,0.33071891388307384,14.0,0.0,0.125,15,75,4
3,4,10,8,3,1.0,1,1.0,1.0,10.8,0.125,0.5,8,82,4
4,5,10,8,2,0.484375,1,1.0,0.6959705453537527,9.333333333333334,0.0,0.625,9,84,4
1,0,14,9,0,0.0,0,0.0,0.0,74.0,0.0,0.0,3,97,4
6,1,6,9,1,0.109375,0,0.16666663888889352,0.33071891388307384,17.0,0.0,0.125,18,75,4
3,0,10,9,0,0.0,0,0.0,0.0,55.0,0.0,0.0,11,85,4
1,8,11,7,3,1.5,1,1.0,1.224744871391589,6.222222222222222,0.5,1.0,0,94,4
8,11,5,7,4,1.984375,1,1.0,1.4086784586980805,2.6666666666666665,0.0,1.375,27,78,4
7,4,5,8,3,1.0,0,0.57142848979593,1.0,6.6,0.0,0.5,27,79,4
3,0,11,9,0,0.0,0,0.0,0.0,58.0,0.0,0.0,24,86,4
6,4,9,8,3,1.0,0,0.6666665555555741,1.0,9.6,0.0,0.5,25,82,4
1,4,22,6,2,0.5,1,1.0,0.7071067811865476,23.2,0.375,0.5,1,111,4
4,1,13,8,1,0.109375,0,0.24999993750001562,0.33071891388307384,29.5,0.0,0.125,22,89,4
5,2,12,9,2,0.4375,0,0.399999920000016,0.6614378277661477,20.0,0.0,0.25,24,91,4
5,1,11,9,1,0.109375,0,0.199999960000008,0.33071891388307384,29.0,0.0,0.125,21,95,4
1,2,17,7,1,0.1875,1,1.0,0.4330127018922193,30.666666666666668,0.25,0.25,0,120,4
3,1,13,8,1,0.109375,0,0.33333322222225925,0.33071891388307384,31.5,0.0,0.125,23,87,4
8,11,14,7,4,1.234375,1,1.0,1.1110243021644486,5.25,0.0,1.375,22,90,4
3,8,10,7,3,1.5,1,1.0,1.224744871391589,5.888888888888889,0.25,1.0,21,94,4
2,6,20,6,2,0.9375,1,1.0,0.9682458365518543,15.0,0.375,0.75,8,107,4
6,3,13,8,2,0.484375,0,0.49999991666668053,0.6959705453537527,16.5,0.0,0.375,26,96,4
3,3,12,8,2,0.484375,1,0.9999996666667778,0.6959705453537527,15.75,0.0,0.375,25,96,4
3,2,19,8,1,0.1875,0,0.6666664444445185,0.4330127018922193,34.333333333333336,0.0,0.25,29,104,4
8,8,12,7,3,1.5,1,0.9999998750000157,1.224744871391589,6.333333333333333,0.0,1.0,36,94,4
4,2,18,8,1,0.1875,0,0.49999987500003124,0.4330127018922193,33.0,0.0,0.25,28,103,4
5,0,13,9,0,0.0,0,0.0,0.0,69.0,0.0,0.0,29,97,4
3,2,17,8,1,0.1875,0,0.6666664444445185,0.4330127018922193,32.0,0.0,0.25,27,103,4
3,7,21,5,3,1.109375,1,1.0,1.0532687216470449,13.125,0.125,0.875,28,110,4
6,2,16,8,1,0.1875,0,0.33333327777778704,0.4330127018922193,30.0,0.0,0.25,34,101,4
3,9,22,5,3,1.359375,1,1.0,1.165922381636102,11.3,0.125,1.125,30,112,4
5,5,17,7,3,0.984375,1,0.99999980000004,0.9921567416492215,15.333333333333334,0.0,0.625,25,121,4
8,0,15,9,0,0.0,0,0.0,0.0,75.0,0.0,0.0,45,99,4
4,7,20,5,3,1.109375,1,1.0,1.0532687216470449,12.625,0.0,0.875,34,110,4
6,6,19,6,2,0.9375,1,0.9999998333333611,0.9682458365518543,14.142857142857142,0.0,0.75,40,107,4
3,6,17,6,4,1.6875,1,1.0,1.299038105676658,14.714285714285714,0.125,0.75,16,135,4
1,6,16,5,2,0.6875,1,1.0,0.82915619758885,13.714285714285714,0.5,0.75,12,147,4
6,7,23,5,3,1.109375,1,1.0,1.0532687216470449,14.5,0.0,0.875,40,110,4
1,0,18,6,0,0.0,0,0.0,0.0,99.0,0.0,0.0,13,149,4
5,1,16,8,1,0.109375,0,0.199999960000008,0.33071891388307384,44.0,0.0,0.125,34,123,4
2,0,16,7,0,0.0,0,0.0,0.0,99.0,0.0,0.0,14,145,4
8,2,15,8,1,0.1875,0,0.24999996875000394,0.4330127018922193,27.333333333333332,0.0,0.25,57,101,4
8,7,22,5,3,1.109375,0,0.8749998906250137,1.0532687216470449,13.5,0.0,0.875,57,110,4
1,6,17,5,2,0.6875,1,1.0,0.82915619758885,13.857142857142858,0.5,0.75,12,147,4
8,9,19,6,3,0.859375,1,1.0,0.9270248108869579,9.8,0.0,1.125,56,106,4
5,0,17,7,0,0.0,0,0.0,0.0,104.0,0.0,0.0,31,139,4
4,6,19,5,4,1.6875,1,1.0,1.299038105676658,14.285714285714286,0.125,0.75,24,150,4
6,13,18,5,3,0.734375,1,1.0,0.8569568250501305,7.285714285714286,0.0,1.625,50,130,4
8,2,17,7,1,0.1875,0,0.24999996875000394,0.4330127018922193,31.333333333333332,0.0,0.25,47,129,4
6,1,17,8,1,0.109375,0,0.16666663888889352,0.33071891388307384,46.5,0.0,0.125,49,125,4
5,0,17,7,0,0.0,0,0.0,0.0,106.0,0.0,0.0,40,143,4
6,6,16,6,4,1.6875,1,0.9999998333333611,1.299038105676658,13.857142857142858,0.0,0.75,51,135,4
7,5,17,6,2,0.484375,0,0.7142856122449125,0.6959705453537527,16.166666666666668,0.0,0.625,51,131,4
7,6,18,6,4,1.6875,0,0.857142734693895,1.299038105676658,15.142857142857142,0.0,0.75,54,135,4
7,0,17,6,0,0.0,0,0.0,0.0,92.0,0.0,0.0,43,148,4
8,6,20,5,4,1.6875,0,0.7499999062500118,1.299038105676658,14.857142857142858,0.0,0.75,43,150,4
3,30,0,1,4,0.4375,1,1.0,0.6614378277661477,0.0,0.875,3.75,0,1,5
3,20,0,3,4,3.75,1,1.0,1.9364916731037085,0.0,0.625,2.5,0,3,5
7,30,1,1,4,0.4375,1,1.0,0.6614378277661477,0.0967741935483871,0.0,3.75,0,1,5
7,8,0,5,4,2.25,1,1.0,1.5,0.0,0.0,1.0,0,10,5
4,17,0,4,4,3.609375,1,1.0,1.899835519196333,0.0,0.5,2.125,0,5,5
2,32,0,0,4,0.0,1,1.0,0.0,0.0,1.0,4.0,0,0,5
4,9,0,5,4,1.859375,1,1.0,1.3635890143294642,0.0,0.125,1.125,0,9,5
6,1,0,6,1,0.109375,0,0.16666663888889352,0.33071891388307384,0.0,0.0,0.125,1,12,5
6,11,0,5,4,2.484375,1,1.0,1.5761900266148114,0.0,0.0,1.375,0,17,5
7,13,0,5,4,3.484375,1,1.0,1.8666480653835098,0.0,0.0,1.625,0,7,5
3,9,0,5,4,2.109375,1,1.0,1.4523687548277813,0.0,0.25,1.125,0,18,5
3,7,1,6,3,1.609375,1,1.0,1.2686114456365274,0.5,0.25,0.875,0,20,5
4,7,0,6,3,1.609375,1,1.0,1.2686114456365274,0.0,0.0,0.875,0,20,5
6,6,2,7,3,1.6875,1,0.9999998333333611,1.299038105676658,2.0,0.0,0.75,0,23,5
2,13,0,4,4,2.734375,1,1.0,1.653594569415369,0.0,0.375,1.625,0,16,5
2,11,1,5,4,2.484375,1,1.0,1.5761900266148114,0.5,0.375,1.375,0,17,5
1,13,5,6,3,1.984375,1,1.0,1.4086784586980805,1.7857142857142858,0.625,1.625,0,31,5
5,12,0,5,4,2.25,1,1.0,1.5,0.0,0.0,1.5,0,19,5
1,7,3,7,4,1.859375,1,1.0,1.3635890143294642,2.25,0.375,0.875,1,26,5
7,6,0,7,3,1.6875,0,0.857142734693895,1.299038105676658,0.0,0.0,0.75,3,23,5
2,7,5,7,4,1.859375,1,1.0,1.3635890143294642,3.0,0.25,0.875,1,26,5
7,6,1,7,3,1.6875,0,0.857142734693895,1.299038105676658,1.0,0.0,0.75,8,23,5
4,0,2,8,0,0.0,0,0.0,0.0,14.0,0.0,0.0,7,24,5
2,1,5,9,1,0.109375,0,0.499999750000125,0.33071891388307384,12.0,0.0,0.125,5,32,5
4,3,6,7,3,0.984375,0,0.7499998125000469,0.9921567416492215,6.0,0.0,0.375,15,27,5
2,9,5,6,4,1.609375,1,1.0,1.2686114456365274,3.1,0.25,1.125,3,42,5
3,13,6,6,3,1.984375,1,1.0,1.4086784586980805,1.8571428571428572,0.5,1.625,4,31,5
5,7,4,7,4,1.859375,1,1.0,1.3635890143294642,2.375,0.0,0.875,13,26,5
7,13,7,6,3,1.984375,1,1.0,1.4086784586980805,2.0714285714285716,0.0,1.625,15,31,5
5,3,5,7,3,0.984375,0,0.599999880000024,0.9921567416492215,4.75,0.0,0.375,15,27,5
5,6,4,5,4,1.6875,1,1.0,1.299038105676658,4.428571428571429,0.0,0.75,0,53,5
8,6,5,7,4,1.6875,0,0.7499999062500118,1.299038105676658,4.0,0.0,0.75,21,39,5
2,13,5,5,3,1.734375,1,1.0,1.3169567191065923,2.7142857142857144,0.625,1.625,0,46,5
7,1,6,9,1,0.109375,0,0.1428571224489825,0.33071891388307384,13.0,0.0,0.125,20,32,5
8,2,4,7,2,0.4375,0,0.24999996875000394,0.6614378277661477,8.0,0.0,0.25,16,45,5
1,9,7,5,3,1.109375,1,1.0,1.0532687216470449,4.3,0.625,1.125,5,61,5
8,13,4,5,3,1.734375,1,1.0,1.3169567191065923,2.142857142857143,0.0,1.625,19,46,5
1,1,10,7,1,0.109375,1,0.9999990000010001,0.33071891388307384,31.0,0.125,0.125,0,67,5
1,13,6,4,4,1.984375,1,1.0,1.4086784586980805,3.2142857142857144,0.75,1.625,0,60,5
1,9,6,5,3,1.109375,1,1.0,1.0532687216470449,4.2,0.625,1.125,0,61,5
5,13,7,4,4,1.984375,1,1.0,1.4086784586980805,3.2857142857142856,0.0,1.625,4,60,5
8,1,4,6,1,0.109375,0,0.12499998437500197,0.33071891388307384,15.5,0.0,0.125,17,55,5
7,6,3,5,4,1.6875,0,0.857142734693895,1.299038105676658,3.4285714285714284,0.0,0.75,15,53,5
1,0,8,8,0,0.0,0,0.0,0.0,47.0,0.0,0.0,2,73,5
3,9,9,5,3,1.109375,1,1.0,1.0532687216470449,4.9,0.125,1.125,15,61,5
2,1,10,7,1,0.109375,0,0.499999750000125,0.33071891388307384,25.5,0.0,0.125,2,75,5
1,2,8,6,1,0.1875,1,1.0,0.4330127018922193,14.333333333333334,0.25,0.25,3,77,5
6,13,5,4,4,1.984375,1,1.0,1.4086784586980805,2.7857142857142856,0.0,1.625,16,60,5
5,9,8,5,3,1.109375,1,1.0,1.0532687216470449,4.4,0.0,1.125,18,61,5
1,0,11,8,0,0.0,0,0.0,0.0,62.0,0.0,0.0,2,87,5
2,0,10,8,0,0.0,0,0.0,0.0,60.0,0.0,0.0,3,86,5
7,9,10,5,3,1.109375,1,1.0,1.0532687216470449,5.2,0.0,1.125,19,61,5
8,5,10,6,3,0.984375,0,0.6249999218750099,0.9921567416492215,8.833333333333334,0.0,0.625,31,64,5
2,0,7,8,0,0.0,0,0.0,0.0,44.0,0.0,0.0,3,85,5
1,1,9,10,1,0.109375,1,0.9999990000010001,0.33071891388307384,31.5,0.125,0.125,0,96,5
3,5,9,6,3,0.984375,1,1.0,0.9921567416492215,8.333333333333334,0.125,0.625,24,64,5
3,0,9,8,0,0.0,0,0.0,0.0,48.0,0.0,0.0,15,73,5
2,0,8,10,0,0.0,0,0.0,0.0,59.0,0.0,0.0,1,90,5
2,3,10,9,2,0.484375,1,1.0,0.6959705453537527,17.25,0.125,0.375,0,101,5
1,2,11,9,1,0.1875,1,1.0,0.4330127018922193,24.333333333333332,0.25,0.25,3,91,5
2,11,10,8,4,1.984375,1,1.0,1.4086784586980805,5.916666666666667,0.375,1.375,0,95,5
4,3,10,9,2,0.484375,0,0.7499998125000469,0.6959705453537527,17.0,0.0,0.375,2,105,5
2,3,12,9,2,0.484375,1,1.0,0.6959705453537527,18.25,0.125,0.375,0,105,5
7,8,10,6,4,2.25,1,1.0,1.5,6.222222222222222,0.0,1.0,35,65,5
8,1,9,7,1,0.109375,0,0.12499998437500197,0.33071891388307384,27.0,0.0,0.125,35,67,5
1,3,11,9,2,0.484375,1,1.0,0.6959705453537527,18.0,0.25,0.375,0,105,5
5,10,10,8,3,1.1875,1,1.0,1.0897247358851685,6.454545454545454,0.0,1.25,9,100,5
6,0,8,8,0,0.0,0,0.0,0.0,46.0,0.0,0.0,32,85,5
8,2,9,6,1,0.1875,0,0.24999996875000394,0.4330127018922193,14.666666666666666,0.0,0.25,40,77,5
1,1,10,6,1,0.109375,1,0.9999990000010001,0.33071891388307384,34.0,0.125,0.125,0,118,5
4,2,10,8,1,0.1875,0,0.49999987500003124,0.4330127018922193,23.0,0.0,0.25,2,110,5
7,5,9,6,3,0.984375,0,0.7142856122449125,0.9921567416492215,8.333333333333334,0.0,0.625,36,79,5
1,0,11,6,0,0.0,0,0.0,0.0,74.0,0.0,0.0,1,116,5
7,8,12,6,4,1.75,1,1.0,1.3228756555322954,7.0,0.0,1.0,37,88,5
1,2,11,7,1,0.1875,1,1.0,0.4330127018922193,24.333333333333332,0.25,0.25,0,123,5
3,1,11,6,1,0.109375,0,0.33333322222225925,0.33071891388307384,34.5,0.0,0.125,4,118,5
6,0,9,10,0,0.0,0,0.0,0.0,61.0,0.0,0.0,38,90,5
8,0,9,8,0,0.0,0,0.0,0.0,52.0,0.0,0.0,40,86,5
6,0,10,10,0,0.0,0,0.0,0.0,67.0,0.0,0.0,45,90,5
2,7,12,6,2,0.859375,1,1.0,0.9270248108869579,9.625,0.375,0.875,11,128,5
5,0,11,7,0,0.0,0,0.0,0.0,71.0,0.0,0.0,8,119,5
2,7,12,7,3,1.109375,1,1.0,1.0532687216470449,9.875,0.25,0.875,10,125,5
6,3,11,7,2,0.484375,0,0.49999991666668053,0.6959705453537527,18.25,0.0,0.375,35,111,5
1,10,16,5,4,1.4375,1,1.0,1.1989578808281798,9.272727272727273,0.75,1.25,5,139,5
1,1,13,7,1,0.109375,1,0.9999990000010001,0.33071891388307384,41.0,0.125,0.125,0,136,5
8,1,9,10,1,0.109375,0,0.12499998437500197,0.33071891388307384,31.5,0.0,0.125,41,98,5
6,5,12,6,2,0.734375,0,0.8333331944444675,0.8569568250501305,13.166666666666666,0.0,0.625,40,112,5
6,1,11,10,1,0.109375,0,0.16666663888889352,0.33071891388307384,36.0,0.0,0.125,39,106,5
7,3,9,9,2,0.484375,0,0.4285713673469475,0.6959705453537527,15.25,0.0,0.375,39,105,5
2,8,20,6,4,2.0,1,1.0,1.4142135623730951,13.222222222222221,0.375,1.0,3,144,5
1,0,18,7,0,0.0,0,0.0,0.0,111.0,0.0,0.0,3,142,5
8,9,12,6,4,1.859375,1,1.0,1.3635890143294642,7.4,0.0,1.125,34,126,5
6,1,11,8,1,0.109375,0,0.16666663888889352,0.33071891388307384,36.5,0.0,0.125,34,124,5
8,16,12,3,4,2.25,1,1.0,1.5,4.411764705882353,0.0,2.0,41,117,5
5,1,12,7,1,0.109375,0,0.199999960000008,0.33071891388307384,36.5,0.0,0.125,30,129,5
4,1,13,7,1,0.109375,0,0.24999993750001562,0.33071891388307384,39.0,0.0,0.125,34,132,5
2,6,19,7,3,1.1875,1,1.0,1.0897247358851685,17.0,0.25,0.75,10,146,5
4,0,15,7,0,0.0,0,0.0,0.0,93.0,0.0,0.0,26,140,5
6,10,15,5,4,1.4375,1,1.0,1.1989578808281798,8.727272727272727,0.0,1.25,37,139,5
8,5,12,6,3,0.984375,0,0.6249999218750099,0.9921567416492215,12.333333333333334,0.0,0.625,38,127,5
8,1,14,7,1,0.109375,0,0.12499998437500197,0.33071891388307384,41.0,0.0,0.125,38,133,5
6,0,13,8,0,0.0,0,0.0,0.0,82.0,0.0,0.0,36,137,5
6,0,17,7,0,0.0,0,0.0,0.0,105.0,0.0,0.0,43,141,5
7,0,19,7,0,0.0,0,0.0,0.0,112.0,0.0,0.0,44,143,5
8,1,14,7,1,0.109375,0,0.12499998437500197,0.33071891388307384,44.0,0.0,0.125,44,138,5
8,0,16,7,0,0.0,0,0.0,0.0,97.0,0.0,0.0,43,141,5
7,8,19,6,3,1.0,1,1.0,1.0,12.555555555555555,0.0,1.0,47,145,5
6,8,20,6,3,1.0,1,1.0,1.0,13.333333333333334,0.0,1.0,47,145,5
8,0,19,8,0,0.0,0,0.0,0.0,120.0,0.0,0.0,49,150,5
7,0,18,8,0,0.0,0,0.0,0.0,113.0,0.0,0.0,51,148,5
2,19,0,2,4,3.484375,1,1.0,1.8666480653835098,0.0,0.625,2.375,0,5,6
6,17,0,3,4,3.609375,1,1.0,1.899835519196333,0.0,0.0,2.125,0,6,6
4,11,1,4,4,3.234375,1,1.0,1.79843682124227,0.08333333333333333,0.25,1.375,0,10,6
6,32,1,0,4,0.0,1,1.0,0.0,0.21212121212121213,0.0,4.0,0,0,6
2,8,0,5,4,2.0,1,1.0,1.4142135623730951,0.0,0.375,1.0,0,11,6
7,32,0,0,4,0.0,1,1.0,0.0,0.0,0.0,4.0,0,0,6
1,11,0,5,4,3.234375,1,1.0,1.79843682124227,0.0,0.375,1.375,0,15,6
7,17,0,5,4,3.109375,1,1.0,1.7633419974582356,0.0,0.0,2.125,0,20,6
1,11,0,4,4,3.234375,1,1.0,1.79843682124227,0.0,0.375,1.375,0,10,6
5,12,0,5,4,2.5,1,1.0,1.5811388300841898,0.0,0.0,1.5,0,14,6
4,18,0,4,4,2.6875,1,1.0,1.6393596310755,0.0,0.375,2.25,0,18,6
3,10,0,6,4,2.9375,1,1.0,1.713913650100261,0.0,0.25,1.25,0,21,6
4,14,0,5,4,2.6875,1,1.0,1.6393596310755,0.0,0.25,1.75,0,19,6
1,0,2,7,0,0.0,0,0.0,0.0,3.0,0.0,0.0,4,24,6
3,0,6,7,0,0.0,0,0.0,0.0,14.0,0.0,0.0,3,26,6
5,0,8,7,0,0.0,0,0.0,0.0,25.0,0.0,0.0,3,27,6
1,3,3,11,2,0.484375,1,1.0,0.6959705453537527,5.0,0.25,0.375,0,31,6
4,5,3,11,3,0.984375,1,1.0,0.9921567416492215,3.5,0.0,0.625,2,30,6
1,0,5,7,0,0.0,0,0.0,0.0,13.0,0.0,0.0,2,26,6
2,6,4,10,4,1.6875,1,1.0,1.299038105676658,3.4285714285714284,0.125,0.75,0,29,6
8,8,0,6,4,2.25,1,0.9999998750000157,1.5,0.0,0.0,1.0,0,23,6
1,7,9,6,4,2.359375,1,1.0,1.5360257159305635,3.75,0.25,0.875,0,28,6
8,0,3,7,0,0.0,0,0.0,0.0,4.0,0.0,0.0,13,24,6
2,8,1,6,4,2.25,1,1.0,1.5,0.8888888888888888,0.25,1.0,5,23,6
1,8,2,6,4,2.25,1,1.0,1.5,1.1111111111111112,0.375,1.0,5,23,6
1,0,4,7,0,0.0,0,0.0,0.0,12.0,0.0,0.0,3,25,6
2,7,4,9,3,1.109375,1,1.0,1.0532687216470449,3.375,0.25,0.875,0,38,6
5,2,2,12,1,0.1875,0,0.399999920000016,0.4330127018922193,5.333333333333333,0.0,0.25,5,33,6
1,6,3,11,3,0.9375,1,1.0,0.9682458365518543,2.857142857142857,0.5,0.75,0,32,6
8,0,7,7,0,0.0,0,0.0,0.0,17.0,0.0,0.0,15,27,6
1,3,4,9,2,0.484375,1,1.0,0.6959705453537527,6.5,0.25,0.375,0,41,6
4,7,5,9,3,1.109375,1,1.0,1.0532687216470449,3.625,0.0,0.875,6,38,6
1,1,7,7,1,0.109375,1,0.9999990000010001,0.33071891388307384,17.5,0.125,0.125,0,55,6
6,10,3,10,3,0.6875,1,1.0,0.82915619758885,1.9090909090909092,0.0,1.25,7,37,6
5,11,3,8,3,0.984375,1,1.0,0.9921567416492215,1.5,0.0,1.375,3,44,6
6,11,4,8,3,0.984375,1,1.0,0.9921567416492215,1.9166666666666667,0.0,1.375,6,44,6
8,10,4,10,3,0.6875,1,1.0,0.82915619758885,2.4545454545454546,0.0,1.25,17,37,6
1,10,7,5,3,1.6875,1,1.0,1.299038105676658,3.6363636363636362,0.5,1.25,0,54,6
7,3,4,9,2,0.484375,0,0.4285713673469475,0.6959705453537527,6.0,0.0,0.375,19,45,6
7,7,5,6,3,0.859375,1,0.9999998571428775,0.9270248108869579,3.875,0.0,0.875,18,47,6
5,3,3,9,2,0.484375,0,0.599999880000024,0.6959705453537527,4.75,0.0,0.375,16,45,6
3,2,5,7,1,0.1875,0,0.6666664444445185,0.4330127018922193,11.0,0.0,0.25,16,49,6
2,10,9,6,3,1.4375,1,1.0,1.1989578808281798,4.7272727272727275,0.375,1.25,2,71,6
3,0,7,8,0,0.0,0,0.0,0.0,35.0,0.0,0.0,14,57,6
1,1,10,6,1,0.109375,1,0.9999990000010001,0.33071891388307384,25.5,0.125,0.125,0,69,6
7,2,6,6,1,0.1875,0,0.285714244897965,0.4330127018922193,11.0,0.0,0.25,20,51,6
3,2,6,7,1,0.1875,0,0.6666664444445185,0.4330127018922193,12.0,0.0,0.25,21,49,6
5,1,9,7,1,0.109375,0,0.199999960000008,0.33071891388307384,23.0,0.0,0.125,13,60,6
3,1,6,7,1,0.109375,0,0.33333322222225925,0.33071891388307384,16.0,0.0,0.125,15,55,6
8,0,8,8,0,0.0,0,0.0,0.0,38.0,0.0,0.0,17,59,6
5,1,11,7,1,0.109375,0,0.199999960000008,0.33071891388307384,28.5,0.0,0.125,21,60,6
6,11,10,4,3,1.234375,1,1.0,1.1110243021644486,4.166666666666667,0.0,1.375,23,65,6
5,1,9,6,1,0.109375,0,0.199999960000008,0.33071891388307384,23.0,0.0,0.125,21,69,6
2,2,9,6,2,0.4375,1,0.99999950000025,0.6614378277661477,19.0,0.125,0.25,0,86,6
6,1,10,7,1,0.109375,0,0.16666663888889352,0.33071891388307384,25.5,0.0,0.125,24,60,6
7,0,8,8,0,0.0,0,0.0,0.0,44.0,0.0,0.0,23,72,6
3,0,9,7,0,0.0,0,0.0,0.0,57.0,0.0,0.0,8,87,6
7,8,10,6,3,1.25,1,1.0,1.118033988749895,5.666666666666667,0.0,1.0,21,70,6
1,5,11,5,2,0.734375,1,1.0,0.8569568250501305,10.833333333333334,0.375,0.625,1,90,6
5,0,8,8,0,0.0,0,0.0,0.0,49.0,0.0,0.0,25,77,6
3,8,11,5,2,0.75,1,1.0,0.8660254037844386,6.777777777777778,0.0,1.0,7,91,6
8,0,8,9,0,0.0,0,0.0,0.0,49.0,0.0,0.0,28,74,6
2,0,11,7,0,0.0,0,0.0,0.0,58.0,0.0,0.0,7,101,6
7,2,7,6,2,0.4375,0,0.285714244897965,0.6614378277661477,14.333333333333334,0.0,0.25,23,85,6
5,7,9,7,3,1.109375,1,1.0,1.0532687216470449,6.375,0.0,0.875,22,73,6
2,16,11,4,3,0.5,1,1.0,0.7071067811865476,3.5294117647058822,0.75,2.0,11,95,6
4,8,10,5,3,1.0,1,1.0,1.0,6.666666666666667,0.0,1.0,20,88,6
1,0,9,7,0,0.0,0,0.0,0.0,50.0,0.0,0.0,7,99,6
7,2,8,6,2,0.4375,0,0.285714244897965,0.6614378277661477,16.666666666666668,0.0,0.25,28,85,6
2,13,11,5,4,1.734375,1,1.0,1.3169567191065923,4.071428571428571,0.5,1.625,5,108,6
3,3,12,6,2,0.484375,1,0.9999996666667778,0.6959705453537527,14.25,0.0,0.375,3,106,6
7,5,10,5,2,0.734375,0,0.7142856122449125,0.8569568250501305,9.666666666666666,0.0,0.625,24,90,6
3,0,11,8,0,0.0,0,0.0,0.0,61.0,0.0,0.0,8,111,6
7,0,10,7,0,0.0,0,0.0,0.0,51.0,0.0,0.0,21,101,6
1,3,11,6,2,0.484375,1,1.0,0.6959705453537527,14.0,0.25,0.375,1,123,6
4,0,10,7,0,0.0,0,0.0,0.0,56.0,0.0,0.0,21,94,6
6,1,9,7,1,0.109375,0,0.16666663888889352,0.33071891388307384,23.5,0.0,0.125,21,97,6
3,0,11,7,0,0.0,0,0.0,0.0,59.0,0.0,0.0,2,121,6
3,3,10,6,2,0.484375,1,0.9999996666667778,0.6959705453537527,13.25,0.0,0.375,5,123,6
2,0,10,7,0,0.0,0,0.0,0.0,57.0,0.0,0.0,1,121,6
6,0,10,7,0,0.0,0,0.0,0.0,47.0,0.0,0.0,21,103,6
2,7,11,6,3,1.609375,1,1.0,1.2686114456365274,6.75,0.25,0.875,5,124,6
4,3,11,6,2,0.484375,0,0.7499998125000469,0.6959705453537527,13.25,0.0,0.375,23,106,6
5,3,11,7,2,0.484375,0,0.599999880000024,0.6959705453537527,14.75,0.0,0.375,25,109,6
1,0,15,8,0,0.0,0,0.0,0.0,68.0,0.0,0.0,2,127,6
5,2,9,8,1,0.1875,0,0.399999920000016,0.4330127018922193,16.0,0.0,0.25,27,116,6
3,0,13,8,0,0.0,0,0.0,0.0,62.0,0.0,0.0,14,127,6
6,13,13,5,4,1.734375,1,1.0,1.3169567191065923,4.714285714285714,0.0,1.625,28,108,6
7,13,12,5,4,1.734375,1,1.0,1.3169567191065923,4.214285714285714,0.0,1.625,32,108,6
4,0,12,8,0,0.0,0,0.0,0.0,64.0,0.0,0.0,28,111,6
2,0,10,8,0,0.0,0,0.0,0.0,49.0,0.0,0.0,13,125,6
3,0,14,8,0,0.0,0,0.0,0.0,65.0,0.0,0.0,23,127,6
4,0,12,8,0,0.0,0,0.0,0.0,58.0,0.0,0.0,17,126,6
6,3,10,6,3,0.984375,0,0.49999991666668053,0.9921567416492215,13.5,0.0,0.375,30,119,6
2,6,17,6,4,1.6875,1,1.0,1.299038105676658,13.571428571428571,0.125,0.75,7,149,6
7,3,9,6,3,0.984375,0,0.4285713673469475,0.9921567416492215,11.75,0.0,0.375,36,119,6
5,1,12,9,1,0.109375,0,0.199999960000008,0.33071891388307384,29.5,0.0,0.125,19,133,6
2,1,13,9,1,0.109375,0,0.499999750000125,0.33071891388307384,32.0,0.0,0.125,23,133,6
6,8,13,7,4,1.75,1,1.0,1.3228756555322954,7.777777777777778,0.0,1.0,23,140,6
6,6,13,8,2,0.6875,1,0.9999998333333611,0.82915619758885,8.714285714285714,0.0,0.75,22,136,6
7,0,13,9,0,0.0,0,0.0,0.0,61.0,0.0,0.0,34,137,6
4,8,14,7,4,1.75,1,1.0,1.3228756555322954,8.444444444444445,0.125,1.0,22,140,6
8,0,14,9,0,0.0,0,0.0,0.0,68.0,0.0,0.0,35,137,6
5,0,13,8,0,0.0,0,0.0,0.0,70.0,0.0,0.0,34,142,6
4,0,12,8,0,0.0,0,0.0,0.0,66.0,0.0,0.0,33,144,6
7,0,11,8,0,0.0,0,0.0,0.0,51.0,0.0,0.0,44,125,6
7,1,15,7,1,0.109375,0,0.1428571224489825,0.33071891388307384,41.5,0.0,0.125,40,147,6
5,1,14,7,1,0.109375,0,0.199999960000008,0.33071891388307384,39.0,0.0,0.125,41,146,6
5,1,16,7,1,0.109375,0,0.199999960000008,0.33071891388307384,45.0,0.0,0.125,40,147,6
8,0,13,8,0,0.0,0,0.0,0.0,70.0,0.0,0.0,36,144,6
4,32,0,0,4,0.0,1,1.0,0.0,0.0,1.0,4.0,0,2,7
1,22,0,2,4,2.9375,1,1.0,1.713913650100261,0.0,0.75,2.75,0,4,7
1,21,0,3,4,3.234375,1,1.0,1.79843682124227,0.0,0.75,2.625,0,5,7
4,20,0,4,4,3.75,1,1.0,1.9364916731037085,0.0,0.625,2.5,0,7,7
6,32,1,0,4,0.0,1,1.0,0.0,0.12121212121212122,0.0,4.0,0,2,7
5,19,0,4,4,2.984375,1,1.0,1.7275343701356567,0.0,0.0,2.375,0,11,7
5,19,1,4,4,2.984375,1,1.0,1.7275343701356567,0.25,0.0,2.375,0,11,7
2,21,0,3,4,3.234375,1,1.0,1.79843682124227,0.0,0.625,2.625,0,9,7
3,6,0,6,4,1.6875,1,1.0,1.299038105676658,0.0,0.125,0.75,0,15,7
4,9,0,6,4,2.859375,1,1.0,1.6909686573085854,0.0,0.25,1.125,0,12,7
8,7,1,6,4,2.359375,0,0.8749998906250137,1.5360257159305635,0.75,0.0,0.875,6,17,7
5,1,1,7,1,0.109375,0,0.199999960000008,0.33071891388307384,4.0,0.0,0.125,1,18,7
5,5,3,6,2,0.484375,1,0.99999980000004,0.6959705453537527,3.6666666666666665,0.0,0.625,0,25,7
6,7,0,6,4,2.359375,1,1.0,1.5360257159305635,0.0,0.0,0.875,0,17,7
2,7,2,6,2,0.859375,1,1.0,0.9270248108869579,2.0,0.375,0.875,0,22,7
2,7,3,6,2,0.859375,1,1.0,0.9270248108869579,2.25,0.375,0.875,0,22,7
3,4,5,6,3,1.0,1,1.0,1.0,7.0,0.125,0.5,0,29,7
3,1,5,7,1,0.109375,0,0.33333322222225925,0.33071891388307384,17.5,0.0,0.125,3,31,7
7,5,2,6,2,0.484375,0,0.7142856122449125,0.6959705453537527,2.5,0.0,0.625,11,24,7
8,7,2,6,4,1.859375,0,0.8749998906250137,1.3635890143294642,1.625,0.0,0.875,11,19,7
7,5,1,6,2,0.484375,0,0.7142856122449125,0.6959705453537527,1.3333333333333333,0.0,0.625,10,24,7
6,4,4,6,3,1.0,0,0.6666665555555741,1.0,5.8,0.0,0.5,19,28,7
8,1,4,7,1,0.109375,0,0.12499998437500197,0.33071891388307384,13.5,0.0,0.125,18,31,7
1,4,5,4,4,1.75,1,1.0,1.3228756555322954,7.4,0.125,0.5,0,48,7
6,1,6,7,1,0.109375,0,0.16666663888889352,0.33071891388307384,19.0,0.0,0.125,18,33,7
7,0,3,7,0,0.0,0,0.0,0.0,22.0,0.0,0.0,16,26,7
1,2,6,5,2,0.4375,1,1.0,0.6614378277661477,13.0,0.125,0.25,0,54,7
8,11,7,5,4,1.734375,1,1.0,1.3169567191065923,3.6666666666666665,0.0,1.375,19,34,7
8,11,6,4,4,2.484375,1,1.0,1.5761900266148114,3.6666666666666665,0.0,1.375,16,49,7
1,1,9,6,1,0.109375,1,0.9999990000010001,0.33071891388307384,25.5,0.125,0.125,0,57,7
7,4,5,5,2,0.75,0,0.57142848979593,0.8660254037844386,7.0,0.0,0.5,17,41,7
7,11,5,4,4,2.484375,1,1.0,1.5761900266148114,3.0833333333333335,0.0,1.375,13,49,7
8,4,4,4,4,1.75,0,0.4999999375000079,1.3228756555322954,5.8,0.0,0.5,11,48,7
2,1,7,6,1,0.109375,0,0.499999750000125,0.33071891388307384,22.0,0.0,0.125,14,56,7
1,0,9,6,0,0.0,0,0.0,0.0,38.0,0.0,0.0,2,68,7
5,10,6,4,4,2.1875,1,1.0,1.479019945774904,4.0,0.0,1.25,19,51,7
1,1,8,5,1,0.109375,1,0.9999990000010001,0.33071891388307384,18.0,0.125,0.125,0,66,7
2,1,8,8,1,0.109375,0,0.499999750000125,0.33071891388307384,19.5,0.0,0.125,2,77,7
4,10,6,4,4,2.1875,1,1.0,1.479019945774904,3.909090909090909,0.125,1.25,23,53,7
5,1,8,6,1,0.109375,0,0.199999960000008,0.33071891388307384,23.0,0.0,0.125,20,56,7
5,1,6,6,1,0.109375,0,0.199999960000008,0.33071891388307384,19.5,0.0,0.125,20,56,7
2,0,8,6,0,0.0,0,0.0,0.0,36.0,0.0,0.0,11,67,7
4,8,8,4,2,0.75,1,1.0,0.8660254037844386,4.444444444444445,0.0,1.0,16,62,7
3,2,8,8,2,0.4375,0,0.6666664444445185,0.6614378277661477,13.333333333333334,0.0,0.25,6,79,7
4,8,8,5,4,1.75,1,1.0,1.3228756555322954,4.888888888888889,0.125,1.0,19,59,7
4,1,9,8,1,0.109375,0,0.24999993750001562,0.33071891388307384,20.5,0.0,0.125,10,77,7
3,1,7,7,1,0.109375,0,0.33333322222225925,0.33071891388307384,15.5,0.0,0.125,11,72,7
7,1,8,5,1,0.109375,0,0.1428571224489825,0.33071891388307384,18.5,0.0,0.125,29,63,7
5,1,10,8,1,0.109375,0,0.199999960000008,0.33071891388307384,22.5,0.0,0.125,14,77,7
2,5,11,8,3,1.234375,1,1.0,1.1110243021644486,9.666666666666666,0.25,0.625,0,83,7
1,0,11,9,0,0.0,0,0.0,0.0,60.0,0.0,0.0,7,86,7
6,1,10,7,1,0.109375,0,0.16666663888889352,0.33071891388307384,23.5,0.0,0.125,26,75,7
7,1,9,7,1,0.109375,0,0.1428571224489825,0.33071891388307384,20.0,0.0,0.125,22,74,7
6,1,8,7,1,0.109375,0,0.16666663888889352,0.33071891388307384,17.0,0.0,0.125,20,73,7
1,0,12,8,0,0.0,0,0.0,0.0,63.0,0.0,0.0,1,95,7
1,8,15,6,4,2.0,1,1.0,1.4142135623730951,8.444444444444445,0.375,1.0,5,96,7
6,0,8,9,0,0.0,0,0.0,0.0,41.0,0.0,0.0,26,80,7
4,1,10,9,1,0.109375,0,0.24999993750001562,0.33071891388307384,27.5,0.0,0.125,26,84,7
1,8,14,8,4,1.75,1,1.0,1.3228756555322954,7.666666666666667,0.5,1.0,1,109,7
3,7,13,7,4,1.609375,1,1.0,1.2686114456365274,8.625,0.125,0.875,8,92,7
5,5,10,8,3,1.234375,1,0.99999980000004,1.1110243021644486,8.833333333333334,0.0,0.625,19,83,7
1,5,14,8,3,1.234375,1,1.0,1.1110243021644486,12.0,0.25,0.625,1,102,7
6,5,9,8,3,1.234375,0,0.8333331944444675,1.1110243021644486,7.833333333333333,0.0,0.625,26,83,7
2,8,13,8,4,1.75,1,1.0,1.3228756555322954,7.444444444444445,0.25,1.0,0,109,7
4,1,11,9,1,0.109375,0,0.24999993750001562,0.33071891388307384,29.5,0.0,0.125,33,84,7
1,3,15,7,2,0.484375,1,1.0,0.6959705453537527,19.0,0.25,0.375,3,100,7
4,3,15,7,2,0.484375,0,0.7499998125000469,0.6959705453537527,17.75,0.0,0.375,16,103,7
3,5,15,8,3,1.234375,1,1.0,1.1110243021644486,12.166666666666666,0.125,0.625,12,102,7
5,7,15,7,4,1.609375,1,1.0,1.2686114456365274,9.25,0.0,0.875,21,101,7
1,0,16,10,0,0.0,0,0.0,0.0,80.0,0.0,0.0,1,116,7
4,1,13,11,1,0.109375,0,0.24999993750001562,0.33071891388307384,35.5,0.0,0.125,12,112,7
4,5,12,8,3,1.234375,1,1.0,1.1110243021644486,10.666666666666666,0.0,0.625,27,91,7
5,7,13,6,3,1.109375,1,1.0,1.0532687216470449,8.125,0.0,0.875,27,93,7
1,5,13,10,3,1.234375,1,1.0,1.1110243021644486,11.5,0.25,0.625,1,120,7
6,5,13,8,3,1.234375,0,0.8333331944444675,1.1110243021644486,11.333333333333334,0.0,0.625,37,91,7
1,0,15,10,0,0.0,0,0.0,0.0,79.0,0.0,0.0,2,115,7
3,0,13,10,0,0.0,0,0.0,0.0,72.0,0.0,0.0,12,115,7
2,0,17,10,0,0.0,0,0.0,0.0,81.0,0.0,0.0,16,116,7
6,0,13,8,0,0.0,0,0.0,0.0,64.0,0.0,0.0,37,95,7
7,0,11,9,0,0.0,0,0.0,0.0,57.0,0.0,0.0,32,90,7
4,0,14,10,0,0.0,0,0.0,0.0,75.0,0.0,0.0,14,115,7
2,5,14,8,2,0.734375,1,1.0,0.8569568250501305,11.0,0.25,0.625,8,124,7
1,1,17,8,1,0.109375,1,0.9999990000010001,0.33071891388307384,44.5,0.125,0.125,0,131,7
1,0,16,9,0,0.0,0,0.0,0.0,88.0,0.0,0.0,3,133,7
6,1,12,11,1,0.109375,0,0.16666663888889352,0.33071891388307384,32.5,0.0,0.125,28,112,7
7,0,14,8,0,0.0,0,0.0,0.0,69.0,0.0,0.0,43,99,7
3,12,12,8,4,2.5,1,1.0,1.5811388300841898,4.923076923076923,0.25,1.5,16,122,7
2,1,14,8,1,0.109375,0,0.499999750000125,0.33071891388307384,37.5,0.0,0.125,9,130,7
6,0,14,8,0,0.0,0,0.0,0.0,70.0,0.0,0.0,40,95,7
1,7,17,8,4,1.859375,1,1.0,1.3635890143294642,11.25,0.375,0.875,5,142,7
3,1,11,9,1,0.109375,0,0.33333322222225925,0.33071891388307384,27.5,0.0,0.125,22,123,7
3,1,12,9,1,0.109375,0,0.33333322222225925,0.33071891388307384,29.0,0.0,0.125,22,123,7
4,10,17,6,3,1.6875,1,1.0,1.299038105676658,8.090909090909092,0.0,1.25,26,132,7
4,1,15,8,1,0.109375,0,0.24999993750001562,0.33071891388307384,38.5,0.0,0.125,21,130,7
8,1,11,11,1,0.109375,0,0.12499998437500197,0.33071891388307384,28.5,0.0,0.125,39,111,7
5,5,13,8,2,0.734375,1,0.99999980000004,0.8569568250501305,10.166666666666666,0.0,0.625,24,124,7
3,3,17,8,2,0.484375,1,0.9999996666667778,0.6959705453537527,22.5,0.0,0.375,25,138,7
8,1,14,9,1,0.109375,0,0.12499998437500197,0.33071891388307384,32.0,0.0,0.125,30,125,7
5,10,18,6,3,1.6875,1,1.0,1.299038105676658,8.454545454545455,0.0,1.25,33,132,7
8,1,15,9,1,0.109375,0,0.12499998437500197,0.33071891388307384,36.0,0.0,0.125,40,126,7
5,0,17,9,0,0.0,0,0.0,0.0,89.0,0.0,0.0,33,134,7
3,3,16,8,2,0.484375,1,0.9999996666667778,0.6959705453537527,21.75,0.0,0.375,21,138,7
8,1,16,8,1,0.109375,0,0.12499998437500197,0.33071891388307384,40.5,0.0,0.125,42,131,7
4,2,17,8,1,0.1875,0,0.49999987500003124,0.4330127018922193,30.0,0.0,0.25,35,139,7
4,2,18,8,1,0.1875,0,0.49999987500003124,0.4330127018922193,31.333333333333332,0.0,0.25,35,139,7
8,4,16,8,3,1.0,0,0.4999999375000079,1.0,16.0,0.0,0.5,45,127,7
5,0,17,9,0,0.0,0,0.0,0.0,84.0,0.0,0.0,31,143,7
4,2,16,8,1,0.1875,0,0.49999987500003124,0.4330127018922193,29.333333333333332,0.0,0.25,32,149,7
5,0,18,9,0,0.0,0,0.0,0.0,89.0,0.0,0.0,35,144,7
6,0,19,9,0,0.0,0,0.0,0.0,94.0,0.0,0.0,35,144,7
8,32,0,0,4,0.0,1,1.0,0.0,0.0,0.0,4.0,0,3,8
3,24,1,1,4,3.0,1,1.0,1.7320508075688772,0.08,0.75,3.0,0,4,8
6,9,0,6,4,2.859375,1,1.0,1.6909686573085854,0.0,0.0,1.125,0,9,8
4,18,1,4,4,3.4375,1,1.0,1.8540496217739157,0.2631578947368421,0.5,2.25,0,7,8
6,17,0,5,4,2.359375,1,1.0,1.5360257159305635,0.0,0.0,2.125,0,14,8
2,24,0,1,4,3.0,1,1.0,1.7320508075688772,0.0,0.75,3.0,0,4,8
1,19,0,3,4,3.484375,1,1.0,1.8666480653835098,0.0,0.625,2.375,0,6,8
5,18,0,4,4,3.4375,1,1.0,1.8540496217739157,0.0,0.0,2.25,0,7,8
3,14,0,5,4,2.6875,1,1.0,1.6393596310755,0.0,0.375,1.75,0,11,8
1,3,5,7,3,0.984375,1,1.0,0.9921567416492215,5.75,0.125,0.375,0,22,8
6,11,0,6,4,2.484375,1,1.0,1.5761900266148114,0.0,0.0,1.375,0,17,8
6,9,0,6,4,2.109375,1,1.0,1.4523687548277813,0.0,0.0,1.125,0,18,8
4,3,1,7,3,0.984375,0,0.7499998125000469,0.9921567416492215,1.5,0.0,0.375,3,20,8
6,9,1,6,4,2.109375,1,1.0,1.4523687548277813,0.6,0.0,1.125,3,18,8
2,3,3,7,3,0.984375,1,1.0,0.9921567416492215,4.0,0.125,0.375,0,22,8
1,4,3,7,3,1.0,1,1.0,1.0,3.4,0.25,0.5,0,25,8
4,3,8,8,3,0.984375,0,0.7499998125000469,0.9921567416492215,11.25,0.0,0.375,5,31,8
1,0,8,8,0,0.0,0,0.0,0.0,45.0,0.0,0.0,4,33,8
6,9,2,6,4,2.109375,1,1.0,1.4523687548277813,1.0,0.0,1.125,14,21,8
5,3,4,7,3,0.984375,0,0.599999880000024,0.9921567416492215,4.5,0.0,0.375,15,22,8
1,6,9,7,3,0.9375,1,1.0,0.9682458365518543,6.571428571428571,0.5,0.75,2,35,8
3,3,5,8,3,0.984375,1,0.9999996666667778,0.9921567416492215,6.5,0.125,0.375,0,29,8
4,3,3,8,3,0.984375,0,0.7499998125000469,0.9921567416492215,4.25,0.0,0.375,5,27,8
6,9,3,6,4,2.109375,1,1.0,1.4523687548277813,1.6,0.0,1.125,15,21,8
6,3,7,8,3,0.984375,0,0.49999991666668053,0.9921567416492215,9.75,0.0,0.375,16,31,8
2,8,7,6,4,1.75,1,1.0,1.3228756555322954,3.4444444444444446,0.25,1.0,4,37,8
2,4,4,6,3,1.0,1,1.0,1.0,5.8,0.125,0.5,0,49,8
6,0,5,9,0,0.0,0,0.0,0.0,32.0,0.0,0.0,9,42,8
5,3,4,8,3,0.984375,0,0.599999880000024,0.9921567416492215,5.25,0.0,0.375,19,27,8
5,0,5,9,0,0.0,0,0.0,0.0,26.0,0.0,0.0,17,30,8
3,4,2,6,3,1.0,1,1.0,1.0,3.0,0.125,0.5,0,54,8
1,1,2,7,1,0.109375,1,0.9999990000010001,0.33071891388307384,7.5,0.125,0.125,0,57,8
5,0,2,8,0,0.0,0,0.0,0.0,15.0,0.0,0.0,8,58,8
8,0,6,9,0,0.0,0,0.0,0.0,31.0,0.0,0.0,23,30,8
5,4,3,6,2,0.5,0,0.799999840000032,0.7071067811865476,4.0,0.0,0.5,6,61,8
2,4,4,6,2,0.5,1,1.0,0.7071067811865476,5.0,0.125,0.5,0,61,8
8,1,5,9,1,0.109375,0,0.12499998437500197,0.33071891388307384,13.0,0.0,0.125,24,38,8
3,8,5,6,3,1.75,1,1.0,1.3228756555322954,3.6666666666666665,0.25,1.0,8,62,8
5,0,5,7,0,0.0,0,0.0,0.0,28.0,0.0,0.0,8,63,8
7,0,7,7,0,0.0,0,0.0,0.0,41.0,0.0,0.0,7,65,8
4,5,7,6,4,1.734375,1,1.0,1.3169567191065923,7.166666666666667,0.125,0.625,16,67,8
7,4,6,8,2,0.5,0,0.57142848979593,0.7071067811865476,7.6,0.0,0.5,27,45,8
3,14,8,4,4,1.6875,1,1.0,1.299038105676658,3.533333333333333,0.375,1.75,10,72,8
8,0,6,7,0,0.0,0,0.0,0.0,33.0,0.0,0.0,21,63,8
8,8,4,6,3,1.75,1,0.9999998750000157,1.3228756555322954,2.7777777777777777,0.0,1.0,17,62,8
2,10,11,4,3,1.9375,1,1.0,1.3919410907075054,5.909090909090909,0.375,1.25,0,79,8
4,0,8,7,0,0.0,0,0.0,0.0,50.0,0.0,0.0,19,69,8
1,0,14,6,0,0.0,0,0.0,0.0,78.0,0.0,0.0,4,86,8
8,0,7,7,0,0.0,0,0.0,0.0,42.0,0.0,0.0,23,69,8
1,8,11,5,3,0.75,1,1.0,0.8660254037844386,7.444444444444445,0.75,1.0,6,84,8
8,14,9,4,4,1.6875,1,1.0,1.299038105676658,3.7333333333333334,0.0,1.75,22,72,8
4,2,9,5,1,0.1875,0,0.49999987500003124,0.4330127018922193,18.333333333333332,0.0,0.25,25,76,8
7,0,9,7,0,0.0,0,0.0,0.0,54.0,0.0,0.0,20,69,8
1,1,13,7,1,0.109375,1,0.9999990000010001,0.33071891388307384,37.0,0.125,0.125,0,91,8
2,4,16,5,2,0.5,1,1.0,0.7071067811865476,17.0,0.125,0.5,6,88,8
3,10,12,6,3,1.9375,1,1.0,1.3919410907075054,6.0,0.375,1.25,11,94,8
4,0,11,6,0,0.0,0,0.0,0.0,64.0,0.0,0.0,20,81,8
5,2,8,5,1,0.1875,0,0.399999920000016,0.4330127018922193,16.666666666666668,0.0,0.25,22,74,8
4,10,13,6,3,1.9375,1,1.0,1.3919410907075054,6.2727272727272725,0.0,1.25,13,94,8
6,10,10,4,3,1.9375,1,1.0,1.3919410907075054,5.363636363636363,0.0,1.25,26,79,8
1,0,13,7,0,0.0,0,0.0,0.0,66.0,0.0,0.0,13,99,8
7,0,10,6,0,0.0,0,0.0,0.0,57.0,0.0,0.0,29,80,8
3,4,15,7,3,1.0,1,1.0,1.0,14.8,0.125,0.5,6,107,8
1,0,12,7,0,0.0,0,0.0,0.0,65.0,0.0,0.0,12,97,8
1,5,15,6,3,0.984375,1,1.0,0.9921567416492215,12.0,0.375,0.625,3,110,8
1,0,14,7,0,0.0,0,0.0,0.0,67.0,0.0,0.0,12,100,8
5,0,13,6,0,0.0,0,0.0,0.0,73.0,0.0,0.0,24,86,8
3,0,15,11,0,0.0,0,0.0,0.0,86.0,0.0,0.0,1,121,8
2,9,16,6,3,1.359375,1,1.0,1.165922381636102,8.1,0.25,1.125,7,105,8
1,2,12,10,1,0.1875,1,1.0,0.4330127018922193,23.666666666666668,0.25,0.25,0,116,8
3,8,15,6,4,1.75,1,1.0,1.3228756555322954,8.11111111111111,0.125,1.0,6,109,8
2,3,14,8,2,0.484375,1,1.0,0.6959705453537527,19.75,0.125,0.375,0,126,8
2,2,13,10,1,0.1875,1,0.99999950000025,0.4330127018922193,25.333333333333332,0.0,0.25,0,120,8
7,0,11,6,0,0.0,0,0.0,0.0,60.0,0.0,0.0,37,85,8
6,0,12,6,0,0.0,0,0.0,0.0,68.0,0.0,0.0,38,81,8
2,3,16,8,2,0.484375,1,1.0,0.6959705453537527,22.5,0.125,0.375,0,131,8
4,8,16,6,4,1.75,1,1.0,1.3228756555322954,8.444444444444445,0.125,1.0,23,109,8
4,5,16,6,3,0.984375,1,1.0,0.9921567416492215,12.166666666666666,0.0,0.625,26,110,8
7,0,12,8,0,0.0,0,0.0,0.0,63.0,0.0,0.0,44,95,8
6,0,12,6,0,0.0,0,0.0,0.0,67.0,0.0,0.0,43,85,8
2,9,16,6,4,1.609375,1,1.0,1.2686114456365274,9.5,0.25,1.125,0,137,8
6,0,15,6,0,0.0,0,0.0,0.0,79.0,0.0,0.0,51,86,8
6,0,15,8,0,0.0,0,0.0,0.0,75.0,0.0,0.0,37,104,8
1,5,17,6,2,0.484375,1,1.0,0.6959705453537527,16.5,0.5,0.625,0,136,8
6,5,17,6,3,0.984375,0,0.8333331944444675,0.9921567416492215,12.833333333333334,0.0,0.625,37,110,8
2,0,14,7,0,0.0,0,0.0,0.0,84.0,0.0,0.0,6,142,8
7,0,15,7,0,0.0,0,0.0,0.0,68.0,0.0,0.0,45,100,8
2,0,15,7,0,0.0,0,0.0,0.0,86.0,0.0,0.0,13,143,8
8,0,14,8,0,0.0,0,0.0,0.0,67.0,0.0,0.0,54,104,8
4,0,17,7,0,0.0,0,0.0,0.0,78.0,0.0,0.0,33,111,8
6,1,12,11,1,0.109375,0,0.16666663888889352,0.33071891388307384,35.5,0.0,0.125,35,117,8
4,0,13,11,0,0.0,0,0.0,0.0,76.0,0.0,0.0,35,121,8
5,7,13,10,3,1.109375,1,1.0,1.0532687216470449,9.625,0.0,0.875,34,119,8
1,7,18,6,3,1.109375,1,1.0,1.0532687216470449,12.625,0.5,0.875,8,145,8
2,0,17,7,0,0.0,0,0.0,0.0,96.0,0.0,0.0,14,143,8
2,0,19,7,0,0.0,0,0.0,0.0,100.0,0.0,0.0,15,146,8
6,0,15,8,0,0.0,0,0.0,0.0,86.0,0.0,0.0,33,133,8
6,0,14,11,0,0.0,0,0.0,0.0,80.0,0.0,0.0,42,121,8
5,1,15,9,1,0.109375,0,0.199999960000008,0.33071891388307384,42.0,0.0,0.125,38,127,8
5,3,15,8,2,0.484375,0,0.599999880000024,0.6959705453537527,20.25,0.0,0.375,38,126,8
7,6,16,8,3,0.9375,0,0.857142734693895,0.9682458365518543,12.714285714285714,0.0,0.75,39,128,8
5,0,18,7,0,0.0,0,0.0,0.0,95.0,0.0,0.0,35,146,8
7,3,16,7,2,0.484375,0,0.4285713673469475,0.6959705453537527,23.0,0.0,0.375,36,135,8
8,1,15,8,1,0.109375,0,0.12499998437500197,0.33071891388307384,44.5,0.0,0.125,43,138,8
4,0,20,7,0,0.0,0,0.0,0.0,102.0,0.0,0.0,37,146,8
8,0,16,7,0,0.0,0,0.0,0.0,88.0,0.0,0.0,42,143,8
7,0,18,7,0,0.0,0,0.0,0.0,98.0,0.0,0.0,47,143,8
5,6,22,6,3,0.9375,1,1.0,0.9682458365518543,16.142857142857142,0.0,0.75,41,147,8
7,6,21,6,3,0.9375,0,0.857142734693895,0.9682458365518543,15.142857142857142,0.0,0.75,44,147,8
5,0,21,7,0,0.0,0,0.0,0.0,110.0,0.0,0.0,46,149,8
1,29,0,1,4,0.984375,1,1.0,0.9921567416492215,0.0,1.0,3.625,0,3,9
5,28,1,2,4,1.75,1,1.0,1.3228756555322954,0.2413793103448276,0.0,3.5,0,4,9
5,10,0,5,4,2.9375,1,1.0,1.713913650100261,0.0,0.0,1.25,0,7,9
3,32,0,0,4,0.0,1,1.0,0.0,0.0,1.0,4.0,0,2,9
7,28,0,2,4,1.75,1,1.0,1.3228756555322954,0.0,0.0,3.5,0,4,9
8,5,0,6,4,1.734375,0,0.6249999218750099,1.3169567191065923,0.0,0.0,0.625,5,8,9
6,28,2,2,4,1.75,1,1.0,1.3228756555322954,0.41379310344827586,0.0,3.5,0,4,9
4,11,1,4,4,2.484375,1,1.0,1.5761900266148114,0.6666666666666666,0.25,1.375,6,13,9
1,7,6,5,3,1.359375,1,1.0,1.165922381636102,4.125,0.375,0.875,0,19,9
4,3,4,5,3,0.984375,0,0.7499998125000469,0.9921567416492215,4.25,0.0,0.375,8,15,9
1,3,3,5,3,0.984375,1,1.0,0.9921567416492215,4.0,0.125,0.375,0,15,9
4,11,2,4,4,2.484375,1,1.0,1.5761900266148114,1.0,0.25,1.375,7,13,9
8,2,4,6,2,0.4375,0,0.24999996875000394,0.6614378277661477,6.666666666666667,0.0,0.25,7,17,9
8,3,2,5,3,0.984375,0,0.3749999531250059,0.9921567416492215,2.0,0.0,0.375,7,15,9
2,1,4,7,1,0.109375,0,0.499999750000125,0.33071891388307384,12.5,0.0,0.125,2,21,9
1,0,3,7,0,0.0,0,0.0,0.0,15.0,0.0,0.0,2,29,9
1,4,4,6,2,0.5,1,1.0,0.7071067811865476,3.2,0.375,0.5,4,31,9
5,7,5,5,3,1.359375,1,1.0,1.165922381636102,3.5,0.0,0.875,8,19,9
1,0,2,7,0,0.0,0,0.0,0.0,8.0,0.0,0.0,3,34,9
1,1,3,9,1,0.109375,1,0.9999990000010001,0.33071891388307384,7.0,0.125,0.125,0,42,9
7,8,5,6,4,2.25,1,1.0,1.5,3.0,0.0,1.0,13,22,9
6,0,3,7,0,0.0,0,0.0,0.0,9.0,0.0,0.0,3,34,9
3,5,2,6,4,1.734375,1,1.0,1.3169567191065923,2.0,0.125,0.625,4,27,9
2,8,2,7,4,2.25,1,1.0,1.5,0.7777777777777778,0.25,1.0,3,37,9
5,0,2,7,0,0.0,0,0.0,0.0,10.0,0.0,0.0,5,28,9
5,1,2,9,1,0.109375,0,0.199999960000008,0.33071891388307384,4.5,0.0,0.125,5,41,9
7,0,3,10,0,0.0,0,0.0,0.0,14.0,0.0,0.0,6,43,9
6,0,4,10,0,0.0,0,0.0,0.0,21.0,0.0,0.0,9,43,9
1,2,6,7,1,0.1875,1,1.0,0.4330127018922193,13.0,0.25,0.25,0,48,9
2,1,1,9,1,0.109375,0,0.499999750000125,0.33071891388307384,3.5,0.0,0.125,3,41,9
7,1,1,9,1,0.109375,0,0.1428571224489825,0.33071891388307384,1.0,0.0,0.125,10,39,9
6,5,4,6,3,0.984375,0,0.8333331944444675,0.9921567416492215,4.166666666666667,0.0,0.625,9,51,9
4,2,5,8,1,0.1875,0,0.49999987500003124,0.4330127018922193,9.0,0.0,0.25,7,44,9
1,5,5,6,4,1.734375,1,1.0,1.3169567191065923,5.833333333333333,0.25,0.625,0,54,9
2,4,6,7,3,1.0,1,1.0,1.0,8.4,0.125,0.5,0,56,9
3,0,6,9,0,0.0,0,0.0,0.0,41.0,0.0,0.0,2,62,9
7,5,6,6,4,1.734375,0,0.7142856122449125,1.3169567191065923,6.0,0.0,0.625,15,54,9
1,2,7,8,1,0.1875,1,1.0,0.4330127018922193,16.666666666666668,0.25,0.25,0,58,9
8,0,5,9,0,0.0,0,0.0,0.0,29.0,0.0,0.0,15,45,9
7,0,6,9,0,0.0,0,0.0,0.0,37.0,0.0,0.0,22,45,9
6,5,5,6,3,0.984375,0,0.8333331944444675,0.9921567416492215,5.166666666666667,0.0,0.625,17,51,9
8,6,5,6,3,1.1875,0,0.7499999062500118,1.0897247358851685,4.714285714285714,0.0,0.75,24,52,9
3,1,7,8,1,0.109375,0,0.33333322222225925,0.33071891388307384,22.0,0.0,0.125,19,63,9
1,0,10,8,0,0.0,0,0.0,0.0,64.0,0.0,0.0,10,66,9
1,10,16,4,3,1.1875,1,1.0,1.0897247358851685,6.636363636363637,0.75,1.25,6,76,9
1,0,11,6,0,0.0,0,0.0,0.0,59.0,0.0,0.0,3,73,9
5,6,10,7,4,1.9375,1,1.0,1.3919410907075054,8.285714285714286,0.0,0.75,14,68,9
1,0,12,6,0,0.0,0,0.0,0.0,60.0,0.0,0.0,5,73,9
5,1,7,9,1,0.109375,0,0.199999960000008,0.33071891388307384,25.0,0.0,0.125,22,59,9
8,2,6,8,1,0.1875,0,0.24999996875000394,0.4330127018922193,14.0,0.0,0.25,23,57,9
5,1,8,8,1,0.109375,0,0.199999960000008,0.33071891388307384,23.5,0.0,0.125,19,63,9
2,0,9,6,0,0.0,0,0.0,0.0,50.0,0.0,0.0,11,70,9
2,0,14,6,0,0.0,0,0.0,0.0,66.0,0.0,0.0,15,75,9
1,14,14,6,4,1.6875,1,1.0,1.299038105676658,5.066666666666666,0.875,1.75,8,82,9
5,10,15,4,3,1.1875,1,1.0,1.0897247358851685,6.181818181818182,0.0,1.25,24,76,9
8,3,9,7,1,0.234375,0,0.3749999531250059,0.4841229182759271,13.0,0.0,0.375,36,64,9
5,0,13,6,0,0.0,0,0.0,0.0,61.0,0.0,0.0,25,73,9
1,0,12,10,0,0.0,0,0.0,0.0,70.0,0.0,0.0,10,83,9
7,3,10,7,1,0.234375,0,0.4285713673469475,0.4841229182759271,15.0,0.0,0.375,31,64,9
7,0,10,6,0,0.0,0,0.0,0.0,52.0,0.0,0.0,36,71,9
4,0,13,10,0,0.0,0,0.0,0.0,71.0,0.0,0.0,17,84,9
8,1,16,6,1,0.109375,0,0.12499998437500197,0.33071891388307384,39.0,0.0,0.125,34,78,9
6,0,15,7,0,0.0,0,0.0,0.0,72.0,0.0,0.0,35,77,9
8,0,14,7,0,0.0,0,0.0,0.0,64.0,0.0,0.0,32,77,9
4,0,15,10,0,0.0,0,0.0,0.0,80.0,0.0,0.0,27,89,9
5,0,14,10,0,0.0,0,0.0,0.0,75.0,0.0,0.0,23,88,9
1,0,17,7,0,0.0,0,0.0,0.0,93.0,0.0,0.0,3,120,9
7,0,11,10,0,0.0,0,0.0,0.0,63.0,0.0,0.0,41,83,9
1,5,12,5,3,1.234375,1,1.0,1.1110243021644486,11.0,0.25,0.625,1,111,9
3,0,12,6,0,0.0,0,0.0,0.0,71.0,0.0,0.0,19,108,9
6,7,15,6,3,1.609375,1,1.0,1.2686114456365274,9.625,0.0,0.875,37,81,9
2,2,16,9,1,0.1875,1,0.99999950000025,0.4330127018922193,27.666666666666668,0.0,0.25,3,128,9
2,0,15,6,0,0.0,0,0.0,0.0,79.0,0.0,0.0,3,115,9
1,2,15,9,1,0.1875,1,1.0,0.4330127018922193,27.333333333333332,0.25,0.25,0,128,9
4,14,11,6,4,2.4375,1,1.0,1.5612494995995996,4.533333333333333,0.125,1.75,23,100,9
4,2,12,6,1,0.1875,0,0.49999987500003124,0.4330127018922193,24.666666666666668,0.0,0.25,22,104,9
1,9,19,7,4,2.109375,1,1.0,1.4523687548277813,9.8,0.5,1.125,3,124,9
3,5,13,5,3,1.234375,1,1.0,1.1110243021644486,11.166666666666666,0.125,0.625,22,111,9
2,6,18,6,3,1.1875,1,1.0,1.0897247358851685,13.428571428571429,0.25,0.75,1,123,9
6,5,10,6,1,0.234375,0,0.8333331944444675,0.4841229182759271,9.833333333333334,0.0,0.625,30,101,9
1,1,19,9,1,0.109375,1,0.9999990000010001,0.33071891388307384,54.5,0.125,0.125,0,140,9
2,8,16,9,4,2.25,1,1.0,1.5,9.333333333333334,0.25,1.0,5,131,9
7,1,10,7,1,0.109375,0,0.1428571224489825,0.33071891388307384,30.5,0.0,0.125,33,102,9
1,8,18,7,3,1.5,1,1.0,1.224744871391589,11.777777777777779,0.5,1.0,0,145,9
4,0,12,6,0,0.0,0,0.0,0.0,59.0,0.0,0.0,36,114,9
3,9,17,7,4,2.109375,1,1.0,1.4523687548277813,9.1,0.25,1.125,17,124,9
6,15,14,3,4,3.109375,1,1.0,1.7633419974582356,4.25,0.0,1.875,33,112,9
2,2,17,9,1,0.1875,1,0.99999950000025,0.4330127018922193,30.666666666666668,0.0,0.25,2,136,9
6,2,11,6,1,0.1875,0,0.33333327777778704,0.4330127018922193,22.666666666666668,0.0,0.25,37,104,9
3,15,13,3,4,3.109375,1,1.0,1.7633419974582356,4.0625,0.375,1.875,29,112,9
4,0,16,6,0,0.0,0,0.0,0.0,81.0,0.0,0.0,37,115,9
3,2,16,9,1,0.1875,0,0.6666664444445185,0.4330127018922193,29.666666666666668,0.0,0.25,16,136,9
8,0,14,6,0,0.0,0,0.0,0.0,71.0,0.0,0.0,46,115,9
5,0,16,7,0,0.0,0,0.0,0.0,88.0,0.0,0.0,36,119,9
8,0,13,6,0,0.0,0,0.0,0.0,63.0,0.0,0.0,43,114,9
4,9,18,7,4,2.109375,1,1.0,1.4523687548277813,9.4,0.125,1.125,43,124,9
3,2,17,8,1,0.1875,0,0.6666664444445185,0.4330127018922193,34.333333333333336,0.0,0.25,15,143,9
4,1,18,9,1,0.109375,0,0.24999993750001562,0.33071891388307384,52.5,0.0,0.125,28,140,9
7,4,17,5,1,0.25,0,0.57142848979593,0.5,17.0,0.0,0.5,53,116,9
8,1,15,10,1,0.109375,0,0.12499998437500197,0.33071891388307384,39.0,0.0,0.125,42,132,9
5,7,15,9,4,1.859375,1,1.0,1.3635890143294642,10.375,0.0,0.875,41,135,9
8,2,15,9,1,0.1875,0,0.24999996875000394,0.4330127018922193,27.0,0.0,0.25,43,136,9
6,2,16,8,1,0.1875,0,0.33333327777778704,0.4330127018922193,32.333333333333336,0.0,0.25,41,143,9
8,0,17,6,0,0.0,0,0.0,0.0,88.0,0.0,0.0,57,117,9
7,1,17,9,1,0.109375,0,0.1428571224489825,0.33071891388307384,49.0,0.0,0.125,42,140,9
8,1,16,9,1,0.109375,0,0.12499998437500197,0.33071891388307384,45.0,0.0,0.125,39,140,9
8,2,18,8,1,0.1875,0,0.24999996875000394,0.4330127018922193,35.333333333333336,0.0,0.25,43,148,9
7,2,19,8,1,0.1875,0,0.285714244897965,0.4330127018922193,38.0,0.0,0.25,43,149,9
6,2,17,8,1,0.1875,0,0.33333327777778704,0.4330127018922193,33.333333333333336,0.0,0.25,44,146,9
6,4,20,7,2,0.5,0,0.6666665555555741,0.7071067811865476,24.2,0.0,0.5,44,150,9
5,20,2,3,4,3.75,1,1.0,1.9364916731037085,0.23809523809523808,0.0,2.5,0,3,10
3,20,0,3,4,3.75,1,1.0,1.9364916731037085,0.0,0.625,2.5,0,3,10
8,31,0,1,4,0.109375,1,1.0,0.33071891388307384,0.0,0.0,3.875,0,1,10
2,20,1,3,4,3.75,1,1.0,1.9364916731037085,0.14285714285714285,0.625,2.5,0,3,10
6,10,0,6,4,2.9375,1,1.0,1.713913650100261,0.0,0.0,1.25,0,4,10
1,32,0,0,4,0.0,1,1.0,0.0,0.0,1.0,4.0,0,0,10
3,23,0,2,4,2.859375,1,1.0,1.6909686573085854,0.0,0.75,2.875,0,2,10
5,18,1,3,4,1.9375,1,1.0,1.3919410907075054,0.15789473684210525,0.0,2.25,0,17,10
4,5,0,6,4,1.734375,1,1.0,1.3169567191065923,0.0,0.125,0.625,0,12,10
5,10,0,5,4,1.4375,1,1.0,1.1989578808281798,0.0,0.0,1.25,0,20,10
3,18,0,3,4,1.9375,1,1.0,1.3919410907075054,0.0,0.375,2.25,0,17,10
7,12,0,5,4,2.5,1,1.0,1.5811388300841898,0.0,0.0,1.5,0,11,10
3,13,0,4,4,2.234375,1,1.0,1.4947825928876748,0.0,0.25,1.625,0,19,10
5,10,1,5,4,1.4375,1,1.0,1.1989578808281798,0.45454545454545453,0.0,1.25,0,20,10
4,5,2,6,4,1.734375,1,1.0,1.3169567191065923,2.1666666666666665,0.125,0.625,0,23,10
1,4,1,6,3,1.0,1,1.0,1.0,1.2,0.25,0.5,0,29,10
6,5,1,6,4,1.734375,0,0.8333331944444675,1.3169567191065923,1.1666666666666667,0.0,0.625,7,23,10
2,1,2,7,1,0.109375,0,0.499999750000125,0.33071891388307384,6.5,0.0,0.125,2,24,10
7,5,0,6,4,1.734375,0,0.7142856122449125,1.3169567191065923,0.0,0.0,0.625,3,23,10
3,10,0,7,4,2.1875,1,1.0,1.479019945774904,0.0,0.25,1.25,0,34,10
1,2,0,8,1,0.1875,1,1.0,0.4330127018922193,0.0,0.25,0.25,0,37,10
1,7,0,6,3,1.109375,1,1.0,1.0532687216470449,0.0,0.5,0.875,0,31,10
1,6,0,7,3,0.9375,1,1.0,0.9682458365518543,0.0,0.5,0.75,0,32,10
2,1,3,9,1,0.109375,0,0.499999750000125,0.33071891388307384,7.5,0.0,0.125,1,39,10
3,11,0,7,4,1.984375,1,1.0,1.4086784586980805,0.0,0.25,1.375,0,35,10
7,11,1,7,4,1.984375,1,1.0,1.4086784586980805,0.25,0.0,1.375,0,35,10
7,1,1,9,1,0.109375,0,0.1428571224489825,0.33071891388307384,2.0,0.0,0.125,4,38,10
2,2,5,9,2,0.4375,1,0.99999950000025,0.6614378277661477,8.0,0.125,0.25,0,46,10
1,3,4,9,3,0.984375,1,1.0,0.9921567416492215,5.75,0.125,0.375,0,41,10
4,1,0,9,1,0.109375,0,0.24999993750001562,0.33071891388307384,0.0,0.0,0.125,2,38,10
4,1,2,9,1,0.109375,0,0.24999993750001562,0.33071891388307384,5.5,0.0,0.125,3,39,10
5,7,5,8,3,1.109375,1,1.0,1.0532687216470449,3.0,0.0,0.875,15,40,10
3,2,3,9,2,0.4375,0,0.6666664444445185,0.6614378277661477,5.0,0.0,0.25,8,45,10
1,2,8,8,2,0.4375,1,1.0,0.6614378277661477,13.0,0.125,0.25,0,51,10
3,0,5,10,0,0.0,0,0.0,0.0,24.0,0.0,0.0,8,47,10
3,13,4,7,4,1.484375,1,1.0,1.2183492931011204,1.6428571428571428,0.25,1.625,10,42,10
7,7,4,8,3,1.109375,1,0.9999998571428775,1.0532687216470449,2.125,0.0,0.875,13,40,10
1,10,10,7,4,1.9375,1,1.0,1.3919410907075054,4.2727272727272725,0.625,1.25,2,53,10
4,3,8,8,2,0.484375,0,0.7499998125000469,0.6959705453537527,9.75,0.0,0.375,12,52,10
1,0,8,10,0,0.0,0,0.0,0.0,36.0,0.0,0.0,1,57,10
5,0,6,10,0,0.0,0,0.0,0.0,27.0,0.0,0.0,13,47,10
2,10,8,7,4,1.9375,1,1.0,1.3919410907075054,3.6363636363636362,0.25,1.25,6,53,10
4,5,4,8,2,0.734375,1,1.0,0.8569568250501305,3.5,0.0,0.625,2,64,10
6,2,4,9,2,0.4375,0,0.33333327777778704,0.6614378277661477,6.0,0.0,0.25,13,46,10
2,0,9,9,0,0.0,0,0.0,0.0,38.0,0.0,0.0,7,54,10
5,9,10,7,3,0.859375,1,1.0,0.9270248108869579,4.0,0.0,1.125,19,55,10
7,2,7,8,2,0.4375,0,0.285714244897965,0.6614378277661477,10.666666666666666,0.0,0.25,18,50,10
1,7,6,8,3,1.109375,1,1.0,1.0532687216470449,3.5,0.5,0.875,2,68,10
5,10,9,7,4,1.9375,1,1.0,1.3919410907075054,3.8181818181818183,0.0,1.25,20,53,10
5,0,4,9,0,0.0,0,0.0,0.0,19.0,0.0,0.0,11,67,10
2,4,4,8,2,0.5,1,1.0,0.7071067811865476,4.2,0.125,0.5,6,66,10
7,6,4,7,2,0.6875,0,0.857142734693895,0.82915619758885,3.0,0.0,0.75,10,78,10
4,0,5,9,0,0.0,0,0.0,0.0,24.0,0.0,0.0,8,67,10
5,8,4,7,2,0.5,1,1.0,0.7071067811865476,2.111111111111111,0.0,1.0,12,73,10
8,0,2,8,0,0.0,0,0.0,0.0,10.0,0.0,0.0,15,76,10
3,0,3,8,0,0.0,0,0.0,0.0,18.0,0.0,0.0,3,76,10
3,8,5,6,2,0.75,1,1.0,0.8660254037844386,3.111111111111111,0.0,1.0,3,91,10
4,0,5,8,0,0.0,0,0.0,0.0,28.0,0.0,0.0,7,86,10
1,8,5,7,2,0.75,1,1.0,0.8660254037844386,3.4444444444444446,0.625,1.0,0,97,10
3,0,3,8,0,0.0,0,0.0,0.0,20.0,0.0,0.0,10,80,10
1,1,5,7,1,0.109375,1,0.9999990000010001,0.33071891388307384,15.5,0.125,0.125,0,96,10
4,0,4,8,0,0.0,0,0.0,0.0,23.0,0.0,0.0,11,82,10
6,0,5,8,0,0.0,0,0.0,0.0,27.0,0.0,0.0,13,82,10
5,7,5,6,3,1.109375,1,1.0,1.0532687216470449,4.0,0.0,0.875,9,95,10
1,1,6,8,1,0.109375,1,0.9999990000010001,0.33071891388307384,17.5,0.125,0.125,0,103,10
6,2,5,6,1,0.1875,0,0.33333327777778704,0.4330127018922193,7.666666666666667,0.0,0.25,8,92,10
6,0,6,8,0,0.0,0,0.0,0.0,32.0,0.0,0.0,11,86,10
1,5,6,7,2,0.484375,1,1.0,0.6959705453537527,6.833333333333333,0.5,0.625,0,111,10
3,1,5,8,1,0.109375,0,0.33333322222225925,0.33071891388307384,16.0,0.0,0.125,4,101,10
7,5,5,6,2,0.484375,0,0.7142856122449125,0.6959705453537527,4.666666666666667,0.0,0.625,20,94,10
1,5,6,7,2,0.484375,1,1.0,0.6959705453537527,6.833333333333333,0.5,0.625,0,112,10
2,5,7,6,3,0.984375,1,1.0,0.9921567416492215,7.166666666666667,0.125,0.625,0,109,10
2,5,6,6,3,0.984375,1,1.0,0.9921567416492215,6.833333333333333,0.125,0.625,0,109,10
7,4,4,8,2,0.5,0,0.57142848979593,0.7071067811865476,5.0,0.0,0.5,17,98,10
7,9,6,5,3,0.859375,1,1.0,0.9270248108869579,2.9,0.0,1.125,17,93,10
2,5,7,7,2,0.484375,1,1.0,0.6959705453537527,7.0,0.125,0.625,0,112,10
2,1,6,8,1,0.109375,0,0.499999750000125,0.33071891388307384,16.5,0.0,0.125,3,117,10
3,5,8,7,2,0.484375,1,1.0,0.6959705453537527,7.333333333333333,0.0,0.625,6,112,10
7,1,4,7,1,0.109375,0,0.1428571224489825,0.33071891388307384,13.5,0.0,0.125,21,107,10
7,1,5,7,1,0.109375,0,0.1428571224489825,0.33071891388307384,17.0,0.0,0.125,22,108,10
2,1,7,8,1,0.109375,0,0.499999750000125,0.33071891388307384,20.0,0.0,0.125,9,119,10
6,7,5,7,2,0.609375,1,1.0,0.7806247497997998,4.0,0.0,0.875,20,100,10
7,5,5,7,2,0.484375,0,0.7142856122449125,0.6959705453537527,5.666666666666667,0.0,0.625,22,111,10
3,0,7,9,0,0.0,0,0.0,0.0,41.0,0.0,0.0,10,122,10
1,6,12,6,3,0.9375,1,1.0,0.9682458365518543,10.285714285714286,0.5,0.75,0,137,10
7,8,8,7,3,1.5,1,1.0,1.224744871391589,4.666666666666667,0.0,1.0,15,120,10
5,0,10,8,0,0.0,0,0.0,0.0,61.0,0.0,0.0,6,131,10
4,0,8,9,0,0.0,0,0.0,0.0,44.0,0.0,0.0,10,123,10
3,8,7,8,3,1.0,1,1.0,1.0,4.888888888888889,0.125,1.0,13,114,10
3,4,11,6,2,0.5,1,1.0,0.7071067811865476,13.2,0.0,0.5,10,132,10
8,4,7,7,1,0.25,0,0.4999999375000079,0.5,7.0,0.0,0.5,26,118,10
2,0,10,8,0,0.0,0,0.0,0.0,66.0,0.0,0.0,7,129,10
2,0,10,7,0,0.0,0,0.0,0.0,60.0,0.0,0.0,12,134,10
7,1,10,8,1,0.109375,0,0.1428571224489825,0.33071891388307384,28.0,0.0,0.125,17,124,10
4,7,12,6,3,1.109375,1,1.0,1.0532687216470449,8.75,0.0,0.875,12,135,10
5,11,11,5,4,1.984375,1,1.0,1.4086784586980805,5.5,0.0,1.375,12,133,10
2,12,13,5,4,2.5,1,1.0,1.5811388300841898,5.846153846153846,0.5,1.5,2,150,10
3,0,11,8,0,0.0,0,0.0,0.0,67.0,0.0,0.0,11,139,10
8,0,9,9,0,0.0,0,0.0,0.0,48.0,0.0,0.0,27,123,10
3,0,12,8,0,0.0,0,0.0,0.0,70.0,0.0,0.0,11,140,10
7,9,11,6,3,0.859375,1,1.0,0.9270248108869579,6.8,0.0,1.125,25,128,10
4,4,12,6,2,0.5,1,0.9999997500000625,0.7071067811865476,13.6,0.0,0.5,8,146,10
7,2,12,6,1,0.1875,0,0.285714244897965,0.4330127018922193,22.333333333333332,0.0,0.25,22,136,10
6,0,13,8,0,0.0,0,0.0,0.0,73.0,0.0,0.0,22,140,10
6,4,13,6,2,0.5,0,0.6666665555555741,0.7071067811865476,14.4,0.0,0.5,25,146,10
8,1,11,8,1,0.109375,0,0.12499998437500197,0.33071891388307384,31.5,0.0,0.125,36,125,10
5,7,14,7,4,1.859375,1,1.0,1.3635890143294642,9.875,0.0,0.875,22,141,10
7,3,14,7,1,0.234375,0,0.4285713673469475,0.4841229182759271,19.25,0.0,0.375,36,142,10
4,12,12,5,4,2.5,1,1.0,1.5811388300841898,5.538461538461538,0.125,1.5,27,150,10
8,7,11,6,3,1.109375,0,0.8749998906250137,1.0532687216470449,7.75,0.0,0.875,42,135,10
4,32,0,0,4,0.0,1,1.0,0.0,0.0,1.0,4.0,0,2,11
3,28,0,1,4,1.75,1,1.0,1.3228756555322954,0.0,0.875,3.5,0,3,11
7,24,0,3,4,3.0,1,1.0,1.7320508075688772,0.0,0.0,3.0,0,8,11
1,25,0,2,4,2.359375,1,1.0,1.5360257159305635,0.0,0.875,3.125,0,7,11
7,21,0,3,4,3.234375,1,1.0,1.79843682124227,0.0,0.0,2.625,0,10,11
3,5,1,5,4,1.734375,1,1.0,1.3169567191065923,1.3333333333333333,0.125,0.625,0,13,11
6,17,0,3,4,3.109375,1,1.0,1.7633419974582356,0.0,0.0,2.125,0,11,11
3,9,1,5,4,2.359375,1,1.0,1.5360257159305635,0.8,0.25,1.125,10,14,11
6,11,0,4,4,3.234375,1,1.0,1.79843682124227,0.0,0.0,1.375,0,12,11
5,2,3,5,1,0.1875,0,0.399999920000016,0.4330127018922193,5.333333333333333,0.0,0.25,5,19,11
8,5,0,5,4,1.734375,0,0.6249999218750099,1.3169567191065923,0.0,0.0,0.625,1,13,11
1,8,9,5,4,1.75,1,1.0,1.3228756555322954,5.111111111111111,0.5,1.0,2,24,11
1,2,5,5,1,0.1875,1,1.0,0.4330127018922193,9.0,0.25,0.25,0,22,11
1,0,6,8,0,0.0,0,0.0,0.0,33.0,0.0,0.0,4,29,11
7,1,1,6,1,0.109375,0,0.1428571224489825,0.33071891388307384,1.5,0.0,0.125,11,16,11
4,2,6,5,1,0.1875,0,0.49999987500003124,0.4330127018922193,9.333333333333334,0.0,0.25,11,22,11
3,7,6,7,3,1.109375,1,1.0,1.0532687216470449,4.625,0.125,0.875,3,27,11
1,8,8,5,4,1.75,1,1.0,1.3228756555322954,5.0,0.5,1.0,2,24,11
6,2,2,5,1,0.1875,0,0.33333327777778704,0.4330127018922193,3.3333333333333335,0.0,0.25,15,17,11
6,2,4,5,1,0.1875,0,0.33333327777778704,0.4330127018922193,7.0,0.0,0.25,15,19,11
7,2,7,5,1,0.1875,0,0.285714244897965,0.4330127018922193,10.666666666666666,0.0,0.25,22,22,11
2,0,7,8,0,0.0,0,0.0,0.0,37.0,0.0,0.0,3,31,11
2,9,10,7,4,2.359375,1,1.0,1.5360257159305635,5.0,0.375,1.125,5,34,11
6,3,7,7,3,0.984375,0,0.49999991666668053,0.9921567416492215,8.5,0.0,0.375,20,30,11
4,0,8,8,0,0.0,0,0.0,0.0,39.0,0.0,0.0,13,31,11
2,1,11,9,1,0.109375,0,0.499999750000125,0.33071891388307384,27.5,0.0,0.125,17,36,11
4,6,9,7,3,1.6875,1,1.0,1.299038105676658,6.142857142857143,0.0,0.75,13,32,11
7,1,7,6,1,0.109375,0,0.1428571224489825,0.33071891388307384,19.0,0.0,0.125,23,23,11
3,5,10,7,2,0.484375,1,1.0,0.6959705453537527,7.5,0.0,0.625,19,33,11
7,9,9,7,4,2.359375,1,1.0,1.5360257159305635,4.3,0.0,1.125,22,34,11
4,5,9,7,2,0.484375,1,1.0,0.6959705453537527,6.833333333333333,0.0,0.625,19,33,11
6,1,9,9,1,0.109375,0,0.16666663888889352,0.33071891388307384,22.0,0.0,0.125,24,35,11
1,9,21,7,4,1.609375,1,1.0,1.2686114456365274,12.8,0.625,1.125,0,70,11
5,1,10,9,1,0.109375,0,0.199999960000008,0.33071891388307384,25.0,0.0,0.125,28,35,11
1,1,18,6,1,0.109375,1,0.9999990000010001,0.33071891388307384,52.5,0.125,0.125,0,60,11
2,0,14,9,0,0.0,0,0.0,0.0,73.0,0.0,0.0,22,41,11
3,0,13,9,0,0.0,0,0.0,0.0,70.0,0.0,0.0,22,40,11
2,4,14,7,3,1.0,1,1.0,1.0,14.4,0.125,0.5,20,45,11
7,1,12,9,1,0.109375,0,0.1428571224489825,0.33071891388307384,28.5,0.0,0.125,33,37,11
8,1,13,9,1,0.109375,0,0.12499998437500197,0.33071891388307384,32.0,0.0,0.125,37,37,11
3,1,20,6,1,0.109375,0,0.33333322222225925,0.33071891388307384,55.5,0.0,0.125,18,60,11
3,4,15,7,3,1.0,1,1.0,1.0,14.8,0.125,0.5,27,45,11
4,6,17,6,4,1.9375,1,1.0,1.3919410907075054,12.428571428571429,0.125,0.75,27,50,11
8,12,15,6,4,1.75,1,1.0,1.3228756555322954,5.769230769230769,0.0,1.5,37,44,11
5,7,15,6,4,2.359375,1,1.0,1.5360257159305635,9.125,0.0,0.875,30,46,11
8,0,15,7,0,0.0,0,0.0,0.0,71.0,0.0,0.0,36,48,11
1,1,18,6,1,0.109375,1,0.9999990000010001,0.33071891388307384,54.5,0.125,0.125,0,83,11
3,4,19,7,2,0.5,1,1.0,0.7071067811865476,23.2,0.0,0.5,19,65,11
6,6,18,6,4,1.9375,1,0.9999998333333611,1.3919410907075054,13.0,0.0,0.75,36,50,11
1,1,21,6,1,0.109375,1,0.9999990000010001,0.33071891388307384,57.0,0.125,0.125,0,97,11
8,2,16,7,1,0.1875,0,0.24999996875000394,0.4330127018922193,28.0,0.0,0.25,43,53,11
1,1,21,6,1,0.109375,1,0.9999990000010001,0.33071891388307384,58.0,0.125,0.125,0,94,11
5,1,19,6,1,0.109375,0,0.199999960000008,0.33071891388307384,53.0,0.0,0.125,35,60,11
6,0,17,8,0,0.0,0,0.0,0.0,98.0,0.0,0.0,47,55,11
8,0,16,7,0,0.0,0,0.0,0.0,79.0,0.0,0.0,44,48,11
1,0,24,7,0,0.0,0,0.0,0.0,135.0,0.0,0.0,1,105,11
2,4,17,6,3,1.0,1,1.0,1.0,21.0,0.125,0.5,23,77,11
2,1,17,6,1,0.109375,0,0.499999750000125,0.33071891388307384,53.5,0.0,0.125,21,82,11
5,1,18,8,1,0.109375,0,0.199999960000008,0.33071891388307384,55.5,0.0,0.125,43,64,11
8,7,18,5,3,1.109375,0,0.8749998906250137,1.0532687216470449,12.875,0.0,0.875,53,59,11
6,7,17,5,3,1.109375,1,1.0,1.0532687216470449,12.125,0.0,0.875,52,59,11
8,0,16,8,0,0.0,0,0.0,0.0,90.0,0.0,0.0,49,55,11
1,0,25,7,0,0.0,0,0.0,0.0,131.0,0.0,0.0,3,115,11
3,1,17,6,1,0.109375,0,0.33333322222225925,0.33071891388307384,51.0,0.0,0.125,33,87,11
7,2,20,8,1,0.1875,0,0.285714244897965,0.4330127018922193,40.333333333333336,0.0,0.25,56,67,11
1,0,25,7,0,0.0,0,0.0,0.0,137.0,0.0,0.0,2,110,11
4,2,19,8,1,0.1875,0,0.49999987500003124,0.4330127018922193,39.0,0.0,0.25,54,66,11
8,4,20,6,3,1.0,0,0.4999999375000079,1.0,22.6,0.0,0.5,56,62,11
7,1,16,6,1,0.109375,0,0.1428571224489825,0.33071891388307384,50.0,0.0,0.125,46,82,11
8,4,18,6,3,1.0,0,0.4999999375000079,1.0,21.4,0.0,0.5,47,77,11
3,1,18,6,1,0.109375,0,0.33333322222225925,0.33071891388307384,52.5,0.0,0.125,40,88,11
5,0,16,7,0,0.0,0,0.0,0.0,98.0,0.0,0.0,48,85,11
5,7,17,5,3,1.109375,1,1.0,1.0532687216470449,12.875,0.0,0.875,50,86,11
1,1,25,6,1,0.109375,1,0.9999990000010001,0.33071891388307384,64.5,0.125,0.125,0,129,11
5,1,19,6,1,0.109375,0,0.199999960000008,0.33071891388307384,54.0,0.0,0.125,45,91,11
3,1,22,6,1,0.109375,0,0.33333322222225925,0.33071891388307384,58.5,0.0,0.125,47,94,11
5,0,21,7,0,0.0,0,0.0,0.0,114.0,0.0,0.0,44,98,11
7,1,20,6,1,0.109375,0,0.1428571224489825,0.33071891388307384,54.5,0.0,0.125,47,93,11
3,1,22,7,1,0.109375,0,0.33333322222225925,0.33071891388307384,61.5,0.0,0.125,42,101,11
4,9,20,5,4,2.109375,1,1.0,1.4523687548277813,11.3,0.125,1.125,44,92,11
2,1,28,6,1,0.109375,0,0.499999750000125,0.33071891388307384,76.0,0.0,0.125,8,132,11
7,2,23,6,1,0.1875,0,0.285714244897965,0.4330127018922193,41.333333333333336,0.0,0.25,51,103,11
8,5,22,6,3,0.984375,0,0.6249999218750099,0.9921567416492215,19.833333333333332,0.0,0.625,51,95,11
6,1,21,7,1,0.109375,0,0.16666663888889352,0.33071891388307384,58.5,0.0,0.125,51,101,11
3,1,25,6,1,0.109375,0,0.33333322222225925,0.33071891388307384,68.0,0.0,0.125,49,106,11
4,0,24,7,0,0.0,0,0.0,0.0,133.0,0.0,0.0,48,109,11
7,8,24,6,3,1.0,1,1.0,1.0,15.11111111111111,0.0,1.0,58,104,11
7,8,23,6,3,1.0,1,1.0,1.0,14.333333333333334,0.0,1.0,57,104,11
4,7,23,6,3,1.109375,1,1.0,1.0532687216470449,15.75,0.0,0.875,52,102,11
4,9,26,5,4,2.109375,1,1.0,1.4523687548277813,13.6,0.125,1.125,53,112,11
4,0,26,7,0,0.0,0,0.0,0.0,138.0,0.0,0.0,55,110,11
6,7,26,6,3,1.109375,1,1.0,1.0532687216470449,17.125,0.0,0.875,49,123,11
6,0,26,7,0,0.0,0,0.0,0.0,132.0,0.0,0.0,51,116,11
3,1,23,7,1,0.109375,0,0.33333322222225925,0.33071891388307384,61.0,0.0,0.125,47,121,11
4,7,25,6,3,1.109375,1,1.0,1.0532687216470449,16.625,0.0,0.875,45,123,11
3,5,27,7,2,0.484375,1,1.0,0.6959705453537527,26.0,0.0,0.625,38,143,11
5,0,25,7,0,0.0,0,0.0,0.0,128.0,0.0,0.0,48,125,11
3,0,31,6,0,0.0,0,0.0,0.0,169.0,0.0,0.0,39,135,11
6,11,26,4,3,1.234375,1,1.0,1.1110243021644486,11.083333333333334,0.0,1.375,56,128,11
7,1,25,6,1,0.109375,0,0.1428571224489825,0.33071891388307384,64.5,0.0,0.125,57,130,11
6,0,30,6,0,0.0,0,0.0,0.0,163.0,0.0,0.0,58,135,11
8,1,24,7,1,0.109375,0,0.12499998437500197,0.33071891388307384,62.5,0.0,0.125,60,122,11
3,0,27,7,0,0.0,0,0.0,0.0,156.0,0.0,0.0,35,149,11
8,1,26,6,1,0.109375,0,0.12499998437500197,0.33071891388307384,68.0,0.0,0.125,59,130,11
6,5,29,5,3,0.984375,0,0.8333331944444675,0.9921567416492215,25.666666666666668,0.0,0.625,56,133,11
8,1,27,6,1,0.109375,0,0.12499998437500197,0.33071891388307384,72.0,0.0,0.125,68,131,11
7,1,30,7,1,0.109375,0,0.1428571224489825,0.33071891388307384,83.0,0.0,0.125,61,137,11
8,5,30,5,3,0.984375,0,0.6249999218750099,0.9921567416492215,26.666666666666668,0.0,0.625,73,133,11
8,2,27,8,1,0.1875,0,0.24999996875000394,0.4330127018922193,52.0,0.0,0.25,66,145,11
8,15,32,4,3,0.609375,1,1.0,0.7806247497997998,10.75,0.0,1.875,72,136,11
4,32,0,0,4,0.0,1,1.0,0.0,0.0,1.0,4.0,0,0,12
1,28,0,1,4,1.75,1,1.0,1.3228756555322954,0.0,0.875,3.5,0,1,12
2,15,1,5,4,3.609375,1,1.0,1.899835519196333,0.5,0.5,1.875,0,4,12
6,26,0,3,4,1.9375,1,1.0,1.3919410907075054,0.0,0.0,3.25,0,3,12
8,15,0,5,4,3.609375,1,1.0,1.899835519196333,0.0,0.0,1.875,0,4,12
1,28,1,1,4,1.75,1,1.0,1.3228756555322954,0.034482758620689655,0.875,3.5,0,1,12
5,26,1,3,4,1.9375,1,1.0,1.3919410907075054,0.2222222222222222,0.0,3.25,0,3,12
7,10,0,5,4,2.6875,1,1.0,1.6393596310755,0.0,0.0,1.25,0,11,12
4,24,0,2,4,1.75,1,1.0,1.3228756555322954,0.0,0.5,3.0,0,19,12
1,25,0,1,4,1.609375,1,1.0,1.2686114456365274,0.0,0.875,3.125,0,18,12
8,11,0,6,4,2.484375,1,1.0,1.5761900266148114,0.0,0.0,1.375,0,23,12
4,24,1,2,4,1.75,1,1.0,1.3228756555322954,0.16,0.5,3.0,0,19,12
5,3,0,7,3,0.984375,0,0.599999880000024,0.9921567416492215,0.0,0.0,0.375,1,24,12
1,16,0,4,4,2.75,1,1.0,1.6583123951777,0.0,0.625,2.0,0,20,12
8,2,0,8,2,0.4375,0,0.24999996875000394,0.6614378277661477,0.0,0.0,0.25,4,27,12
4,15,0,5,4,2.859375,1,1.0,1.6909686573085854,0.0,0.25,1.875,0,21,12
6,3,1,7,3,0.984375,0,0.49999991666668053,0.9921567416492215,1.25,0.0,0.375,1,24,12
1,14,2,5,4,2.6875,1,1.0,1.6393596310755,0.7333333333333333,0.625,1.75,0,25,12
4,3,0,7,2,0.484375,0,0.7499998125000469,0.6959705453537527,0.0,0.0,0.375,3,32,12
4,2,1,6,1,0.1875,0,0.49999987500003124,0.4330127018922193,2.3333333333333335,0.0,0.25,1,40,12
8,7,2,6,2,0.859375,0,0.8749998906250137,0.9270248108869579,1.375,0.0,0.875,4,35,12
7,3,1,7,2,0.484375,0,0.4285713673469475,0.6959705453537527,1.0,0.0,0.375,4,34,12
5,8,3,5,2,1.0,1,1.0,1.0,2.2222222222222223,0.0,1.0,7,42,12
7,8,2,6,4,1.75,1,1.0,1.3228756555322954,1.6666666666666667,0.0,1.0,4,38,12
5,6,3,5,3,0.9375,1,1.0,0.9682458365518543,2.7142857142857144,0.0,0.75,5,41,12
8,2,2,6,1,0.1875,0,0.24999996875000394,0.4330127018922193,3.6666666666666665,0.0,0.25,13,40,12
4,2,4,5,2,0.4375,0,0.49999987500003124,0.6614378277661477,7.0,0.0,0.25,9,45,12
7,6,5,4,2,0.9375,0,0.857142734693895,0.9682458365518543,3.5714285714285716,0.0,0.75,14,46,12
3,1,3,6,1,0.109375,0,0.33333322222225925,0.33071891388307384,9.0,0.0,0.125,11,43,12
3,1,6,5,1,0.109375,0,0.33333322222225925,0.33071891388307384,16.5,0.0,0.125,9,48,12
8,1,7,5,1,0.109375,0,0.12499998437500197,0.33071891388307384,18.0,0.0,0.125,19,48,12
2,0,8,5,0,0.0,0,0.0,0.0,40.0,0.0,0.0,16,51,12
5,0,9,5,0,0.0,0,0.0,0.0,42.0,0.0,0.0,16,52,12
1,0,7,5,0,0.0,0,0.0,0.0,39.0,0.0,0.0,6,51,12
6,1,5,5,1,0.109375,0,0.16666663888889352,0.33071891388307384,13.5,0.0,0.125,13,48,12
1,0,6,7,0,0.0,0,0.0,0.0,34.0,0.0,0.0,5,62,12
2,0,9,7,0,0.0,0,0.0,0.0,41.0,0.0,0.0,10,66,12
3,0,7,6,0,0.0,0,0.0,0.0,32.0,0.0,0.0,13,55,12
2,0,4,8,0,0.0,0,0.0,0.0,24.0,0.0,0.0,3,79,12
3,0,5,9,0,0.0,0,0.0,0.0,28.0,0.0,0.0,3,73,12
8,1,7,7,1,0.109375,0,0.12499998437500197,0.33071891388307384,19.5,0.0,0.125,20,58,12
8,0,8,6,0,0.0,0,0.0,0.0,35.0,0.0,0.0,19,56,12
3,0,7,7,0,0.0,0,0.0,0.0,35.0,0.0,0.0,9,62,12
3,0,8,7,0,0.0,0,0.0,0.0,38.0,0.0,0.0,11,64,12
5,11,6,7,3,1.484375,1,1.0,1.2183492931011204,2.5833333333333335,0.0,1.375,12,75,12
2,10,5,6,3,1.1875,1,1.0,1.0897247358851685,2.909090909090909,0.5,1.25,0,78,12
7,8,7,7,2,1.0,1,1.0,1.0,3.5555555555555554,0.0,1.0,20,68,12
4,10,4,6,3,1.1875,1,1.0,1.0897247358851685,2.5454545454545454,0.0,1.25,10,78,12
5,0,6,8,0,0.0,0,0.0,0.0,30.0,0.0,0.0,15,81,12
2,8,15,6,3,1.25,1,1.0,1.118033988749895,10.444444444444445,0.375,1.0,1,90,12
1,4,14,6,3,1.0,1,1.0,1.0,17.2,0.25,0.5,4,93,12
4,0,9,8,0,0.0,0,0.0,0.0,53.0,0.0,0.0,17,83,12
1,0,15,7,0,0.0,0,0.0,0.0,88.0,0.0,0.0,3,94,12
8,7,5,7,2,0.859375,0,0.8749998906250137,0.9270248108869579,3.125,0.0,0.875,14,76,12
4,0,5,8,0,0.0,0,0.0,0.0,26.0,0.0,0.0,13,80,12
5,3,12,7,2,0.484375,0,0.599999880000024,0.6959705453537527,17.5,0.0,0.375,16,86,12
5,0,8,8,0,0.0,0,0.0,0.0,43.0,0.0,0.0,17,81,12
1,0,16,7,0,0.0,0,0.0,0.0,89.0,0.0,0.0,3,95,12
1,1,13,9,1,0.109375,1,0.9999990000010001,0.33071891388307384,40.5,0.125,0.125,0,99,12
2,5,14,9,2,0.734375,1,1.0,0.8569568250501305,14.166666666666666,0.25,0.625,3,102,12
5,5,14,6,2,0.734375,1,0.99999980000004,0.8569568250501305,13.666666666666666,0.0,0.625,23,87,12
4,1,12,9,1,0.109375,0,0.24999993750001562,0.33071891388307384,38.5,0.0,0.125,8,99,12
5,0,13,10,0,0.0,0,0.0,0.0,87.0,0.0,0.0,8,106,12
1,4,13,9,3,1.0,1,1.0,1.0,16.2,0.25,0.5,5,100,12
8,0,7,8,0,0.0,0,0.0,0.0,35.0,0.0,0.0,29,81,12
5,4,15,6,3,1.0,0,0.799999840000032,1.0,17.4,0.0,0.5,20,93,12
1,0,16,9,0,0.0,0,0.0,0.0,100.0,0.0,0.0,5,112,12
5,0,13,10,0,0.0,0,0.0,0.0,88.0,0.0,0.0,15,108,12
1,0,14,9,0,0.0,0,0.0,0.0,95.0,0.0,0.0,4,112,12
7,2,9,7,2,0.4375,0,0.285714244897965,0.6614378277661477,16.0,0.0,0.25,37,82,12
4,0,15,9,0,0.0,0,0.0,0.0,96.0,0.0,0.0,9,112,12
7,3,11,7,2,0.484375,0,0.4285713673469475,0.6959705453537527,15.75,0.0,0.375,43,86,12
1,1,20,7,1,0.109375,1,0.9999990000010001,0.33071891388307384,65.5,0.125,0.125,0,131,12
1,0,16,8,0,0.0,0,0.0,0.0,110.0,0.0,0.0,1,124,12
6,0,10,8,0,0.0,0,0.0,0.0,57.0,0.0,0.0,43,85,12
6,0,16,9,0,0.0,0,0.0,0.0,98.0,0.0,0.0,18,115,12
4,1,16,8,1,0.109375,0,0.24999993750001562,0.33071891388307384,51.5,0.0,0.125,15,117,12
7,11,15,5,4,1.984375,1,1.0,1.4086784586980805,7.5,0.0,1.375,48,88,12
7,5,13,6,2,0.734375,0,0.7142856122449125,0.8569568250501305,12.5,0.0,0.625,46,87,12
5,0,16,9,0,0.0,0,0.0,0.0,106.0,0.0,0.0,25,118,12
4,1,19,7,1,0.109375,0,0.24999993750001562,0.33071891388307384,61.5,0.0,0.125,19,125,12
8,5,15,6,2,0.734375,0,0.6249999218750099,0.8569568250501305,14.5,0.0,0.625,56,87,12
5,1,18,7,1,0.109375,0,0.199999960000008,0.33071891388307384,59.0,0.0,0.125,29,125,12
1,1,21,6,1,0.109375,1,0.9999990000010001,0.33071891388307384,66.5,0.125,0.125,0,141,12
7,5,13,9,2,0.734375,0,0.7142856122449125,0.8569568250501305,13.0,0.0,0.625,43,102,12
7,1,15,9,1,0.109375,0,0.1428571224489825,0.33071891388307384,50.5,0.0,0.125,42,109,12
8,0,14,10,0,0.0,0,0.0,0.0,82.0,0.0,0.0,58,104,12
8,8,14,6,3,1.25,1,0.9999998750000157,1.118033988749895,9.555555555555555,0.0,1.0,68,90,12
6,0,19,8,0,0.0,0,0.0,0.0,126.0,0.0,0.0,33,127,12
8,0,14,10,0,0.0,0,0.0,0.0,93.0,0.0,0.0,60,108,12
3,13,19,5,4,1.734375,1,1.0,1.3169567191065923,9.071428571428571,0.25,1.625,22,133,12
7,5,16,8,4,1.734375,0,0.7142856122449125,1.3169567191065923,16.0,0.0,0.625,53,114,12
7,0,17,8,0,0.0,0,0.0,0.0,111.0,0.0,0.0,50,124,12
7,7,17,7,3,1.109375,1,0.9999998571428775,1.0532687216470449,13.875,0.0,0.875,53,119,12
8,5,16,7,4,1.734375,0,0.6249999218750099,1.3169567191065923,17.833333333333332,0.0,0.625,51,123,12
3,0,18,7,0,0.0,0,0.0,0.0,117.0,0.0,0.0,40,135,12
2,0,24,6,0,0.0,0,0.0,0.0,139.0,0.0,0.0,36,147,12
7,8,20,7,2,1.0,1,1.0,1.0,14.666666666666666,0.0,1.0,49,128,12
5,8,20,6,3,1.25,1,1.0,1.118033988749895,14.777777777777779,0.0,1.0,54,129,12
3,1,23,6,1,0.109375,0,0.33333322222225925,0.33071891388307384,69.0,0.0,0.125,50,141,12
8,1,20,6,1,0.109375,0,0.12499998437500197,0.33071891388307384,62.5,0.0,0.125,57,140,12
6,1,18,6,1,0.109375,0,0.16666663888889352,0.33071891388307384,56.5,0.0,0.125,49,137,12
6,1,19,6,1,0.109375,0,0.16666663888889352,0.33071891388307384,59.5,0.0,0.125,53,138,12
4,1,22,6,1,0.109375,0,0.24999993750001562,0.33071891388307384,67.0,0.0,0.125,51,141,12
6,1,23,6,1,0.109375,0,0.16666663888889352,0.33071891388307384,70.0,0.0,0.125,62,142,12
3,13,24,4,3,1.234375,1,1.0,1.1110243021644486,10.428571428571429,0.25,1.625,54,143,12
3,7,23,5,3,1.109375,1,1.0,1.0532687216470449,17.0,0.125,0.875,59,145,12
7,0,23,6,0,0.0,0,0.0,0.0,132.0,0.0,0.0,58,147,12
4,7,22,5,3,1.109375,1,1.0,1.0532687216470449,16.5,0.0,0.875,53,145,12
7,0,25,6,0,0.0,0,0.0,0.0,141.0,0.0,0.0,59,150,12
1,25,1,1,4,2.359375,1,1.0,1.5360257159305635,0.07692307692307693,0.875,3.125,0,2,13
7,32,0,0,4,0.0,1,1.0,0.0,0.0,0.0,4.0,0,0,13
7,22,0,3,4,2.9375,1,1.0,1.713913650100261,0.0,0.0,2.75,0,3,13
2,25,0,1,4,2.359375,1,1.0,1.5360257159305635,0.0,0.75,3.125,0,2,13
3,13,0,5,4,3.484375,1,1.0,1.8666480653835098,0.0,0.375,1.625,0,7,13
6,10,0,6,4,2.9375,1,1.0,1.713913650100261,0.0,0.0,1.25,0,9,13
4,5,2,6,4,1.734375,1,1.0,1.3169567191065923,1.8333333333333333,0.125,0.625,5,10,13
2,8,5,6,4,1.75,1,1.0,1.3228756555322954,3.111111111111111,0.25,1.0,0,15,13
2,15,0,4,4,3.609375,1,1.0,1.899835519196333,0.0,0.5,1.875,0,5,13
5,10,2,6,4,2.9375,1,1.0,1.713913650100261,1.0909090909090908,0.0,1.25,1,9,13
1,2,4,8,1,0.1875,1,1.0,0.4330127018922193,8.0,0.25,0.25,0,19,13
6,10,1,6,4,2.9375,1,1.0,1.713913650100261,0.5454545454545454,0.0,1.25,4,9,13
7,7,3,6,4,2.359375,1,0.9999998571428775,1.5360257159305635,2.0,0.0,0.875,7,13,13
3,3,5,7,3,0.984375,1,0.9999996666667778,0.9921567416492215,8.0,0.125,0.375,0,22,13
1,2,7,7,2,0.4375,1,1.0,0.6614378277661477,14.333333333333334,0.125,0.25,0,23,13
6,1,4,7,1,0.109375,0,0.16666663888889352,0.33071891388307384,11.0,0.0,0.125,17,14,13
4,2,5,7,2,0.4375,0,0.49999987500003124,0.6614378277661477,10.666666666666666,0.0,0.25,5,23,13
6,0,2,7,0,0.0,0,0.0,0.0,10.0,0.0,0.0,8,12,13
7,16,4,5,4,2.25,1,1.0,1.5,1.411764705882353,0.0,2.0,12,20,13
5,1,3,7,1,0.109375,0,0.199999960000008,0.33071891388307384,8.5,0.0,0.125,13,14,13
2,6,10,6,4,1.9375,1,1.0,1.3919410907075054,8.714285714285714,0.25,0.75,5,31,13
4,2,8,7,2,0.4375,0,0.49999987500003124,0.6614378277661477,14.666666666666666,0.0,0.25,14,23,13
7,3,4,7,3,0.984375,0,0.4285713673469475,0.9921567416492215,6.25,0.0,0.375,17,22,13
6,3,8,7,2,0.484375,0,0.49999991666668053,0.6959705453537527,11.75,0.0,0.375,18,24,13
5,0,7,7,0,0.0,0,0.0,0.0,44.0,0.0,0.0,12,29,13
7,3,3,7,3,0.984375,0,0.4285713673469475,0.9921567416492215,4.5,0.0,0.375,15,21,13
7,2,6,7,2,0.4375,0,0.285714244897965,0.6614378277661477,12.0,0.0,0.25,16,23,13
6,0,9,7,0,0.0,0,0.0,0.0,50.0,0.0,0.0,19,34,13
5,6,8,6,4,1.9375,1,1.0,1.3919410907075054,7.0,0.0,0.75,19,31,13
2,10,10,4,4,2.1875,1,1.0,1.479019945774904,5.090909090909091,0.375,1.25,14,36,13
5,0,6,5,0,0.0,0,0.0,0.0,28.0,0.0,0.0,14,44,13
7,6,9,6,4,1.9375,0,0.857142734693895,1.3919410907075054,7.714285714285714,0.0,0.75,24,31,13
3,0,5,5,0,0.0,0,0.0,0.0,25.0,0.0,0.0,11,44,13
5,0,4,5,0,0.0,0,0.0,0.0,20.0,0.0,0.0,11,43,13
7,0,9,6,0,0.0,0,0.0,0.0,40.0,0.0,0.0,14,52,13
2,0,8,8,0,0.0,0,0.0,0.0,47.0,0.0,0.0,5,59,13
3,0,8,5,0,0.0,0,0.0,0.0,35.0,0.0,0.0,11,47,13
2,0,7,5,0,0.0,0,0.0,0.0,33.0,0.0,0.0,11,44,13
7,5,10,5,2,0.484375,0,0.7142856122449125,0.6959705453537527,7.666666666666667,0.0,0.625,17,54,13
5,7,9,4,3,1.109375,1,1.0,1.0532687216470449,4.75,0.0,0.875,12,50,13
5,6,10,5,3,1.1875,1,1.0,1.0897247358851685,6.714285714285714,0.0,0.75,16,53,13
4,0,8,6,0,0.0,0,0.0,0.0,36.0,0.0,0.0,13,51,13
4,8,9,6,4,2.25,1,1.0,1.5,5.666666666666667,0.125,1.0,9,58,13
7,5,11,5,2,0.484375,0,0.7142856122449125,0.6959705453537527,8.833333333333334,0.0,0.625,22,54,13
3,0,10,8,0,0.0,0,0.0,0.0,54.0,0.0,0.0,12,63,13
2,0,9,7,0,0.0,0,0.0,0.0,56.0,0.0,0.0,1,77,13
4,0,10,8,0,0.0,0,0.0,0.0,55.0,0.0,0.0,12,61,13
4,2,9,7,2,0.4375,0,0.49999987500003124,0.6614378277661477,18.333333333333332,0.0,0.25,13,72,13
3,8,10,7,4,1.75,1,1.0,1.3228756555322954,6.555555555555555,0.125,1.0,17,66,13
8,2,8,7,1,0.1875,0,0.24999996875000394,0.4330127018922193,14.333333333333334,0.0,0.25,22,56,13
2,0,11,7,0,0.0,0,0.0,0.0,60.0,0.0,0.0,9,77,13
2,0,10,7,0,0.0,0,0.0,0.0,58.0,0.0,0.0,8,77,13
6,0,9,8,0,0.0,0,0.0,0.0,49.0,0.0,0.0,25,60,13
5,7,8,6,4,1.859375,1,1.0,1.3635890143294642,6.5,0.0,0.875,14,76,13
3,10,12,5,4,1.6875,1,1.0,1.299038105676658,5.636363636363637,0.125,1.25,10,78,13
1,0,14,8,0,0.0,0,0.0,0.0,91.0,0.0,0.0,5,93,13
3,4,14,7,2,0.75,1,1.0,0.8660254037844386,16.8,0.0,0.5,3,89,13
3,0,12,7,0,0.0,0,0.0,0.0,61.0,0.0,0.0,10,79,13
8,7,11,6,4,1.859375,0,0.8749998906250137,1.3635890143294642,7.125,0.0,0.875,34,64,13
8,0,9,8,0,0.0,0,0.0,0.0,51.0,0.0,0.0,35,68,13
2,2,15,8,2,0.4375,1,0.99999950000025,0.6614378277661477,31.333333333333332,0.125,0.25,0,102,13
1,3,15,7,2,0.484375,1,1.0,0.6959705453537527,23.5,0.25,0.375,0,101,13
6,7,9,6,4,1.859375,1,1.0,1.3635890143294642,7.125,0.0,0.875,28,76,13
4,1,16,7,1,0.109375,0,0.24999993750001562,0.33071891388307384,42.0,0.0,0.125,22,84,13
2,6,14,7,3,1.1875,1,1.0,1.0897247358851685,12.285714285714286,0.25,0.75,4,104,13
2,4,16,6,2,0.5,1,1.0,0.7071067811865476,19.6,0.125,0.5,8,106,13
4,1,14,8,1,0.109375,0,0.24999993750001562,0.33071891388307384,45.0,0.0,0.125,16,100,13
1,1,17,7,1,0.109375,1,0.9999990000010001,0.33071891388307384,52.5,0.125,0.125,0,109,13
4,0,16,7,0,0.0,0,0.0,0.0,96.0,0.0,0.0,11,107,13
3,8,18,7,4,1.75,1,1.0,1.3228756555322954,12.444444444444445,0.125,1.0,10,111,13
8,5,10,7,2,0.484375,0,0.6249999218750099,0.6959705453537527,9.833333333333334,0.0,0.625,42,69,13
6,0,11,7,0,0.0,0,0.0,0.0,55.0,0.0,0.0,35,79,13
5,0,13,7,0,0.0,0,0.0,0.0,64.0,0.0,0.0,37,79,13
5,0,14,7,0,0.0,0,0.0,0.0,69.0,0.0,0.0,41,80,13
6,0,15,7,0,0.0,0,0.0,0.0,74.0,0.0,0.0,47,82,13
1,8,18,5,3,1.5,1,1.0,1.224744871391589,12.88888888888889,0.5,1.0,1,121,13
4,1,19,6,1,0.109375,0,0.24999993750001562,0.33071891388307384,60.0,0.0,0.125,1,122,13
2,7,22,6,4,1.859375,1,1.0,1.3635890143294642,17.875,0.25,0.875,0,134,13
2,1,20,6,1,0.109375,0,0.499999750000125,0.33071891388307384,62.0,0.0,0.125,4,122,13
7,0,16,7,0,0.0,0,0.0,0.0,80.0,0.0,0.0,48,82,13
5,3,14,7,2,0.484375,0,0.599999880000024,0.6959705453537527,20.5,0.0,0.375,46,88,13
8,3,13,7,2,0.484375,0,0.3749999531250059,0.6959705453537527,18.5,0.0,0.375,42,88,13
3,4,22,6,3,1.0,1,1.0,1.0,28.6,0.125,0.5,0,133,13
7,0,13,8,0,0.0,0,0.0,0.0,79.0,0.0,0.0,50,91,13
2,1,22,7,1,0.109375,0,0.499999750000125,0.33071891388307384,71.5,0.0,0.125,4,138,13
8,3,14,7,2,0.484375,0,0.3749999531250059,0.6959705453537527,21.5,0.0,0.375,57,92,13
8,6,15,7,3,1.1875,0,0.7499999062500118,1.0897247358851685,12.571428571428571,0.0,0.75,54,104,13
5,8,18,7,4,1.75,1,1.0,1.3228756555322954,11.88888888888889,0.0,1.0,45,114,13
1,7,24,5,2,0.609375,1,1.0,0.7806247497997998,18.5,0.625,0.875,8,141,13
3,1,23,7,1,0.109375,0,0.33333322222225925,0.33071891388307384,72.5,0.0,0.125,9,140,13
7,1,13,8,1,0.109375,0,0.1428571224489825,0.33071891388307384,41.5,0.0,0.125,50,100,13
8,4,15,6,2,0.5,0,0.4999999375000079,0.7071067811865476,18.0,0.0,0.5,56,106,13
5,8,20,7,4,1.75,1,1.0,1.3228756555322954,13.222222222222221,0.0,1.0,50,114,13
7,0,17,7,0,0.0,0,0.0,0.0,100.0,0.0,0.0,57,107,13
7,8,19,7,4,1.75,1,1.0,1.3228756555322954,12.444444444444445,0.0,1.0,56,114,13
5,8,19,5,3,1.5,1,1.0,1.224744871391589,13.0,0.0,1.0,48,121,13
6,0,17,8,0,0.0,0,0.0,0.0,110.0,0.0,0.0,56,120,13
7,1,18,7,1,0.109375,0,0.1428571224489825,0.33071891388307384,53.0,0.0,0.125,61,109,13
6,8,20,5,3,1.5,1,1.0,1.224744871391589,13.555555555555555,0.0,1.0,59,121,13
7,0,16,8,0,0.0,0,0.0,0.0,103.0,0.0,0.0,57,120,13
8,1,21,7,1,0.109375,0,0.12499998437500197,0.33071891388307384,68.0,0.0,0.125,60,127,13
5,4,20,6,2,0.5,0,0.799999840000032,0.7071067811865476,25.0,0.0,0.5,60,123,13
6,4,21,6,2,0.5,0,0.6666665555555741,0.7071067811865476,26.0,0.0,0.5,61,123,13
5,9,23,6,4,1.609375,1,1.0,1.2686114456365274,15.1,0.0,1.125,65,129,13
6,0,21,7,0,0.0,0,0.0,0.0,132.0,0.0,0.0,60,125,13
8,9,24,6,4,1.609375,1,1.0,1.2686114456365274,15.6,0.0,1.125,70,129,13
7,1,22,7,1,0.109375,0,0.1428571224489825,0.33071891388307384,72.0,0.0,0.125,66,128,13
5,0,24,6,0,0.0,0,0.0,0.0,148.0,0.0,0.0,58,146,13
8,0,23,6,0,0.0,0,0.0,0.0,140.0,0.0,0.0,60,146,13
5,0,21,8,0,0.0,0,0.0,0.0,138.0,0.0,0.0,69,135,13
3,30,1,2,4,0.4375,1,1.0,0.6614378277661477,0.12903225806451613,0.875,3.75,0,2,14
1,32,0,0,4,0.0,1,1.0,0.0,0.0,1.0,4.0,0,0,14
4,23,0,4,4,2.859375,1,1.0,1.6909686573085854,0.0,0.625,2.875,0,4,14
4,30,0,2,4,0.4375,1,1.0,0.6614378277661477,0.0,0.875,3.75,0,2,14
1,31,0,1,4,0.109375,1,1.0,0.33071891388307384,0.0,1.0,3.875,0,1,14
5,22,1,4,4,2.1875,1,1.0,1.479019945774904,0.13043478260869565,0.0,2.75,0,7,14
4,15,1,5,4,3.109375,1,1.0,1.7633419974582356,0.0625,0.375,1.875,0,10,14
5,10,1,7,4,2.9375,1,1.0,1.713913650100261,0.36363636363636365,0.0,1.25,0,11,14
4,10,0,7,4,2.9375,1,1.0,1.713913650100261,0.0,0.25,1.25,0,11,14
3,22,0,4,4,2.1875,1,1.0,1.479019945774904,0.0,0.625,2.75,0,7,14
3,10,2,7,4,2.9375,1,1.0,1.713913650100261,0.8181818181818182,0.25,1.25,3,11,14
7,5,3,8,3,0.984375,0,0.7142856122449125,0.9921567416492215,2.6666666666666665,0.0,0.625,6,14,14
1,15,0,5,4,3.109375,1,1.0,1.7633419974582356,0.0,0.625,1.875,0,10,14
4,6,3,8,2,0.6875,1,1.0,0.82915619758885,2.857142857142857,0.0,0.75,5,16,14
8,1,2,9,1,0.109375,0,0.12499998437500197,0.33071891388307384,4.0,0.0,0.125,7,13,14
5,1,1,9,1,0.109375,0,0.199999960000008,0.33071891388307384,1.5,0.0,0.125,4,12,14
1,1,3,7,1,0.109375,1,0.9999990000010001,0.33071891388307384,9.0,0.125,0.125,0,23,14
6,2,4,8,1,0.1875,0,0.33333327777778704,0.4330127018922193,8.666666666666666,0.0,0.25,7,17,14
3,10,4,6,4,2.1875,1,1.0,1.479019945774904,2.1818181818181817,0.25,1.25,1,32,14
2,0,3,7,0,0.0,0,0.0,0.0,20.0,0.0,0.0,5,26,14
3,10,5,6,4,2.1875,1,1.0,1.479019945774904,2.4545454545454546,0.25,1.25,1,32,14
7,6,4,8,2,0.6875,0,0.857142734693895,0.82915619758885,3.4285714285714284,0.0,0.75,13,16,14
5,2,5,8,1,0.1875,0,0.399999920000016,0.4330127018922193,10.666666666666666,0.0,0.25,13,19,14
3,4,4,6,2,0.75,1,1.0,0.8660254037844386,4.6,0.0,0.5,1,31,14
1,3,5,9,2,0.484375,1,1.0,0.6959705453537527,8.0,0.25,0.375,0,39,14
2,5,5,9,2,0.484375,1,1.0,0.6959705453537527,5.333333333333333,0.125,0.625,2,40,14
1,1,4,6,1,0.109375,1,0.9999990000010001,0.33071891388307384,11.5,0.125,0.125,0,30,14
3,2,5,9,2,0.4375,0,0.6666664444445185,0.6614378277661477,9.666666666666666,0.0,0.25,1,42,14
1,7,4,7,2,0.859375,1,1.0,0.9270248108869579,2.75,0.5,0.875,0,33,14
8,0,4,7,0,0.0,0,0.0,0.0,22.0,0.0,0.0,19,26,14
8,0,2,7,0,0.0,0,0.0,0.0,12.0,0.0,0.0,19,25,14
4,0,2,10,0,0.0,0,0.0,0.0,16.0,0.0,0.0,3,34,14
5,0,3,10,0,0.0,0,0.0,0.0,20.0,0.0,0.0,4,36,14
4,2,4,7,2,0.4375,0,0.49999987500003124,0.6614378277661477,8.0,0.0,0.25,4,47,14
1,6,6,5,2,0.4375,1,1.0,0.6614378277661477,4.428571428571429,0.625,0.75,5,48,14
3,6,5,5,2,0.4375,1,1.0,0.6614378277661477,4.0,0.0,0.75,6,48,14
6,7,4,8,4,1.859375,1,1.0,1.3635890143294642,3.125,0.0,0.875,11,37,14
5,3,4,9,2,0.484375,0,0.599999880000024,0.6959705453537527,6.75,0.0,0.375,13,38,14
7,2,3,7,2,0.4375,0,0.285714244897965,0.6614378277661477,5.666666666666667,0.0,0.25,12,47,14
6,3,5,9,1,0.234375,0,0.49999991666668053,0.4841229182759271,7.5,0.0,0.375,10,43,14
4,0,6,6,0,0.0,0,0.0,0.0,26.0,0.0,0.0,10,49,14
2,0,11,7,0,0.0,0,0.0,0.0,48.0,0.0,0.0,6,62,14
1,11,9,5,4,1.734375,1,1.0,1.3169567191065923,3.75,0.625,1.375,2,59,14
2,11,7,5,4,1.734375,1,1.0,1.3169567191065923,3.25,0.5,1.375,4,59,14
1,6,8,9,3,0.9375,1,1.0,0.9682458365518543,5.428571428571429,0.5,0.75,0,71,14
4,11,8,5,4,1.734375,1,1.0,1.3169567191065923,3.4166666666666665,0.125,1.375,14,59,14
6,0,6,6,0,0.0,0,0.0,0.0,25.0,0.0,0.0,12,52,14
1,0,9,7,0,0.0,0,0.0,0.0,46.0,0.0,0.0,1,62,14
4,0,7,6,0,0.0,0,0.0,0.0,30.0,0.0,0.0,14,50,14
1,0,10,7,0,0.0,0,0.0,0.0,47.0,0.0,0.0,2,62,14
5,8,7,5,3,1.0,1,1.0,1.0,3.4444444444444446,0.0,1.0,15,53,14
2,0,8,9,0,0.0,0,0.0,0.0,39.0,0.0,0.0,12,66,14
3,3,12,6,2,0.484375,1,0.9999996666667778,0.6959705453537527,12.5,0.0,0.375,16,63,14
2,3,9,9,2,0.484375,1,1.0,0.6959705453537527,10.5,0.125,0.375,6,79,14
5,2,6,7,1,0.1875,0,0.399999920000016,0.4330127018922193,11.333333333333334,0.0,0.25,14,57,14
4,0,7,10,0,0.0,0,0.0,0.0,34.0,0.0,0.0,12,70,14
1,0,8,11,0,0.0,0,0.0,0.0,39.0,0.0,0.0,5,77,14
3,0,6,11,0,0.0,0,0.0,0.0,29.0,0.0,0.0,11,74,14
4,2,9,10,2,0.4375,0,0.49999987500003124,0.6614378277661477,13.333333333333334,0.0,0.25,9,78,14
1,0,9,8,0,0.0,0,0.0,0.0,41.0,0.0,0.0,3,84,14
1,5,9,8,3,0.984375,1,1.0,0.9921567416492215,9.5,0.375,0.625,0,91,14
5,1,8,6,1,0.109375,0,0.199999960000008,0.33071891388307384,17.5,0.0,0.125,20,61,14
3,0,9,10,0,0.0,0,0.0,0.0,41.0,0.0,0.0,11,80,14
8,5,6,6,2,0.734375,0,0.6249999218750099,0.8569568250501305,4.833333333333333,0.0,0.625,38,54,14
7,1,9,6,1,0.109375,0,0.1428571224489825,0.33071891388307384,20.0,0.0,0.125,22,61,14
2,5,10,8,4,1.734375,1,1.0,1.3169567191065923,7.333333333333333,0.125,0.625,9,81,14
1,1,7,7,1,0.109375,1,0.9999990000010001,0.33071891388307384,22.0,0.125,0.125,0,95,14
7,0,7,11,0,0.0,0,0.0,0.0,32.0,0.0,0.0,26,74,14
5,5,11,8,4,1.734375,1,0.99999980000004,1.3169567191065923,7.666666666666667,0.0,0.625,11,81,14
5,5,10,7,2,0.734375,1,0.99999980000004,0.8569568250501305,7.0,0.0,0.625,14,85,14
7,0,8,8,0,0.0,0,0.0,0.0,34.0,0.0,0.0,19,84,14
4,4,4,6,2,0.5,1,0.9999997500000625,0.7071067811865476,5.6,0.0,0.5,0,104,14
8,5,9,7,2,0.734375,0,0.6249999218750099,0.8569568250501305,7.0,0.0,0.625,20,87,14
3,13,8,6,4,2.234375,1,1.0,1.4947825928876748,3.857142857142857,0.375,1.625,8,92,14
7,2,9,8,2,0.4375,0,0.285714244897965,0.6614378277661477,17.333333333333332,0.0,0.25,21,90,14
4,0,4,7,0,0.0,0,0.0,0.0,28.0,0.0,0.0,7,106,14
7,0,8,9,0,0.0,0,0.0,0.0,45.0,0.0,0.0,19,89,14
3,9,6,5,3,1.359375,1,1.0,1.165922381636102,3.7,0.25,1.125,2,116,14
3,3,7,5,3,0.984375,1,0.9999996666667778,0.9921567416492215,9.75,0.125,0.375,6,110,14
2,3,6,5,3,0.984375,1,1.0,0.9921567416492215,9.25,0.125,0.375,0,110,14
7,8,5,5,3,1.5,1,1.0,1.224744871391589,3.5555555555555554,0.0,1.0,14,107,14
8,5,6,5,2,0.734375,0,0.6249999218750099,0.8569568250501305,5.5,0.0,0.625,16,113,14
6,6,7,6,4,1.6875,1,0.9999998333333611,1.299038105676658,6.285714285714286,0.0,0.75,17,99,14
3,0,4,7,0,0.0,0,0.0,0.0,28.0,0.0,0.0,2,119,14
7,10,5,4,4,1.9375,1,1.0,1.3919410907075054,2.8181818181818183,0.0,1.25,14,108,14
8,0,5,7,0,0.0,0,0.0,0.0,31.0,0.0,0.0,15,120,14
6,3,5,5,3,0.984375,0,0.49999991666668053,0.9921567416492215,7.75,0.0,0.375,15,110,14
1,2,8,5,2,0.4375,1,1.0,0.6614378277661477,17.333333333333332,0.125,0.25,0,134,14
6,11,6,5,4,1.234375,1,1.0,1.1110243021644486,3.25,0.0,1.375,15,121,14
6,8,5,6,4,1.5,1,1.0,1.224744871391589,3.888888888888889,0.0,1.0,20,122,14
4,4,10,5,2,0.5,1,0.9999997500000625,0.7071067811865476,12.4,0.0,0.5,0,141,14
5,2,7,5,2,0.4375,0,0.399999920000016,0.6614378277661477,15.666666666666666,0.0,0.25,17,134,14
2,9,10,5,4,1.359375,1,1.0,1.165922381636102,5.7,0.125,1.125,4,143,14
7,1,5,6,1,0.109375,0,0.1428571224489825,0.33071891388307384,17.5,0.0,0.125,17,127,14
7,8,6,6,4,1.5,1,1.0,1.224744871391589,4.555555555555555,0.0,1.0,21,122,14
1,9,9,5,4,1.359375,1,1.0,1.165922381636102,5.6,0.75,1.125,0,143,14
5,2,6,5,2,0.4375,0,0.399999920000016,0.6614378277661477,14.0,0.0,0.25,14,133,14
2,0,10,7,0,0.0,0,0.0,0.0,59.0,0.0,0.0,14,145,14
5,1,6,6,1,0.109375,0,0.199999960000008,0.33071891388307384,19.0,0.0,0.125,18,137,14
5,1,7,6,1,0.109375,0,0.199999960000008,0.33071891388307384,21.5,0.0,0.125,21,137,14
6,1,8,6,1,0.109375,0,0.16666663888889352,0.33071891388307384,24.0,0.0,0.125,23,137,14
4,0,11,7,0,0.0,0,0.0,0.0,61.0,0.0,0.0,20,146,14
4,0,12,7,0,0.0,0,0.0,0.0,65.0,0.0,0.0,21,146,14
8,4,9,5,2,0.5,0,0.4999999375000079,0.7071067811865476,10.8,0.0,0.5,25,140,14
8,2,5,5,2,0.4375,0,0.24999996875000394,0.6614378277661477,11.333333333333334,0.0,0.25,32,131,14
2,0,12,7,0,0.0,0,0.0,0.0,65.0,0.0,0.0,19,148,14
3,0,11,7,0,0.0,0,0.0,0.0,62.0,0.0,0.0,20,148,14
8,9,11,5,4,1.359375,1,1.0,1.165922381636102,5.9,0.0,1.125,38,143,14
7,7,10,6,2,0.859375,1,0.9999998571428775,0.9270248108869579,7.375,0.0,0.875,27,144,14
7,0,13,7,0,0.0,0,0.0,0.0,67.0,0.0,0.0,35,148,14
1,15,1,4,4,3.609375,1,1.0,1.899835519196333,0.1875,0.5,1.875,0,5,15
8,25,0,2,4,2.359375,1,1.0,1.5360257159305635,0.0,0.0,3.125,0,4,15
2,25,1,2,4,2.359375,1,1.0,1.5360257159305635,0.3076923076923077,0.75,3.125,0,4,15
2,27,0,1,4,1.734375,1,1.0,1.3169567191065923,0.0,0.875,3.375,0,2,15
5,32,0,0,4,0.0,1,1.0,0.0,0.0,0.0,4.0,0,0,15
6,11,0,6,4,3.234375,1,1.0,1.79843682124227,0.0,0.0,1.375,0,9,15
6,5,0,7,4,1.734375,0,0.8333331944444675,1.3169567191065923,0.0,0.0,0.625,4,10,15
3,5,2,7,4,1.734375,1,1.0,1.3169567191065923,1.8333333333333333,0.125,0.625,4,10,15
3,15,0,4,4,3.609375,1,1.0,1.899835519196333,0.0,0.5,1.875,0,5,15
5,5,1,7,4,1.734375,1,0.99999980000004,1.3169567191065923,1.0,0.0,0.625,0,10,15
3,5,3,7,4,1.734375,1,1.0,1.3169567191065923,2.3333333333333335,0.125,0.625,5,10,15
1,21,0,3,4,2.734375,1,1.0,1.653594569415369,0.0,0.75,2.625,0,19,15
6,23,0,3,4,2.859375,1,1.0,1.6909686573085854,0.0,0.0,2.875,0,25,15
5,14,2,4,4,2.6875,1,1.0,1.6393596310755,0.26666666666666666,0.0,1.75,0,27,15
6,23,1,3,4,2.859375,1,1.0,1.6909686573085854,0.25,0.0,2.875,0,25,15
1,14,1,4,4,2.6875,1,1.0,1.6393596310755,0.2,0.625,1.75,0,27,15
6,5,0,7,4,1.734375,0,0.8333331944444675,1.3169567191065923,0.0,0.0,0.625,1,28,15
5,23,0,3,4,1.609375,1,1.0,1.2686114456365274,0.0,0.0,2.875,0,23,15
1,0,4,7,0,0.0,0,0.0,0.0,13.0,0.0,0.0,3,36,15
6,0,0,7,0,0.0,0,0.0,0.0,0.0,0.0,0.0,4,30,15
3,14,0,4,4,2.6875,1,1.0,1.6393596310755,0.0,0.375,1.75,0,27,15
3,0,1,7,0,0.0,0,0.0,0.0,8.0,0.0,0.0,2,35,15
1,0,3,7,0,0.0,0,0.0,0.0,12.0,0.0,0.0,2,35,15
1,5,6,6,3,1.234375,1,1.0,1.1110243021644486,3.6666666666666665,0.25,0.625,2,37,15
8,0,1,7,0,0.0,0,0.0,0.0,6.0,0.0,0.0,6,33,15
1,0,2,7,0,0.0,0,0.0,0.0,11.0,0.0,0.0,2,35,15
8,0,5,7,0,0.0,0,0.0,0.0,14.0,0.0,0.0,4,36,15
8,0,1,9,0,0.0,0,0.0,0.0,7.0,0.0,0.0,7,42,15
7,0,0,9,0,0.0,0,0.0,0.0,0.0,0.0,0.0,3,42,15
4,7,2,5,2,0.859375,1,1.0,0.9270248108869579,1.375,0.0,0.875,0,46,15
1,1,3,6,1,0.109375,1,0.9999990000010001,0.33071891388307384,8.5,0.125,0.125,0,47,15
3,1,2,8,1,0.109375,0,0.33333322222225925,0.33071891388307384,7.5,0.0,0.125,2,44,15
2,7,3,5,2,0.859375,1,1.0,0.9270248108869579,1.875,0.375,0.875,11,46,15
3,0,3,7,0,0.0,0,0.0,0.0,12.0,0.0,0.0,9,52,15
7,1,2,6,1,0.109375,0,0.1428571224489825,0.33071891388307384,5.0,0.0,0.125,10,47,15
3,0,2,7,0,0.0,0,0.0,0.0,9.0,0.0,0.0,9,52,15
3,1,8,8,1,0.109375,0,0.33333322222225925,0.33071891388307384,23.0,0.0,0.125,2,71,15
3,0,4,7,0,0.0,0,0.0,0.0,15.0,0.0,0.0,11,52,15
4,1,5,6,1,0.109375,0,0.24999993750001562,0.33071891388307384,9.0,0.0,0.125,7,56,15
6,9,6,5,3,1.609375,1,1.0,1.2686114456365274,2.2,0.0,1.125,6,57,15
1,1,6,8,1,0.109375,1,0.9999990000010001,0.33071891388307384,15.0,0.125,0.125,0,64,15
3,3,6,8,2,0.484375,1,0.9999996666667778,0.6959705453537527,7.5,0.0,0.375,0,65,15
4,0,7,7,0,0.0,0,0.0,0.0,27.0,0.0,0.0,13,59,15
4,0,5,7,0,0.0,0,0.0,0.0,19.0,0.0,0.0,8,58,15
4,0,6,7,0,0.0,0,0.0,0.0,23.0,0.0,0.0,14,58,15
7,0,8,7,0,0.0,0,0.0,0.0,31.0,0.0,0.0,23,60,15
4,4,8,5,2,0.75,1,0.9999997500000625,0.8660254037844386,10.8,0.0,0.5,0,85,15
5,8,9,6,3,1.25,1,1.0,1.118033988749895,4.222222222222222,0.0,1.0,22,61,15
6,14,8,5,4,2.6875,1,1.0,1.6393596310755,2.466666666666667,0.0,1.75,21,63,15
6,1,6,8,1,0.109375,0,0.16666663888889352,0.33071891388307384,16.5,0.0,0.125,15,69,15
2,4,8,5,2,0.5,1,1.0,0.7071067811865476,10.8,0.125,0.5,0,88,15
5,12,9,5,4,2.5,1,1.0,1.5811388300841898,4.615384615384615,0.0,1.5,0,92,15
7,5,6,7,3,1.234375,0,0.7142856122449125,1.1110243021644486,5.0,0.0,0.625,26,66,15
1,2,9,6,1,0.1875,1,1.0,0.4330127018922193,20.0,0.25,0.25,0,90,15
6,3,9,8,2,0.484375,0,0.49999991666668053,0.6959705453537527,15.0,0.0,0.375,20,81,15
7,1,7,8,1,0.109375,0,0.1428571224489825,0.33071891388307384,19.5,0.0,0.125,29,71,15
4,0,8,7,0,0.0,0,0.0,0.0,53.0,0.0,0.0,7,93,15
7,1,9,8,1,0.109375,0,0.1428571224489825,0.33071891388307384,24.5,0.0,0.125,31,71,15
7,0,7,9,0,0.0,0,0.0,0.0,45.0,0.0,0.0,30,74,15
1,0,16,7,0,0.0,0,0.0,0.0,96.0,0.0,0.0,8,99,15
4,0,10,7,0,0.0,0,0.0,0.0,63.0,0.0,0.0,19,93,15
6,4,7,5,2,0.75,0,0.6666665555555741,0.8660254037844386,9.6,0.0,0.5,26,85,15
1,7,21,7,4,2.359375,1,1.0,1.5360257159305635,13.125,0.25,0.875,0,121,15
6,16,10,5,4,3.25,1,1.0,1.8027756377319946,3.8823529411764706,0.0,2.0,26,83,15
5,0,13,7,0,0.0,0,0.0,0.0,81.0,0.0,0.0,26,96,15
1,0,18,6,0,0.0,0,0.0,0.0,97.0,0.0,0.0,5,106,15
6,0,9,7,0,0.0,0,0.0,0.0,57.0,0.0,0.0,28,93,15
2,11,19,5,4,1.734375,1,1.0,1.3169567191065923,8.916666666666666,0.5,1.375,25,100,15
2,0,19,6,0,0.0,0,0.0,0.0,98.0,0.0,0.0,20,106,15
5,11,18,5,4,1.734375,1,1.0,1.3169567191065923,8.5,0.0,1.375,30,100,15
1,6,19,8,2,0.6875,1,1.0,0.82915619758885,13.571428571428571,0.5,0.75,0,130,15
5,0,17,7,0,0.0,0,0.0,0.0,97.0,0.0,0.0,29,99,15
1,4,17,6,2,0.75,1,1.0,0.8660254037844386,17.6,0.25,0.5,8,112,15
6,2,8,6,1,0.1875,0,0.33333327777778704,0.4330127018922193,18.0,0.0,0.25,30,90,15
3,0,14,7,0,0.0,0,0.0,0.0,86.0,0.0,0.0,28,97,15
8,0,8,9,0,0.0,0,0.0,0.0,52.0,0.0,0.0,60,74,15
7,0,11,7,0,0.0,0,0.0,0.0,67.0,0.0,0.0,41,94,15
1,1,21,9,1,0.109375,1,0.9999990000010001,0.33071891388307384,52.5,0.125,0.125,0,131,15
7,0,12,7,0,0.0,0,0.0,0.0,74.0,0.0,0.0,44,96,15
2,0,17,7,0,0.0,0,0.0,0.0,85.0,0.0,0.0,30,113,15
4,7,18,5,3,1.109375,1,1.0,1.0532687216470449,12.375,0.0,0.875,35,102,15
8,0,17,6,0,0.0,0,0.0,0.0,89.0,0.0,0.0,42,106,15
2,7,18,5,2,0.859375,1,1.0,0.9270248108869579,11.625,0.375,0.875,26,111,15
4,0,19,7,0,0.0,0,0.0,0.0,90.0,0.0,0.0,37,114,15
1,7,20,6,3,1.109375,1,1.0,1.0532687216470449,12.625,0.5,0.875,3,140,15
7,0,15,7,0,0.0,0,0.0,0.0,89.0,0.0,0.0,46,98,15
7,6,18,6,4,1.9375,0,0.857142734693895,1.3919410907075054,14.0,0.0,0.75,45,101,15
6,0,20,7,0,0.0,0,0.0,0.0,94.0,0.0,0.0,39,114,15
8,0,21,7,0,0.0,0,0.0,0.0,100.0,0.0,0.0,41,117,15
3,0,18,7,0,0.0,0,0.0,0.0,87.0,0.0,0.0,34,114,15
4,0,22,7,0,0.0,0,0.0,0.0,108.0,0.0,0.0,39,117,15
2,3,22,6,2,0.484375,1,1.0,0.6959705453537527,27.5,0.125,0.375,10,143,15
3,6,21,6,4,1.9375,1,1.0,1.3919410907075054,14.857142857142858,0.125,0.75,26,137,15
3,1,17,9,1,0.109375,0,0.33333322222225925,0.33071891388307384,44.5,0.0,0.125,34,129,15
5,6,20,8,2,0.6875,1,1.0,0.82915619758885,13.714285714285714,0.0,0.75,33,130,15
4,5,20,7,2,0.734375,1,1.0,0.8569568250501305,16.5,0.0,0.625,41,122,15
2,3,23,6,2,0.484375,1,1.0,0.6959705453537527,28.0,0.125,0.375,11,143,15
5,6,21,8,2,0.6875,1,1.0,0.82915619758885,14.428571428571429,0.0,0.75,36,130,15
3,1,16,9,1,0.109375,0,0.33333322222225925,0.33071891388307384,43.0,0.0,0.125,34,129,15
7,0,21,10,0,0.0,0,0.0,0.0,105.0,0.0,0.0,40,132,15
7,0,21,7,0,0.0,0,0.0,0.0,103.0,0.0,0.0,32,142,15
3,6,18,8,2,0.6875,1,1.0,0.82915619758885,13.142857142857142,0.0,0.75,33,130,15
7,1,20,7,1,0.109375,0,0.1428571224489825,0.33071891388307384,48.5,0.0,0.125,37,136,15
5,1,20,9,1,0.109375,0,0.199999960000008,0.33071891388307384,50.0,0.0,0.125,39,131,15
5,8,22,7,3,1.5,1,1.0,1.224744871391589,12.333333333333334,0.0,1.0,36,144,15
8,7,21,6,3,1.109375,0,0.8749998906250137,1.0532687216470449,12.75,0.0,0.875,40,140,15
6,8,23,7,3,1.5,1,1.0,1.224744871391589,12.88888888888889,0.0,1.0,37,144,15
5,1,23,8,1,0.109375,0,0.199999960000008,0.33071891388307384,57.5,0.0,0.125,37,145,15
5,1,23,8,1,0.109375,0,0.199999960000008,0.33071891388307384,56.5,0.0,0.125,41,147,15
8,0,22,7,0,0.0,0,0.0,0.0,107.0,0.0,0.0,43,149,15
8,29,0,1,4,0.984375,1,1.0,0.9921567416492215,0.0,0.0,3.625,0,3,16
3,14,0,3,4,3.4375,1,1.0,1.8540496217739157,0.0,0.375,1.75,0,5,16
3,32,0,0,4,0.0,1,1.0,0.0,0.0,1.0,4.0,0,1,16
3,3,3,5,3,0.984375,1,0.9999996666667778,0.9921567416492215,4.0,0.125,0.375,0,9,16
4,3,2,5,3,0.984375,0,0.7499998125000469,0.9921567416492215,3.0,0.0,0.375,5,9,16
7,21,0,2,4,3.234375,1,1.0,1.79843682124227,0.0,0.0,2.625,0,4,16
3,0,4,6,0,0.0,0,0.0,0.0,20.0,0.0,0.0,6,11,16
2,2,5,6,1,0.1875,1,0.99999950000025,0.4330127018922193,9.666666666666666,0.0,0.25,0,15,16
8,11,0,4,4,3.234375,1,1.0,1.79843682124227,0.0,0.0,1.375,0,6,16
5,3,0,5,3,0.984375,0,0.599999880000024,0.9921567416492215,0.0,0.0,0.375,7,7,16
7,3,1,5,3,0.984375,0,0.4285713673469475,0.9921567416492215,1.25,0.0,0.375,14,8,16
4,0,3,6,0,0.0,0,0.0,0.0,16.0,0.0,0.0,12,11,16
8,0,5,6,0,0.0,0,0.0,0.0,23.0,0.0,0.0,14,12,16
6,0,6,7,0,0.0,0,0.0,0.0,41.0,0.0,0.0,3,20,16
8,2,6,6,1,0.1875,0,0.24999996875000394,0.4330127018922193,10.333333333333334,0.0,0.25,17,15,16
7,3,6,6,3,0.984375,0,0.4285713673469475,0.9921567416492215,9.25,0.0,0.375,10,17,16
2,12,7,3,4,2.25,1,1.0,1.5,3.6923076923076925,0.375,1.5,0,32,16
7,0,6,6,0,0.0,0,0.0,0.0,31.0,0.0,0.0,14,13,16
6,0,3,5,0,0.0,0,0.0,0.0,23.0,0.0,0.0,12,28,16
7,7,7,5,3,1.609375,1,0.9999998571428775,1.2686114456365274,5.875,0.0,0.875,14,22,16
8,2,5,5,1,0.1875,0,0.24999996875000394,0.4330127018922193,12.333333333333334,0.0,0.25,13,25,16
3,2,7,5,2,0.4375,0,0.6666664444445185,0.6614378277661477,15.333333333333334,0.0,0.25,8,33,16
1,1,13,5,1,0.109375,1,0.9999990000010001,0.33071891388307384,37.0,0.125,0.125,0,43,16
7,0,4,5,0,0.0,0,0.0,0.0,29.0,0.0,0.0,16,28,16
1,6,13,5,2,0.6875,1,1.0,0.82915619758885,9.857142857142858,0.5,0.75,0,48,16
7,4,5,4,3,1.0,0,0.57142848979593,1.0,7.2,0.0,0.5,21,30,16
7,8,9,4,4,2.0,1,1.0,1.4142135623730951,5.888888888888889,0.0,1.0,18,36,16
5,12,6,3,4,2.25,1,1.0,1.5,3.3076923076923075,0.0,1.5,16,32,16
4,8,8,4,4,2.0,1,1.0,1.4142135623730951,5.444444444444445,0.125,1.0,17,36,16
1,15,12,5,4,2.109375,1,1.0,1.4523687548277813,4.0,0.75,1.875,3,51,16
2,4,11,4,2,0.5,1,1.0,0.7071067811865476,12.0,0.125,0.5,10,41,16
6,1,10,5,1,0.109375,0,0.16666663888889352,0.33071891388307384,28.5,0.0,0.125,22,37,16
4,1,9,5,1,0.109375,0,0.24999993750001562,0.33071891388307384,26.5,0.0,0.125,19,37,16
2,0,12,8,0,0.0,0,0.0,0.0,66.0,0.0,0.0,7,52,16
6,12,8,3,4,2.25,1,1.0,1.5,3.8461538461538463,0.0,1.5,19,32,16
2,1,10,9,1,0.109375,0,0.499999750000125,0.33071891388307384,35.0,0.0,0.125,2,62,16
2,1,9,9,1,0.109375,0,0.499999750000125,0.33071891388307384,34.0,0.0,0.125,2,62,16
2,0,12,6,0,0.0,0,0.0,0.0,67.0,0.0,0.0,11,45,16
8,4,12,4,2,0.5,0,0.4999999375000079,0.7071067811865476,12.4,0.0,0.5,26,41,16
7,1,12,5,1,0.109375,0,0.1428571224489825,0.33071891388307384,33.5,0.0,0.125,27,42,16
1,1,9,7,1,0.109375,1,0.9999990000010001,0.33071891388307384,29.5,0.125,0.125,0,73,16
4,1,11,5,1,0.109375,0,0.24999993750001562,0.33071891388307384,31.5,0.0,0.125,24,37,16
7,1,11,5,1,0.109375,0,0.1428571224489825,0.33071891388307384,29.5,0.0,0.125,27,39,16
1,0,8,7,0,0.0,0,0.0,0.0,54.0,0.0,0.0,1,71,16
1,17,13,5,4,1.359375,1,1.0,1.165922381636102,4.111111111111111,0.875,2.125,2,77,16
8,15,13,5,4,2.109375,1,1.0,1.4523687548277813,4.0625,0.0,1.875,26,51,16
4,5,11,8,3,0.984375,1,1.0,0.9921567416492215,12.0,0.0,0.625,16,64,16
1,17,12,5,4,1.359375,1,1.0,1.165922381636102,4.055555555555555,0.875,2.125,0,77,16
2,2,9,7,1,0.1875,1,0.99999950000025,0.4330127018922193,19.666666666666668,0.0,0.25,0,74,16
8,0,11,8,0,0.0,0,0.0,0.0,58.0,0.0,0.0,25,52,16
4,1,8,7,1,0.109375,0,0.24999993750001562,0.33071891388307384,28.5,0.0,0.125,18,68,16
8,0,13,8,0,0.0,0,0.0,0.0,68.0,0.0,0.0,28,52,16
7,0,11,7,0,0.0,0,0.0,0.0,64.0,0.0,0.0,31,55,16
8,1,10,8,1,0.109375,0,0.12499998437500197,0.33071891388307384,32.5,0.0,0.125,30,58,16
1,0,13,7,0,0.0,0,0.0,0.0,67.0,0.0,0.0,3,83,16
1,1,13,7,1,0.109375,1,0.9999990000010001,0.33071891388307384,36.5,0.125,0.125,6,79,16
2,1,15,6,1,0.109375,0,0.499999750000125,0.33071891388307384,37.0,0.0,0.125,9,85,16
7,0,9,9,0,0.0,0,0.0,0.0,65.0,0.0,0.0,34,60,16
5,0,9,8,0,0.0,0,0.0,0.0,59.0,0.0,0.0,20,75,16
2,1,12,7,1,0.109375,0,0.499999750000125,0.33071891388307384,31.5,0.0,0.125,8,87,16
3,0,10,8,0,0.0,0,0.0,0.0,64.0,0.0,0.0,13,75,16
3,0,11,7,0,0.0,0,0.0,0.0,61.0,0.0,0.0,10,81,16
1,1,16,9,1,0.109375,1,0.9999990000010001,0.33071891388307384,47.0,0.125,0.125,0,98,16
2,11,14,5,3,1.484375,1,1.0,1.2183492931011204,6.0,0.5,1.375,13,88,16
3,0,12,7,0,0.0,0,0.0,0.0,64.0,0.0,0.0,13,82,16
5,1,8,7,1,0.109375,0,0.199999960000008,0.33071891388307384,27.0,0.0,0.125,22,73,16
4,0,14,7,0,0.0,0,0.0,0.0,65.0,0.0,0.0,16,89,16
3,1,15,9,1,0.109375,0,0.33333322222225925,0.33071891388307384,45.5,0.0,0.125,10,96,16
2,11,15,5,3,1.484375,1,1.0,1.2183492931011204,6.166666666666667,0.5,1.375,16,88,16
5,3,13,9,2,0.484375,0,0.599999880000024,0.6959705453537527,23.0,0.0,0.375,4,107,16
8,0,11,8,0,0.0,0,0.0,0.0,58.0,0.0,0.0,36,78,16
6,2,11,7,2,0.4375,0,0.33333327777778704,0.6614378277661477,22.333333333333332,0.0,0.25,28,76,16
7,1,12,7,1,0.109375,0,0.1428571224489825,0.33071891388307384,33.0,0.0,0.125,29,79,16
1,0,13,7,0,0.0,0,0.0,0.0,91.0,0.0,0.0,1,113,16
6,0,14,7,0,0.0,0,0.0,0.0,68.0,0.0,0.0,35,84,16
7,0,15,7,0,0.0,0,0.0,0.0,69.0,0.0,0.0,34,89,16
4,12,14,4,3,1.25,1,1.0,1.118033988749895,7.076923076923077,0.0,1.5,1,114,16
6,1,17,7,1,0.109375,0,0.16666663888889352,0.33071891388307384,44.0,0.0,0.125,33,92,16
7,1,13,7,1,0.109375,0,0.1428571224489825,0.33071891388307384,32.5,0.0,0.125,33,87,16
7,1,15,7,1,0.109375,0,0.1428571224489825,0.33071891388307384,36.5,0.0,0.125,32,92,16
8,1,16,7,1,0.109375,0,0.12499998437500197,0.33071891388307384,40.0,0.0,0.125,37,92,16
2,1,15,6,1,0.109375,0,0.499999750000125,0.33071891388307384,49.5,0.0,0.125,16,118,16
6,1,18,7,1,0.109375,0,0.16666663888889352,0.33071891388307384,47.0,0.0,0.125,42,93,16
7,15,17,6,3,1.609375,1,1.0,1.2686114456365274,5.6875,0.0,1.875,44,95,16
7,3,17,8,1,0.234375,0,0.4285713673469475,0.4841229182759271,25.5,0.0,0.375,39,101,16
8,0,16,10,0,0.0,0,0.0,0.0,94.0,0.0,0.0,44,100,16
8,15,18,6,3,1.609375,1,1.0,1.2686114456365274,6.125,0.0,1.875,46,95,16
2,1,14,6,1,0.109375,0,0.499999750000125,0.33071891388307384,48.5,0.0,0.125,17,117,16
6,7,14,7,3,1.109375,1,1.0,1.0532687216470449,12.125,0.0,0.875,39,108,16
7,1,13,6,1,0.109375,0,0.1428571224489825,0.33071891388307384,45.0,0.0,0.125,33,117,16
7,5,13,5,1,0.234375,0,0.7142856122449125,0.4841229182759271,14.5,0.0,0.625,33,115,16
3,7,18,5,3,1.109375,1,1.0,1.0532687216470449,12.875,0.125,0.875,32,124,16
3,0,20,5,0,0.0,0,0.0,0.0,104.0,0.0,0.0,24,133,16
2,8,15,5,3,1.75,1,1.0,1.3228756555322954,10.555555555555555,0.375,1.0,30,120,16
4,1,17,6,1,0.109375,0,0.24999993750001562,0.33071891388307384,50.5,0.0,0.125,35,122,16
2,1,19,5,1,0.109375,0,0.499999750000125,0.33071891388307384,51.5,0.0,0.125,27,127,16
8,8,16,5,3,1.75,1,0.9999998750000157,1.3228756555322954,10.777777777777779,0.0,1.0,33,120,16
3,1,16,6,1,0.109375,0,0.33333322222225925,0.33071891388307384,49.0,0.0,0.125,35,121,16
5,7,18,4,3,1.109375,1,1.0,1.0532687216470449,12.375,0.0,0.875,42,125,16
4,0,19,5,0,0.0,0,0.0,0.0,92.0,0.0,0.0,25,146,16
7,8,20,4,4,1.5,1,1.0,1.224744871391589,11.666666666666666,0.0,1.0,42,129,16
5,7,17,5,3,1.109375,1,1.0,1.0532687216470449,12.25,0.0,0.875,40,124,16
5,7,19,4,3,1.109375,1,1.0,1.0532687216470449,13.0,0.0,0.875,44,125,16
3,0,19,6,0,0.0,0,0.0,0.0,102.0,0.0,0.0,31,137,16
5,0,21,5,0,0.0,0,0.0,0.0,107.0,0.0,0.0,42,133,16
7,8,18,5,4,1.5,1,1.0,1.224744871391589,10.11111111111111,0.0,1.0,35,141,16
4,8,19,4,3,1.25,1,1.0,1.118033988749895,10.0,0.0,1.0,37,148,16
5,0,19,6,0,0.0,0,0.0,0.0,95.0,0.0,0.0,42,142,16
5,8,19,5,4,1.5,1,1.0,1.224744871391589,10.88888888888889,0.0,1.0,42,141,16
6,9,19,4,3,1.609375,1,1.0,1.2686114456365274,8.7,0.0,1.125,37,150,16
5,32,2,0,4,0.0,1,1.0,0.0,0.30303030303030304,0.0,4.0,0,3,17
8,32,1,0,4,0.0,1,1.0,0.0,0.06060606060606061,0.0,4.0,0,3,17
4,4,0,7,2,0.5,1,0.9999997500000625,0.7071067811865476,0.0,0.0,0.5,0,11,17
5,17,2,3,4,3.609375,1,1.0,1.899835519196333,0.2222222222222222,0.0,2.125,0,5,17
6,8,0,6,4,3.0,1,1.0,1.7320508075688772,0.0,0.0,1.0,0,6,17
3,17,0,3,4,3.609375,1,1.0,1.899835519196333,0.0,0.5,2.125,0,5,17
2,32,0,0,4,0.0,1,1.0,0.0,0.0,1.0,4.0,0,3,17
7,2,1,7,2,0.4375,0,0.285714244897965,0.6614378277661477,1.3333333333333333,0.0,0.25,3,7,17
1,17,1,3,4,3.609375,1,1.0,1.899835519196333,0.16666666666666666,0.625,2.125,0,5,17
4,2,0,7,2,0.4375,0,0.49999987500003124,0.6614378277661477,0.0,0.0,0.25,1,7,17
1,0,0,8,0,0.0,0,0.0,0.0,0.0,0.0,0.0,4,13,17
2,6,2,5,3,1.1875,1,1.0,1.0897247358851685,1.5714285714285714,0.25,0.75,0,26,17
5,4,2,7,2,0.5,0,0.799999840000032,0.7071067811865476,1.2,0.0,0.5,1,17,17
7,7,0,7,4,1.859375,1,0.9999998571428775,1.3635890143294642,0.0,0.0,0.875,0,19,17
5,0,1,8,0,0.0,0,0.0,0.0,1.0,0.0,0.0,2,16,17
8,7,1,7,4,1.859375,0,0.8749998906250137,1.3635890143294642,0.875,0.0,0.875,3,19,17
3,2,1,6,1,0.1875,0,0.6666664444445185,0.4330127018922193,2.6666666666666665,0.0,0.25,1,25,17
2,2,2,6,1,0.1875,1,0.99999950000025,0.4330127018922193,4.333333333333333,0.0,0.25,0,30,17
5,2,1,6,1,0.1875,0,0.399999920000016,0.4330127018922193,2.6666666666666665,0.0,0.25,9,29,17
8,1,0,7,1,0.109375,0,0.12499998437500197,0.33071891388307384,0.0,0.0,0.125,14,23,17
1,0,4,7,0,0.0,0,0.0,0.0,17.0,0.0,0.0,1,35,17
6,7,0,7,3,1.609375,1,1.0,1.2686114456365274,0.0,0.0,0.875,0,40,17
1,0,2,7,0,0.0,0,0.0,0.0,13.0,0.0,0.0,3,33,17
3,0,3,7,0,0.0,0,0.0,0.0,14.0,0.0,0.0,3,34,17
5,9,0,7,4,2.859375,1,1.0,1.6909686573085854,0.0,0.0,1.125,0,39,17
5,1,2,8,1,0.109375,0,0.199999960000008,0.33071891388307384,5.0,0.0,0.125,4,42,17
2,2,5,7,1,0.1875,1,0.99999950000025,0.4330127018922193,8.0,0.0,0.25,0,49,17
3,7,1,7,3,1.609375,1,1.0,1.2686114456365274,0.75,0.25,0.875,5,40,17
4,1,3,8,1,0.109375,0,0.24999993750001562,0.33071891388307384,7.5,0.0,0.125,7,43,17
1,2,5,8,2,0.4375,1,1.0,0.6614378277661477,8.666666666666666,0.125,0.25,0,51,17
5,1,4,8,1,0.109375,0,0.199999960000008,0.33071891388307384,9.5,0.0,0.125,9,44,17
4,8,5,7,4,1.75,1,1.0,1.3228756555322954,3.0,0.125,1.0,10,47,17
7,7,2,7,3,1.609375,1,0.9999998571428775,1.2686114456365274,1.125,0.0,0.875,7,40,17
1,1,8,8,1,0.109375,1,0.9999990000010001,0.33071891388307384,18.0,0.125,0.125,0,63,17
3,5,5,7,3,0.984375,1,1.0,0.9921567416492215,4.833333333333333,0.125,0.625,7,46,17
1,7,4,6,3,1.109375,1,1.0,1.0532687216470449,1.75,0.5,0.875,0,57,17
1,2,6,8,2,0.4375,1,1.0,0.6614378277661477,9.0,0.125,0.25,0,51,17
8,1,5,8,1,0.109375,0,0.12499998437500197,0.33071891388307384,12.0,0.0,0.125,12,44,17
2,1,3,9,1,0.109375,0,0.499999750000125,0.33071891388307384,9.0,0.0,0.125,3,54,17
2,5,10,8,4,1.734375,1,1.0,1.3169567191065923,8.166666666666666,0.125,0.625,3,64,17
6,1,3,8,1,0.109375,0,0.16666663888889352,0.33071891388307384,6.0,0.0,0.125,12,59,17
5,5,9,8,4,1.734375,1,0.99999980000004,1.3169567191065923,7.333333333333333,0.0,0.625,7,64,17
6,2,6,7,1,0.1875,0,0.33333327777778704,0.4330127018922193,8.666666666666666,0.0,0.25,18,49,17
2,1,4,8,1,0.109375,0,0.499999750000125,0.33071891388307384,9.0,0.0,0.125,5,59,17
2,7,3,6,3,1.109375,1,1.0,1.0532687216470449,1.5,0.25,0.875,7,57,17
4,1,2,8,1,0.109375,0,0.24999993750001562,0.33071891388307384,4.0,0.0,0.125,8,58,17
2,5,7,7,3,0.984375,1,1.0,0.9921567416492215,6.0,0.125,0.625,1,78,17
4,8,9,9,3,1.0,1,1.0,1.0,5.555555555555555,0.0,1.0,5,67,17
1,0,6,8,0,0.0,0,0.0,0.0,35.0,0.0,0.0,5,73,17
3,1,6,8,1,0.109375,0,0.33333322222225925,0.33071891388307384,13.0,0.0,0.125,8,61,17
3,0,5,8,0,0.0,0,0.0,0.0,32.0,0.0,0.0,6,73,17
4,4,5,7,2,0.5,1,0.9999997500000625,0.7071067811865476,6.4,0.0,0.5,6,72,17
3,5,5,8,4,1.734375,1,1.0,1.3169567191065923,5.5,0.125,0.625,3,83,17
6,1,5,8,1,0.109375,0,0.16666663888889352,0.33071891388307384,10.0,0.0,0.125,18,59,17
5,5,4,8,4,1.734375,1,0.99999980000004,1.3169567191065923,4.666666666666667,0.0,0.625,0,83,17
7,1,7,8,1,0.109375,0,0.1428571224489825,0.33071891388307384,14.5,0.0,0.125,30,63,17
6,0,7,8,0,0.0,0,0.0,0.0,36.0,0.0,0.0,10,75,17
2,1,6,8,1,0.109375,0,0.499999750000125,0.33071891388307384,21.0,0.0,0.125,1,88,17
3,2,6,8,2,0.4375,0,0.6666664444445185,0.6614378277661477,14.0,0.0,0.25,2,90,17
8,1,9,8,1,0.109375,0,0.12499998437500197,0.33071891388307384,18.5,0.0,0.125,33,63,17
2,2,8,8,2,0.4375,1,0.99999950000025,0.6614378277661477,17.333333333333332,0.125,0.25,0,91,17
1,5,7,6,2,0.484375,1,1.0,0.6959705453537527,7.5,0.5,0.625,0,86,17
7,6,6,7,4,1.6875,0,0.857142734693895,1.299038105676658,5.142857142857143,0.0,0.75,16,85,17
1,0,6,8,0,0.0,0,0.0,0.0,42.0,0.0,0.0,2,94,17
1,0,8,8,0,0.0,0,0.0,0.0,46.0,0.0,0.0,1,95,17
7,2,7,8,2,0.4375,0,0.285714244897965,0.6614378277661477,15.0,0.0,0.25,15,91,17
8,6,7,7,4,1.6875,0,0.7499999062500118,1.299038105676658,6.142857142857143,0.0,0.75,19,85,17
1,0,11,7,0,0.0,0,0.0,0.0,72.0,0.0,0.0,3,108,17
7,1,9,10,1,0.109375,0,0.1428571224489825,0.33071891388307384,23.5,0.0,0.125,34,65,17
5,6,5,7,4,1.6875,1,1.0,1.299038105676658,4.428571428571429,0.0,0.75,15,85,17
3,0,7,8,0,0.0,0,0.0,0.0,43.0,0.0,0.0,12,94,17
5,0,9,8,0,0.0,0,0.0,0.0,58.0,0.0,0.0,12,103,17
8,11,9,6,4,1.484375,1,1.0,1.2183492931011204,3.9166666666666665,0.0,1.375,18,96,17
8,8,8,8,3,1.0,1,0.9999998750000157,1.0,5.333333333333333,0.0,1.0,19,99,17
3,8,7,8,3,1.0,1,1.0,1.0,5.0,0.125,1.0,16,99,17
6,0,8,8,0,0.0,0,0.0,0.0,52.0,0.0,0.0,20,102,17
1,4,12,6,3,1.0,1,1.0,1.0,16.4,0.25,0.5,0,119,17
1,8,14,5,2,0.75,1,1.0,0.8660254037844386,10.555555555555555,0.625,1.0,2,114,17
8,8,9,8,3,1.0,1,0.9999998750000157,1.0,6.222222222222222,0.0,1.0,29,99,17
6,8,10,7,4,1.75,1,1.0,1.3228756555322954,7.0,0.0,1.0,28,104,17
5,0,10,7,0,0.0,0,0.0,0.0,67.0,0.0,0.0,17,107,17
2,16,16,5,4,2.0,1,1.0,1.4142135623730951,5.647058823529412,0.625,2.0,8,128,17
3,0,14,7,0,0.0,0,0.0,0.0,92.0,0.0,0.0,7,125,17
7,7,8,7,2,0.609375,1,0.9999998571428775,0.7806247497997998,6.5,0.0,0.875,27,101,17
1,0,15,7,0,0.0,0,0.0,0.0,95.0,0.0,0.0,2,126,17
8,10,10,5,3,0.9375,1,1.0,0.9682458365518543,5.545454545454546,0.0,1.25,30,106,17
6,8,14,5,4,1.75,1,1.0,1.3228756555322954,9.777777777777779,0.0,1.0,22,115,17
2,1,14,7,1,0.109375,0,0.499999750000125,0.33071891388307384,43.0,0.0,0.125,9,134,17
5,1,13,6,1,0.109375,0,0.199999960000008,0.33071891388307384,43.0,0.0,0.125,26,116,17
8,0,9,7,0,0.0,0,0.0,0.0,59.0,0.0,0.0,40,107,17
2,0,16,6,0,0.0,0,0.0,0.0,94.0,0.0,0.0,3,148,17
8,0,12,7,0,0.0,0,0.0,0.0,73.0,0.0,0.0,41,109,17
3,14,17,4,4,1.9375,1,1.0,1.3919410907075054,6.4,0.375,1.75,6,150,17
3,3,14,6,3,0.984375,1,0.9999996666667778,0.9921567416492215,22.25,0.125,0.375,0,146,17
2,0,15,6,0,0.0,0,0.0,0.0,92.0,0.0,0.0,2,148,17
4,0,12,7,0,0.0,0,0.0,0.0,80.0,0.0,0.0,31,123,17
4,3,15,6,3,0.984375,0,0.7499998125000469,0.9921567416492215,23.0,0.0,0.375,16,146,17
4,3,12,7,2,0.484375,0,0.7499998125000469,0.6959705453537527,20.5,0.0,0.375,30,120,17
8,0,13,7,0,0.0,0,0.0,0.0,81.0,0.0,0.0,46,110,17
8,5,14,6,2,0.484375,0,0.6249999218750099,0.6959705453537527,14.833333333333334,0.0,0.625,44,124,17
5,5,13,6,2,0.484375,1,0.99999980000004,0.6959705453537527,14.0,0.0,0.625,41,124,17
7,8,13,5,2,0.75,1,1.0,0.8660254037844386,9.777777777777779,0.0,1.0,44,114,17
6,0,14,8,0,0.0,0,0.0,0.0,82.0,0.0,0.0,41,129,17
4,14,18,4,4,1.9375,1,1.0,1.3919410907075054,6.6,0.125,1.75,16,150,17
5,10,16,5,4,1.9375,1,1.0,1.3919410907075054,8.636363636363637,0.0,1.25,42,136,17
7,9,15,6,4,2.359375,1,1.0,1.5360257159305635,8.8,0.0,1.125,41,132,17
7,1,15,7,1,0.109375,0,0.1428571224489825,0.33071891388307384,44.0,0.0,0.125,41,135,17
5,10,17,5,4,1.9375,1,1.0,1.3919410907075054,9.090909090909092,0.0,1.25,43,136,17
7,5,15,6,2,0.484375,0,0.7142856122449125,0.6959705453537527,14.833333333333334,0.0,0.625,40,142,17
7,8,15,5,3,1.5,1,1.0,1.224744871391589,10.333333333333334,0.0,1.0,40,147,17
3,15,2,3,4,3.609375,1,1.0,1.899835519196333,1.0,0.5,1.875,0,4,18
3,25,1,1,4,2.359375,1,1.0,1.5360257159305635,0.2692307692307692,0.75,3.125,0,2,18
7,25,0,1,4,2.359375,1,1.0,1.5360257159305635,0.0,0.0,3.125,0,2,18
8,15,0,3,4,3.609375,1,1.0,1.899835519196333,0.0,0.0,1.875,0,4,18
2,2,1,6,2,0.4375,1,0.99999950000025,0.6614378277661477,2.6666666666666665,0.125,0.25,0,6,18
7,32,0,0,4,0.0,1,1.0,0.0,0.0,0.0,4.0,0,0,18
2,4,1,5,4,1.75,1,1.0,1.3228756555322954,1.6,0.125,0.5,0,5,18
8,5,1,6,2,0.734375,0,0.6249999218750099,0.8569568250501305,1.3333333333333333,0.0,0.625,1,11,18
2,6,0,5,3,1.1875,1,1.0,1.0897247358851685,0.0,0.25,0.75,0,13,18
1,0,1,7,0,0.0,0,0.0,0.0,8.0,0.0,0.0,1,8,18
8,15,1,3,4,3.609375,1,1.0,1.899835519196333,0.5,0.0,1.875,8,4,18
8,21,0,3,4,1.984375,1,1.0,1.4086784586980805,0.0,0.0,2.625,0,17,18
3,16,0,2,4,2.5,1,1.0,1.5811388300841898,0.0,0.5,2.0,0,23,18
8,13,0,3,4,2.234375,1,1.0,1.4947825928876748,0.0,0.0,1.625,0,27,18
8,13,0,4,4,2.984375,1,1.0,1.7275343701356567,0.0,0.0,1.625,0,18,18
5,6,0,4,3,1.1875,1,1.0,1.0897247358851685,0.0,0.0,0.75,0,33,18
4,17,0,3,4,2.359375,1,1.0,1.5360257159305635,0.0,0.25,2.125,0,37,18
6,9,0,4,4,2.109375,1,1.0,1.4523687548277813,0.0,0.0,1.125,0,30,18
4,13,0,3,4,2.734375,1,1.0,1.653594569415369,0.0,0.25,1.625,0,28,18
6,13,0,4,4,2.734375,1,1.0,1.653594569415369,0.0,0.0,1.625,0,38,18
7,7,0,5,3,1.609375,1,0.9999998571428775,1.2686114456365274,0.0,0.0,0.875,0,39,18
8,9,1,4,4,1.859375,1,1.0,1.3635890143294642,0.7,0.0,1.125,1,44,18
4,9,1,4,4,2.109375,1,1.0,1.4523687548277813,0.7,0.125,1.125,3,48,18
7,9,0,4,4,1.859375,1,1.0,1.3635890143294642,0.0,0.0,1.125,0,44,18
5,2,1,5,1,0.1875,0,0.399999920000016,0.4330127018922193,1.3333333333333333,0.0,0.25,2,49,18
4,1,0,6,1,0.109375,0,0.24999993750001562,0.33071891388307384,0.0,0.0,0.125,4,52,18
2,10,0,3,4,2.6875,1,1.0,1.6393596310755,0.0,0.25,1.25,0,46,18
6,8,0,4,4,1.75,1,1.0,1.3228756555322954,0.0,0.0,1.0,0,47,18
7,9,0,4,4,2.109375,1,1.0,1.4523687548277813,0.0,0.0,1.125,0,48,18
1,5,7,5,3,0.984375,1,1.0,0.9921567416492215,5.0,0.375,0.625,0,56,18
3,1,1,6,1,0.109375,0,0.33333322222225925,0.33071891388307384,2.0,0.0,0.125,7,52,18
4,5,6,5,3,0.984375,1,1.0,0.9921567416492215,4.333333333333333,0.0,0.625,9,56,18
3,5,5,5,3,0.984375,1,1.0,0.9921567416492215,3.8333333333333335,0.125,0.625,8,56,18
3,1,4,6,1,0.109375,0,0.33333322222225925,0.33071891388307384,10.0,0.0,0.125,4,55,18
7,1,3,6,1,0.109375,0,0.1428571224489825,0.33071891388307384,6.5,0.0,0.125,12,53,18
2,16,7,5,4,2.75,1,1.0,1.6583123951777,2.411764705882353,0.5,2.0,1,65,18
2,0,5,8,0,0.0,0,0.0,0.0,30.0,0.0,0.0,5,67,18
6,1,2,6,1,0.109375,0,0.16666663888889352,0.33071891388307384,3.5,0.0,0.125,11,53,18
1,0,7,8,0,0.0,0,0.0,0.0,36.0,0.0,0.0,4,68,18
4,7,6,6,4,1.859375,1,1.0,1.3635890143294642,3.25,0.125,0.875,6,59,18
1,0,8,8,0,0.0,0,0.0,0.0,37.0,0.0,0.0,9,68,18
5,1,6,8,1,0.109375,0,0.199999960000008,0.33071891388307384,15.0,0.0,0.125,17,61,18
3,3,9,8,2,0.484375,1,0.9999996666667778,0.6959705453537527,10.5,0.0,0.375,5,77,18
4,0,6,8,0,0.0,0,0.0,0.0,32.0,0.0,0.0,12,67,18
2,0,9,8,0,0.0,0,0.0,0.0,38.0,0.0,0.0,7,70,18
6,1,5,8,1,0.109375,0,0.16666663888889352,0.33071891388307384,12.0,0.0,0.125,18,60,18
3,0,9,9,0,0.0,0,0.0,0.0,43.0,0.0,0.0,4,74,18
4,0,4,8,0,0.0,0,0.0,0.0,26.0,0.0,0.0,8,67,18
6,0,8,9,0,0.0,0,0.0,0.0,37.0,0.0,0.0,11,74,18
5,14,9,6,4,1.6875,1,1.0,1.299038105676658,3.3333333333333335,0.0,1.75,10,78,18
7,1,7,8,1,0.109375,0,0.1428571224489825,0.33071891388307384,17.5,0.0,0.125,32,61,18
2,0,8,8,0,0.0,0,0.0,0.0,51.0,0.0,0.0,1,86,18
1,5,8,7,3,0.984375,1,1.0,0.9921567416492215,8.5,0.375,0.625,5,88,18
4,6,8,7,2,0.6875,1,1.0,0.82915619758885,7.571428571428571,0.0,0.75,10,85,18
3,0,8,8,0,0.0,0,0.0,0.0,47.0,0.0,0.0,5,89,18
4,6,7,8,3,1.1875,1,1.0,1.0897247358851685,5.857142857142857,0.0,0.75,4,79,18
8,3,10,8,2,0.484375,0,0.3749999531250059,0.6959705453537527,11.25,0.0,0.375,21,77,18
1,4,5,6,1,0.25,1,1.0,0.5,6.8,0.5,0.5,0,99,18
8,6,7,7,2,0.6875,0,0.7499999062500118,0.82915619758885,6.428571428571429,0.0,0.75,21,85,18
4,4,6,6,1,0.25,1,0.9999997500000625,0.5,7.0,0.0,0.5,4,99,18
8,10,8,6,3,1.6875,1,1.0,1.299038105676658,3.8181818181818183,0.0,1.25,33,64,18
2,0,7,6,0,0.0,0,0.0,0.0,45.0,0.0,0.0,4,109,18
6,3,7,8,1,0.234375,0,0.49999991666668053,0.4841229182759271,10.25,0.0,0.375,18,82,18
7,8,9,6,4,1.75,1,1.0,1.3228756555322954,5.555555555555555,0.0,1.0,20,93,18
3,4,6,5,2,0.75,1,1.0,0.8660254037844386,8.4,0.0,0.5,11,103,18
5,0,6,9,0,0.0,0,0.0,0.0,40.0,0.0,0.0,17,84,18
4,0,6,6,0,0.0,0,0.0,0.0,41.0,0.0,0.0,16,105,18
7,5,5,5,4,1.734375,0,0.7142856122449125,1.3169567191065923,5.333333333333333,0.0,0.625,19,101,18
3,4,9,5,2,0.75,1,1.0,0.8660254037844386,11.2,0.0,0.5,5,114,18
8,0,5,6,0,0.0,0,0.0,0.0,34.0,0.0,0.0,18,102,18
2,1,8,6,1,0.109375,0,0.499999750000125,0.33071891388307384,24.0,0.0,0.125,4,117,18
8,4,7,7,2,0.75,0,0.4999999375000079,0.8660254037844386,9.2,0.0,0.5,20,95,18
7,0,8,6,0,0.0,0,0.0,0.0,47.0,0.0,0.0,20,109,18
4,0,5,6,0,0.0,0,0.0,0.0,32.0,0.0,0.0,2,124,18
8,0,6,6,0,0.0,0,0.0,0.0,37.0,0.0,0.0,24,107,18
6,9,10,4,4,1.609375,1,1.0,1.2686114456365274,5.9,0.0,1.125,20,113,18
5,1,9,5,1,0.109375,0,0.199999960000008,0.33071891388307384,27.0,0.0,0.125,19,112,18
6,3,9,5,2,0.484375,0,0.49999991666668053,0.6959705453537527,12.5,0.0,0.375,15,119,18
1,13,12,3,4,2.234375,1,1.0,1.4947825928876748,4.857142857142857,0.625,1.625,3,131,18
6,0,6,6,0,0.0,0,0.0,0.0,36.0,0.0,0.0,13,125,18
2,7,9,5,4,1.859375,1,1.0,1.3635890143294642,6.0,0.25,0.875,6,134,18
1,0,12,8,0,0.0,0,0.0,0.0,65.0,0.0,0.0,1,139,18
3,4,7,5,2,0.5,1,1.0,0.7071067811865476,8.4,0.0,0.5,10,126,18
8,0,8,6,0,0.0,0,0.0,0.0,47.0,0.0,0.0,12,128,18
7,0,10,6,0,0.0,0,0.0,0.0,59.0,0.0,0.0,14,130,18
2,0,11,6,0,0.0,0,0.0,0.0,66.0,0.0,0.0,3,130,18
2,7,11,5,4,1.859375,1,1.0,1.3635890143294642,7.0,0.25,0.875,12,134,18
6,0,7,6,0,0.0,0,0.0,0.0,41.0,0.0,0.0,10,128,18
3,0,9,6,0,0.0,0,0.0,0.0,55.0,0.0,0.0,10,128,18
6,7,10,5,4,1.859375,1,1.0,1.3635890143294642,6.25,0.0,0.875,15,134,18
8,7,10,5,4,1.859375,0,0.8749998906250137,1.3635890143294642,7.25,0.0,0.875,20,129,18
3,15,12,5,4,1.859375,1,1.0,1.3635890143294642,4.25,0.375,1.875,10,138,18
7,1,9,7,1,0.109375,0,0.1428571224489825,0.33071891388307384,24.0,0.0,0.125,21,137,18
3,0,11,8,0,0.0,0,0.0,0.0,62.0,0.0,0.0,12,139,18
1,7,17,7,3,1.609375,1,1.0,1.2686114456365274,10.375,0.375,0.875,3,144,18
5,15,10,5,4,1.859375,1,1.0,1.3635890143294642,3.4375,0.0,1.875,22,138,18
6,15,13,5,4,1.859375,1,1.0,1.3635890143294642,4.4375,0.0,1.875,27,138,18
2,1,16,8,1,0.109375,0,0.499999750000125,0.33071891388307384,40.5,0.0,0.125,15,143,18
2,1,12,8,1,0.109375,0,0.499999750000125,0.33071891388307384,30.5,0.0,0.125,12,142,18
2,0,18,8,0,0.0,0,0.0,0.0,81.0,0.0,0.0,20,145,18
5,1,14,8,1,0.109375,0,0.199999960000008,0.33071891388307384,35.0,0.0,0.125,24,143,18
3,2,20,7,1,0.1875,0,0.6666664444445185,0.4330127018922193,28.333333333333332,0.0,0.25,26,146,18
8,15,11,5,4,1.859375,1,1.0,1.3635890143294642,3.75,0.0,1.875,23,138,18
3,0,13,8,0,0.0,0,0.0,0.0,66.0,0.0,0.0,23,139,18
3,0,11,9,0,0.0,0,0.0,0.0,58.0,0.0,0.0,25,141,18
7,1,13,8,1,0.109375,0,0.1428571224489825,0.33071891388307384,31.5,0.0,0.125,27,143,18
2,2,19,7,1,0.1875,1,0.99999950000025,0.4330127018922193,27.666666666666668,0.0,0.25,25,146,18
4,3,19,7,1,0.234375,0,0.7499998125000469,0.4841229182759271,21.25,0.0,0.375,32,148,18
6,1,15,8,1,0.109375,0,0.16666663888889352,0.33071891388307384,37.5,0.0,0.125,29,143,18
4,0,17,8,0,0.0,0,0.0,0.0,77.0,0.0,0.0,35,145,18
4,32,1,0,4,0.0,1,1.0,0.0,0.09090909090909091,1.0,4.0,0,1,19
3,32,0,0,4,0.0,1,1.0,0.0,0.0,1.0,4.0,0,1,19
7,21,0,3,4,3.234375,1,1.0,1.79843682124227,0.0,0.0,2.625,0,3,19
2,21,1,3,4,3.234375,1,1.0,1.79843682124227,0.3181818181818182,0.625,2.625,0,3,19
4,25,0,2,4,2.359375,1,1.0,1.5360257159305635,0.0,0.75,3.125,0,2,19
1,12,0,5,4,3.75,1,1.0,1.9364916731037085,0.0,0.375,1.5,0,5,19
7,15,0,5,4,2.859375,1,1.0,1.6909686573085854,0.0,0.0,1.875,0,6,19
6,8,1,6,4,3.0,1,1.0,1.7320508075688772,0.8888888888888888,0.0,1.0,3,7,19
8,8,0,6,4,3.0,1,0.9999998750000157,1.7320508075688772,0.0,0.0,1.0,0,7,19
5,10,0,4,4,2.1875,1,1.0,1.479019945774904,0.0,0.0,1.25,0,11,19
3,3,3,5,3,0.984375,1,0.9999996666667778,0.9921567416492215,3.5,0.125,0.375,0,19,19
3,5,0,5,4,1.734375,1,1.0,1.3169567191065923,0.0,0.125,0.625,0,14,19
5,3,1,5,2,0.484375,0,0.599999880000024,0.6959705453537527,1.75,0.0,0.375,5,16,19
7,3,0,5,2,0.484375,0,0.4285713673469475,0.6959705453537527,0.0,0.0,0.375,2,16,19
5,3,2,5,3,0.984375,0,0.599999880000024,0.9921567416492215,2.25,0.0,0.375,4,19,19
4,3,4,5,3,0.984375,0,0.7499998125000469,0.9921567416492215,4.25,0.0,0.375,6,19,19
3,9,5,5,4,2.859375,1,1.0,1.6909686573085854,2.6,0.25,1.125,3,23,19
5,1,4,6,1,0.109375,0,0.199999960000008,0.33071891388307384,10.5,0.0,0.125,10,22,19
1,9,6,5,4,2.859375,1,1.0,1.6909686573085854,2.9,0.375,1.125,2,23,19
7,0,3,8,0,0.0,0,0.0,0.0,16.0,0.0,0.0,5,28,19
4,3,2,5,2,0.484375,0,0.7499998125000469,0.6959705453537527,3.0,0.0,0.375,6,17,19
3,7,3,7,3,1.109375,1,1.0,1.0532687216470449,2.875,0.125,0.875,2,33,19
3,3,3,7,3,0.984375,1,0.9999996666667778,0.9921567416492215,4.0,0.125,0.375,3,26,19
1,7,4,6,3,1.109375,1,1.0,1.0532687216470449,2.625,0.5,0.875,0,40,19
1,1,4,6,1,0.109375,1,0.9999990000010001,0.33071891388307384,10.5,0.125,0.125,0,38,19
8,1,3,6,1,0.109375,0,0.12499998437500197,0.33071891388307384,6.5,0.0,0.125,13,22,19
8,0,3,8,0,0.0,0,0.0,0.0,20.0,0.0,0.0,10,31,19
6,0,3,8,0,0.0,0,0.0,0.0,19.0,0.0,0.0,3,34,19
2,1,2,7,1,0.109375,0,0.499999750000125,0.33071891388307384,7.0,0.0,0.125,4,36,19
3,1,3,6,1,0.109375,0,0.33333322222225925,0.33071891388307384,9.0,0.0,0.125,2,38,19
8,0,2,8,0,0.0,0,0.0,0.0,12.0,0.0,0.0,11,43,19
6,0,4,8,0,0.0,0,0.0,0.0,21.0,0.0,0.0,12,44,19
4,7,5,6,3,1.109375,1,1.0,1.0532687216470449,2.75,0.0,0.875,6,40,19
1,0,3,8,0,0.0,0,0.0,0.0,20.0,0.0,0.0,6,43,19
8,6,3,6,3,0.9375,0,0.7499999062500118,0.9682458365518543,2.2857142857142856,0.0,0.75,17,37,19
3,1,6,6,1,0.109375,0,0.33333322222225925,0.33071891388307384,13.5,0.0,0.125,12,49,19
3,0,6,7,0,0.0,0,0.0,0.0,29.0,0.0,0.0,8,53,19
2,4,6,6,3,1.0,1,1.0,1.0,5.8,0.125,0.5,14,46,19
4,15,10,5,4,2.109375,1,1.0,1.4523687548277813,2.1875,0.25,1.875,8,61,19
2,0,5,8,0,0.0,0,0.0,0.0,27.0,0.0,0.0,11,45,19
2,0,9,7,0,0.0,0,0.0,0.0,31.0,0.0,0.0,13,55,19
4,16,8,5,4,2.5,1,1.0,1.5811388300841898,2.176470588235294,0.25,2.0,7,54,19
3,0,10,7,0,0.0,0,0.0,0.0,34.0,0.0,0.0,9,59,19
2,1,9,8,1,0.109375,0,0.499999750000125,0.33071891388307384,18.0,0.0,0.125,3,65,19
5,0,7,7,0,0.0,0,0.0,0.0,32.0,0.0,0.0,8,53,19
5,4,7,8,3,1.0,0,0.799999840000032,1.0,4.8,0.0,0.5,11,63,19
4,16,9,5,4,2.5,1,1.0,1.5811388300841898,2.411764705882353,0.25,2.0,9,54,19
2,0,8,7,0,0.0,0,0.0,0.0,29.0,0.0,0.0,13,55,19
2,0,10,7,0,0.0,0,0.0,0.0,33.0,0.0,0.0,13,55,19
4,0,8,9,0,0.0,0,0.0,0.0,32.0,0.0,0.0,11,64,19
7,0,7,9,0,0.0,0,0.0,0.0,25.0,0.0,0.0,16,64,19
3,2,8,10,2,0.4375,0,0.6666664444445185,0.6614378277661477,16.333333333333332,0.0,0.25,4,73,19
1,2,11,8,2,0.4375,1,1.0,0.6614378277661477,20.333333333333332,0.125,0.25,0,85,19
5,1,10,8,1,0.109375,0,0.199999960000008,0.33071891388307384,19.0,0.0,0.125,16,67,19
7,0,9,7,0,0.0,0,0.0,0.0,27.0,0.0,0.0,18,59,19
1,0,6,8,0,0.0,0,0.0,0.0,38.0,0.0,0.0,2,78,19
2,1,13,9,1,0.109375,0,0.499999750000125,0.33071891388307384,37.0,0.0,0.125,5,87,19
6,2,7,10,2,0.4375,0,0.33333327777778704,0.6614378277661477,14.333333333333334,0.0,0.25,17,71,19
3,0,8,8,0,0.0,0,0.0,0.0,47.0,0.0,0.0,11,79,19
1,6,11,7,3,1.1875,1,1.0,1.0897247358851685,8.857142857142858,0.375,0.75,0,83,19
7,12,11,6,3,1.75,1,1.0,1.3228756555322954,3.3076923076923075,0.0,1.5,20,68,19
8,12,12,6,3,1.75,1,1.0,1.3228756555322954,3.8461538461538463,0.0,1.5,32,68,19
3,2,7,8,2,0.4375,0,0.6666664444445185,0.6614378277661477,14.0,0.0,0.25,15,81,19
5,5,8,8,1,0.234375,1,0.99999980000004,0.4841229182759271,7.833333333333333,0.0,0.625,20,75,19
1,0,15,8,0,0.0,0,0.0,0.0,74.0,0.0,0.0,6,94,19
1,2,15,7,1,0.1875,1,1.0,0.4330127018922193,25.0,0.25,0.25,6,92,19
4,6,12,7,3,1.1875,1,1.0,1.0897247358851685,9.0,0.0,0.75,13,83,19
2,14,14,6,4,1.9375,1,1.0,1.3919410907075054,5.066666666666666,0.5,1.75,11,88,19
2,5,18,7,3,0.984375,1,1.0,0.9921567416492215,13.5,0.125,0.625,16,95,19
7,2,10,8,2,0.4375,0,0.285714244897965,0.6614378277661477,18.333333333333332,0.0,0.25,34,82,19
8,0,7,8,0,0.0,0,0.0,0.0,39.0,0.0,0.0,27,78,19
5,2,8,8,2,0.4375,0,0.399999920000016,0.6614378277661477,15.0,0.0,0.25,26,82,19
2,1,13,8,1,0.109375,0,0.499999750000125,0.33071891388307384,35.0,0.0,0.125,17,91,19
3,1,14,8,1,0.109375,0,0.33333322222225925,0.33071891388307384,36.0,0.0,0.125,18,91,19
2,1,17,8,1,0.109375,0,0.499999750000125,0.33071891388307384,49.5,0.0,0.125,5,115,19
5,2,9,8,2,0.4375,0,0.399999920000016,0.6614378277661477,16.666666666666668,0.0,0.25,28,82,19
2,7,19,6,2,0.859375,1,1.0,0.9270248108869579,13.0,0.375,0.875,5,116,19
5,1,11,9,1,0.109375,0,0.199999960000008,0.33071891388307384,30.5,0.0,0.125,35,86,19
3,6,15,8,3,0.9375,1,1.0,0.9682458365518543,12.571428571428571,0.125,0.75,15,110,19
3,5,16,7,3,0.984375,1,1.0,0.9921567416492215,12.5,0.125,0.625,28,95,19
8,1,12,9,1,0.109375,0,0.12499998437500197,0.33071891388307384,33.0,0.0,0.125,36,87,19
1,2,18,8,1,0.1875,1,1.0,0.4330127018922193,33.0,0.25,0.25,0,124,19
3,5,17,7,3,0.984375,1,1.0,0.9921567416492215,13.0,0.125,0.625,30,95,19
5,1,15,8,1,0.109375,0,0.199999960000008,0.33071891388307384,41.5,0.0,0.125,29,103,19
4,1,14,8,1,0.109375,0,0.24999993750001562,0.33071891388307384,42.0,0.0,0.125,21,113,19
8,4,13,7,3,1.0,0,0.4999999375000079,1.0,13.0,0.0,0.5,40,90,19
3,7,18,6,2,0.859375,1,1.0,0.9270248108869579,12.625,0.0,0.875,20,116,19
8,7,18,7,2,0.609375,0,0.8749998906250137,0.7806247497997998,9.75,0.0,0.875,42,96,19
4,0,17,8,0,0.0,0,0.0,0.0,96.0,0.0,0.0,22,122,19
4,2,16,8,1,0.1875,0,0.49999987500003124,0.4330127018922193,29.666666666666668,0.0,0.25,25,124,19
8,9,15,7,3,1.109375,1,1.0,1.0532687216470449,7.6,0.0,1.125,50,100,19
8,0,14,9,0,0.0,0,0.0,0.0,75.0,0.0,0.0,49,102,19
3,0,16,9,0,0.0,0,0.0,0.0,93.0,0.0,0.0,24,126,19
1,0,17,6,0,0.0,0,0.0,0.0,92.0,0.0,0.0,9,147,19
5,8,17,7,3,1.0,1,1.0,1.0,10.333333333333334,0.0,1.0,38,108,19
3,0,15,7,0,0.0,0,0.0,0.0,86.0,0.0,0.0,19,137,19
7,0,16,8,0,0.0,0,0.0,0.0,86.0,0.0,0.0,53,107,19
6,1,15,8,1,0.109375,0,0.16666663888889352,0.33071891388307384,44.0,0.0,0.125,45,113,19
5,1,16,8,1,0.109375,0,0.199999960000008,0.33071891388307384,47.0,0.0,0.125,51,113,19
6,1,16,8,1,0.109375,0,0.16666663888889352,0.33071891388307384,44.0,0.0,0.125,54,104,19
4,1,16,6,1,0.109375,0,0.24999993750001562,0.33071891388307384,43.5,0.0,0.125,21,140,19
6,0,19,7,0,0.0,0,0.0,0.0,99.0,0.0,0.0,54,118,19
5,2,17,8,2,0.4375,0,0.399999920000016,0.6614378277661477,32.0,0.0,0.25,44,128,19
5,0,15,7,0,0.0,0,0.0,0.0,84.0,0.0,0.0,41,135,19
6,4,17,5,2,0.5,0,0.6666665555555741,0.7071067811865476,18.2,0.0,0.5,38,144,19
6,2,17,8,1,0.1875,0,0.33333327777778704,0.4330127018922193,31.0,0.0,0.25,49,124,19
7,0,18,6,0,0.0,0,0.0,0.0,93.0,0.0,0.0,40,148,19
4,5,17,5,2,0.734375,1,1.0,0.8569568250501305,15.5,0.0,0.625,35,146,19
6,9,16,5,4,2.109375,1,1.0,1.4523687548277813,8.9,0.0,1.125,40,138,19
7,4,19,5,2,0.5,0,0.57142848979593,0.7071067811865476,20.0,0.0,0.5,41,149,19
