job_gpu,total_free,queue_length,running_jobs,max_free_node,variance_free,can_fit_now,gpu_fit_ratio,fragmentation,queue_pressure,node_availability,avg_free_per_node,wait_time
7,31,0,1,4,0.109375,1,1.0,0.33071891388307384,0.0,0.0,3.875,0
7,20,0,3,4,3.75,1,1.0,1.9364916731037085,0.0,0.0,2.5,0
1,32,0,0,4,0.0,1,1.0,0.0,0.0,1.0,4.0,0
5,8,0,5,4,3.0,1,1.0,1.7320508075688772,0.0,0.0,1.0,0
4,31,1,1,4,0.109375,1,1.0,0.33071891388307384,0.21875,0.875,3.875,0
7,15,0,4,4,3.609375,1,1.0,1.899835519196333,0.0,0.0,1.875,0
5,13,0,4,4,3.484375,1,1.0,1.8666480653835098,0.0,0.0,1.625,0
1,9,0,4,4,2.859375,1,1.0,1.6909686573085854,0.0,0.375,1.125,0
8,14,0,5,4,3.1875,1,1.0,1.7853571071357126,0.0,0.0,1.75,0
7,3,0,6,3,0.984375,0,0.4285713673469475,0.9921567416492215,0.0,0.0,0.375,2
1,5,2,7,4,1.734375,1,1.0,1.3169567191065923,1.1666666666666667,0.25,0.625,0
2,19,0,3,4,3.484375,1,1.0,1.8666480653835098,0.0,0.625,2.375,0
5,22,0,3,4,2.6875,1,1.0,1.6393596310755,0.0,0.0,2.75,0
3,17,0,4,4,3.609375,1,1.0,1.899835519196333,0.0,0.5,2.125,0
1,14,1,5,4,3.1875,1,1.0,1.7853571071357126,0.5333333333333333,0.625,1.75,0
3,5,0,7,4,1.734375,1,1.0,1.3169567191065923,0.0,0.125,0.625,0
4,5,1,7,4,1.734375,1,1.0,1.3169567191065923,0.5,0.125,0.625,4
2,28,1,1,4,1.75,1,1.0,1.3228756555322954,0.06896551724137931,0.875,3.5,0
2,28,0,1,4,1.75,1,1.0,1.3228756555322954,0.0,0.875,3.5,0
1,17,0,4,4,3.109375,1,1.0,1.7633419974582356,0.0,0.625,2.125,0
6,16,0,5,4,3.25,1,1.0,1.8027756377319946,0.0,0.0,2.0,0
4,32,0,0,4,0.0,1,1.0,0.0,0.0,1.0,4.0,0
7,24,0,3,4,3.0,1,1.0,1.7320508075688772,0.0,0.0,3.0,0
2,24,1,3,4,3.0,1,1.0,1.7320508075688772,0.28,0.75,3.0,0
8,4,1,6,4,1.75,0,0.4999999375000079,1.3228756555322954,1.6,0.0,0.5,6
7,12,0,5,4,2.75,1,1.0,1.6583123951777,0.0,0.0,1.5,0
7,13,1,4,4,2.984375,1,1.0,1.7275343701356567,0.5714285714285714,0.0,1.625,6
2,6,1,5,4,1.6875,1,1.0,1.299038105676658,1.1428571428571428,0.125,0.75,0
8,12,1,5,4,2.75,1,1.0,1.6583123951777,0.5384615384615384,0.0,1.5,4
5,16,0,3,4,4.0,1,1.0,2.0,0.0,0.0,2.0,0
5,0,0,5,0,0.0,0,0.0,0.0,0.0,0.0,0.0,1
6,27,0,1,4,1.734375,1,1.0,1.3169567191065923,0.0,0.0,3.375,0
5,21,0,2,4,3.234375,1,1.0,1.79843682124227,0.0,0.0,2.625,0
4,0,1,7,0,0.0,0,0.0,0.0,5.0,0.0,0.0,7
4,4,2,7,3,1.0,1,0.9999997500000625,1.0,2.2,0.0,0.5,0
1,11,0,4,4,3.234375,1,1.0,1.79843682124227,0.0,0.375,1.375,0
6,11,1,4,4,3.234375,1,1.0,1.79843682124227,0.08333333333333333,0.0,1.375,0
4,4,1,6,4,1.75,1,0.9999997500000625,1.3228756555322954,1.0,0.125,0.5,0
3,0,2,7,0,0.0,0,0.0,0.0,9.0,0.0,0.0,8
5,7,2,6,4,2.359375,1,1.0,1.5360257159305635,1.125,0.0,0.875,10
6,0,2,7,0,0.0,0,0.0,0.0,7.0,0.0,0.0,14
5,11,2,4,4,3.234375,1,1.0,1.79843682124227,0.5833333333333334,0.0,1.375,4
6,8,3,6,4,2.25,1,1.0,1.5,1.6666666666666667,0.0,1.0,2
2,0,2,8,0,0.0,0,0.0,0.0,11.0,0.0,0.0,3
6,1,1,6,1,0.109375,0,0.16666663888889352,0.33071891388307384,1.0,0.0,0.125,1
6,9,1,5,4,2.109375,1,1.0,1.4523687548277813,0.6,0.0,1.125,1
7,0,3,8,0,0.0,0,0.0,0.0,13.0,0.0,0.0,4
2,1,0,6,1,0.109375,0,0.499999750000125,0.33071891388307384,0.0,0.0,0.125,3
6,12,2,4,4,2.5,1,1.0,1.5811388300841898,0.6153846153846154,0.0,1.5,1
2,9,1,5,4,2.109375,1,1.0,1.4523687548277813,0.6,0.25,1.125,0
7,9,2,5,4,2.109375,1,1.0,1.4523687548277813,0.8,0.0,1.125,8
4,16,2,4,4,2.25,1,1.0,1.5,0.35294117647058826,0.25,2.0,0
4,16,1,4,4,2.25,1,1.0,1.5,0.11764705882352941,0.25,2.0,0
1,6,1,7,4,1.9375,1,1.0,1.3919410907075054,1.0,0.25,0.75,0
5,6,2,7,4,1.9375,1,1.0,1.3919410907075054,1.1428571428571428,0.0,0.75,0
1,3,1,6,2,0.484375,1,1.0,0.6959705453537527,1.75,0.25,0.375,0
7,6,0,7,4,1.9375,0,0.857142734693895,1.3919410907075054,0.0,0.0,0.75,5
2,16,0,4,4,2.25,1,1.0,1.5,0.0,0.625,2.0,0
1,0,1,9,0,0.0,0,0.0,0.0,7.0,0.0,0.0,2
6,12,0,6,4,2.5,1,1.0,1.5811388300841898,0.0,0.0,1.5,0
1,0,2,9,0,0.0,0,0.0,0.0,8.0,0.0,0.0,2
4,32,0,0,4,0.0,1,1.0,0.0,0.0,1.0,4.0,0
1,16,0,3,4,4.0,1,1.0,2.0,0.0,0.5,2.0,0
7,28,0,1,4,1.75,1,1.0,1.3228756555322954,0.0,0.0,3.5,0
3,15,0,4,4,3.609375,1,1.0,1.899835519196333,0.0,0.5,1.875,0
4,12,0,5,4,3.75,1,1.0,1.9364916731037085,0.0,0.375,1.5,0
5,21,0,2,4,3.234375,1,1.0,1.79843682124227,0.0,0.0,2.625,0
7,8,0,6,4,3.0,1,1.0,1.7320508075688772,0.0,0.0,1.0,0
2,11,0,3,4,2.734375,1,1.0,1.653594569415369,0.0,0.375,1.375,0
7,18,0,2,4,3.1875,1,1.0,1.7853571071357126,0.0,0.0,2.25,0
2,6,0,4,4,1.9375,1,1.0,1.3919410907075054,0.0,0.25,0.75,0
4,16,0,3,4,4.0,1,1.0,2.0,0.0,0.5,2.0,0
7,13,0,4,4,2.734375,1,1.0,1.653594569415369,0.0,0.0,1.625,0
8,14,0,3,4,3.4375,1,1.0,1.8540496217739157,0.0,0.0,1.75,0
4,11,1,4,4,2.734375,1,1.0,1.653594569415369,0.6666666666666666,0.25,1.375,1
8,11,0,4,4,2.734375,1,1.0,1.653594569415369,0.0,0.0,1.375,0
3,15,0,3,4,3.609375,1,1.0,1.899835519196333,0.0,0.5,1.875,0
2,5,0,6,4,1.734375,1,1.0,1.3169567191065923,0.0,0.125,0.625,0
5,12,0,3,4,3.0,1,1.0,1.7320508075688772,0.0,0.0,1.5,0
7,6,0,6,3,1.6875,0,0.857142734693895,1.299038105676658,0.0,0.0,0.75,4
1,20,0,3,4,2.5,1,1.0,1.5811388300841898,0.0,0.875,2.5,0
4,19,0,2,4,2.484375,1,1.0,1.5761900266148114,0.0,0.375,2.375,0
6,1,1,6,1,0.109375,0,0.16666663888889352,0.33071891388307384,3.0,0.0,0.125,3
8,13,0,5,4,3.484375,1,1.0,1.8666480653835098,0.0,0.0,1.625,0
6,19,0,4,4,2.984375,1,1.0,1.7275343701356567,0.0,0.0,2.375,0
4,2,2,5,1,0.1875,0,0.49999987500003124,0.4330127018922193,2.3333333333333335,0.0,0.25,2
4,1,2,6,1,0.109375,0,0.24999993750001562,0.33071891388307384,6.0,0.0,0.125,5
7,6,3,4,3,1.1875,0,0.857142734693895,1.0897247358851685,1.5714285714285714,0.0,0.75,2
6,1,0,6,1,0.109375,0,0.16666663888889352,0.33071891388307384,0.0,0.0,0.125,6
2,8,0,5,4,1.75,1,1.0,1.3228756555322954,0.0,0.25,1.0,0
3,2,1,5,1,0.1875,0,0.6666664444445185,0.4330127018922193,1.3333333333333333,0.0,0.25,3
3,6,0,6,2,0.6875,1,1.0,0.82915619758885,0.0,0.0,0.75,0
2,25,1,1,4,2.359375,1,1.0,1.5360257159305635,0.07692307692307693,0.75,3.125,0
2,21,0,3,4,3.234375,1,1.0,1.79843682124227,0.0,0.625,2.625,0
2,19,0,4,4,3.484375,1,1.0,1.8666480653835098,0.0,0.625,2.375,0
7,32,0,0,4,0.0,1,1.0,0.0,0.0,0.0,4.0,0
2,25,0,1,4,2.359375,1,1.0,1.5360257159305635,0.0,0.75,3.125,0
1,23,0,2,4,2.859375,1,1.0,1.6909686573085854,0.0,0.75,2.875,0
2,14,1,4,4,3.4375,1,1.0,1.8540496217739157,0.4,0.5,1.75,0
2,5,0,6,3,1.234375,1,1.0,1.1110243021644486,0.0,0.25,0.625,0
6,14,0,4,4,3.4375,1,1.0,1.8540496217739157,0.0,0.0,1.75,0
4,14,2,4,4,3.4375,1,1.0,1.8540496217739157,0.5333333333333333,0.375,1.75,0
2,2,0,7,2,0.4375,1,0.99999950000025,0.6614378277661477,0.0,0.125,0.25,0
3,3,0,7,2,0.484375,1,0.9999996666667778,0.6959705453537527,0.0,0.0,0.375,0
8,23,1,2,4,2.859375,1,1.0,1.6909686573085854,0.041666666666666664,0.0,2.875,0
8,2,1,7,2,0.4375,0,0.24999996875000394,0.6614378277661477,2.0,0.0,0.25,5
6,2,0,7,2,0.4375,0,0.33333327777778704,0.6614378277661477,0.0,0.0,0.25,2
2,0,0,8,0,0.0,0,0.0,0.0,0.0,0.0,0.0,1
5,7,0,7,4,2.359375,1,1.0,1.5360257159305635,0.0,0.0,0.875,0
4,32,0,0,4,0.0,1,1.0,0.0,0.0,1.0,4.0,0
2,30,0,1,4,0.4375,1,1.0,0.6614378277661477,0.0,1.0,3.75,0
2,32,0,0,4,0.0,1,1.0,0.0,0.0,1.0,4.0,0
3,20,0,3,4,3.75,1,1.0,1.9364916731037085,0.0,0.625,2.5,0
2,17,0,4,4,3.609375,1,1.0,1.899835519196333,0.0,0.5,2.125,0
8,28,0,2,4,1.75,1,1.0,1.3228756555322954,0.0,0.0,3.5,0
2,15,0,5,4,3.609375,1,1.0,1.899835519196333,0.0,0.5,1.875,0
6,13,0,6,4,3.484375,1,1.0,1.8666480653835098,0.0,0.0,1.625,0
3,1,1,6,1,0.109375,0,0.33333322222225925,0.33071891388307384,1.0,0.0,0.125,1
6,10,1,4,4,2.1875,1,1.0,1.479019945774904,0.2727272727272727,0.0,1.25,0
6,16,0,3,4,3.25,1,1.0,1.8027756377319946,0.0,0.0,2.0,0
3,10,0,4,4,2.1875,1,1.0,1.479019945774904,0.0,0.25,1.25,0
2,1,0,6,1,0.109375,0,0.499999750000125,0.33071891388307384,0.0,0.0,0.125,1
3,1,2,6,1,0.109375,0,0.33333322222225925,0.33071891388307384,2.5,0.0,0.125,1
7,32,0,0,4,0.0,1,1.0,0.0,0.0,0.0,4.0,0
4,25,0,1,4,2.359375,1,1.0,1.5360257159305635,0.0,0.75,3.125,0
3,9,0,4,4,2.859375,1,1.0,1.6909686573085854,0.0,0.25,1.125,0
7,21,0,2,4,3.234375,1,1.0,1.79843682124227,0.0,0.0,2.625,0
3,14,0,3,4,2.6875,1,1.0,1.6393596310755,0.0,0.375,1.75,0
5,14,0,3,4,3.4375,1,1.0,1.8540496217739157,0.0,0.0,1.75,0
6,17,0,3,4,3.109375,1,1.0,1.7633419974582356,0.0,0.0,2.125,0
2,21,1,2,4,2.234375,1,1.0,1.4947825928876748,0.22727272727272727,0.75,2.625,0
1,27,0,1,4,1.234375,1,1.0,1.1110243021644486,0.0,1.0,3.375,0
5,26,0,2,4,1.1875,1,1.0,1.0897247358851685,0.0,0.0,3.25,0
5,21,0,2,4,2.234375,1,1.0,1.4947825928876748,0.0,0.0,2.625,0
2,21,0,3,4,3.234375,1,1.0,1.79843682124227,0.0,0.625,2.625,0
8,30,0,1,4,0.1875,1,1.0,0.4330127018922193,0.0,0.0,3.75,0
1,24,0,1,4,3.0,1,1.0,1.7320508075688772,0.0,0.75,3.0,0
2,23,1,2,4,2.859375,1,1.0,1.6909686573085854,0.125,0.75,2.875,0
3,23,0,2,4,2.859375,1,1.0,1.6909686573085854,0.0,0.75,2.875,0
6,14,0,4,4,2.6875,1,1.0,1.6393596310755,0.0,0.0,1.75,0
5,19,0,3,4,2.984375,1,1.0,1.7275343701356567,0.0,0.0,2.375,0
8,18,0,4,4,3.4375,1,1.0,1.8540496217739157,0.0,0.0,2.25,0
8,6,0,6,4,1.9375,0,0.7499999062500118,1.3919410907075054,0.0,0.0,0.75,1
2,10,1,4,4,2.9375,1,1.0,1.713913650100261,0.18181818181818182,0.375,1.25,0
1,1,1,6,1,0.109375,1,0.9999990000010001,0.33071891388307384,3.0,0.125,0.125,0
2,10,0,4,4,2.9375,1,1.0,1.713913650100261,0.0,0.375,1.25,0
4,0,1,7,0,0.0,0,0.0,0.0,6.0,0.0,0.0,6
6,1,0,6,1,0.109375,0,0.16666663888889352,0.33071891388307384,0.0,0.0,0.125,5
6,17,0,4,4,2.609375,1,1.0,1.6153559979150107,0.0,0.0,2.125,0
1,11,0,5,4,2.734375,1,1.0,1.653594569415369,0.0,0.5,1.375,0
3,17,0,5,4,1.359375,1,1.0,1.165922381636102,0.0,0.375,2.125,0
2,10,0,6,4,2.9375,1,1.0,1.713913650100261,0.0,0.375,1.25,0
4,32,0,0,4,0.0,1,1.0,0.0,0.0,1.0,4.0,0
2,30,0,1,4,0.4375,1,1.0,0.6614378277661477,0.0,1.0,3.75,0
2,28,0,1,4,1.75,1,1.0,1.3228756555322954,0.0,0.875,3.5,0
4,28,0,2,4,0.75,1,1.0,0.8660254037844386,0.0,0.75,3.5,0
7,10,0,4,4,2.9375,1,1.0,1.713913650100261,0.0,0.0,1.25,0
7,28,0,1,4,0.75,1,1.0,0.8660254037844386,0.0,0.0,3.5,0
4,14,0,3,4,3.4375,1,1.0,1.8540496217739157,0.0,0.375,1.75,0
7,21,0,2,4,3.234375,1,1.0,1.79843682124227,0.0,0.0,2.625,0
7,3,0,5,3,0.984375,0,0.4285713673469475,0.9921567416492215,0.0,0.0,0.375,5
7,5,1,5,3,1.234375,0,0.7142856122449125,1.1110243021644486,0.16666666666666666,0.0,0.625,1
8,15,0,4,4,2.109375,1,1.0,1.4523687548277813,0.0,0.0,1.875,0
1,7,0,5,2,0.859375,1,1.0,0.9270248108869579,0.0,0.5,0.875,0
2,3,1,5,3,0.984375,1,1.0,0.9921567416492215,1.75,0.125,0.375,0
5,6,0,8,2,0.6875,1,1.0,0.82915619758885,0.0,0.0,0.75,0
2,16,2,5,4,2.25,1,1.0,1.5,0.47058823529411764,0.625,2.0,0
1,5,0,5,3,1.234375,1,1.0,1.1110243021644486,0.0,0.25,0.625,0
2,16,0,5,4,2.25,1,1.0,1.5,0.0,0.625,2.0,0
4,9,0,8,4,2.109375,1,1.0,1.4523687548277813,0.0,0.125,1.125,0
4,7,1,5,2,0.859375,1,1.0,0.9270248108869579,0.125,0.0,0.875,0
6,16,1,5,4,2.25,1,1.0,1.5,0.11764705882352941,0.0,2.0,0
7,9,1,8,4,2.109375,1,1.0,1.4523687548277813,0.4,0.0,1.125,4
2,19,0,2,4,2.234375,1,1.0,1.4947825928876748,0.0,0.75,2.375,0
1,12,0,5,4,1.75,1,1.0,1.3228756555322954,0.0,0.75,1.5,0
2,11,0,6,4,1.484375,1,1.0,1.2183492931011204,0.0,0.375,1.375,0
7,19,1,2,4,2.234375,1,1.0,1.4947825928876748,0.1,0.0,2.375,0
1,19,2,2,4,2.234375,1,1.0,1.4947825928876748,0.45,0.75,2.375,0
7,11,0,6,4,1.484375,1,1.0,1.2183492931011204,0.0,0.0,1.375,0
1,4,2,7,2,0.5,1,1.0,0.7071067811865476,2.8,0.375,0.5,0
7,9,0,5,4,2.859375,1,1.0,1.6909686573085854,0.0,0.0,1.125,0
3,15,0,4,4,1.859375,1,1.0,1.3635890143294642,0.0,0.25,1.875,0
5,4,4,7,2,0.75,0,0.799999840000032,0.8660254037844386,5.8,0.0,0.5,2
2,4,2,7,2,0.5,1,1.0,0.7071067811865476,2.8,0.125,0.5,0
3,11,5,5,3,0.984375,1,1.0,0.9921567416492215,2.6666666666666665,0.125,1.375,5
6,4,1,7,2,0.5,0,0.6666665555555741,0.7071067811865476,1.6,0.0,0.5,8
8,4,0,7,2,0.5,0,0.4999999375000079,0.7071067811865476,0.0,0.0,0.5,7
8,4,3,7,2,0.5,0,0.4999999375000079,0.7071067811865476,3.2,0.0,0.5,8
2,0,6,6,0,0.0,0,0.0,0.0,28.0,0.0,0.0,9
1,3,9,5,2,0.484375,1,1.0,0.6959705453537527,9.0,0.25,0.375,14
2,3,8,5,2,0.484375,1,1.0,0.6959705453537527,8.5,0.125,0.375,14
3,1,5,6,1,0.109375,0,0.33333322222225925,0.33071891388307384,13.0,0.0,0.125,6
2,11,6,5,3,0.984375,1,1.0,0.9921567416492215,2.9166666666666665,0.5,1.375,7
4,0,7,6,0,0.0,0,0.0,0.0,30.0,0.0,0.0,18
7,4,3,7,2,0.75,0,0.57142848979593,0.8660254037844386,4.4,0.0,0.5,24
6,11,4,5,3,0.984375,1,1.0,0.9921567416492215,2.1666666666666665,0.0,1.375,20
7,0,5,6,0,0.0,0,0.0,0.0,21.0,0.0,0.0,18
8,3,10,5,2,0.484375,0,0.3749999531250059,0.6959705453537527,9.25,0.0,0.375,29
2,26,0,1,4,0.6875,1,1.0,0.82915619758885,0.0,1.0,3.25,0
6,5,10,5,2,0.734375,0,0.8333331944444675,0.8569568250501305,7.0,0.0,0.625,23
1,16,0,4,4,2.75,1,1.0,1.6583123951777,0.0,0.625,2.0,0
4,15,0,5,4,2.609375,1,1.0,1.6153559979150107,0.0,0.25,1.875,0
2,15,1,5,4,2.609375,1,1.0,1.6153559979150107,0.25,0.625,1.875,0
3,26,1,1,4,0.6875,1,1.0,0.82915619758885,0.07407407407407407,0.75,3.25,0
5,21,0,3,4,1.734375,1,1.0,1.3169567191065923,0.0,0.0,2.625,0
2,21,0,3,4,2.734375,1,1.0,1.653594569415369,0.0,0.75,2.625,0
8,25,0,2,4,1.859375,1,1.0,1.3635890143294642,0.0,0.0,3.125,0
5,9,0,4,4,2.859375,1,1.0,1.6909686573085854,0.0,0.0,1.125,0
5,22,0,3,4,2.1875,1,1.0,1.479019945774904,0.0,0.0,2.75,0
8,17,0,3,4,3.609375,1,1.0,1.899835519196333,0.0,0.0,2.125,0
2,25,0,2,4,0.859375,1,1.0,0.9270248108869579,0.0,1.0,3.125,0
6,9,1,4,4,2.859375,1,1.0,1.6909686573085854,0.5,0.0,1.125,8
2,13,0,4,4,2.234375,1,1.0,1.4947825928876748,0.0,0.5,1.625,0
1,0,2,6,0,0.0,0,0.0,0.0,14.0,0.0,0.0,1
3,13,1,4,4,2.234375,1,1.0,1.4947825928876748,0.14285714285714285,0.375,1.625,0
8,4,1,5,4,1.75,0,0.4999999375000079,1.3228756555322954,1.2,0.0,0.5,8
1,8,0,6,3,1.75,1,1.0,1.3228756555322954,0.0,0.375,1.0,0
4,4,2,5,4,1.75,1,0.9999997500000625,1.3228756555322954,2.8,0.125,0.5,0
7,27,1,2,4,1.734375,1,1.0,1.3169567191065923,0.07142857142857142,0.0,3.375,0
2,27,0,2,4,1.734375,1,1.0,1.3169567191065923,0.0,0.875,3.375,0
8,32,2,0,4,0.0,1,1.0,0.0,0.12121212121212122,0.0,4.0,0
2,32,1,0,4,0.0,1,1.0,0.0,0.06060606060606061,1.0,4.0,0
1,20,0,3,4,3.75,1,1.0,1.9364916731037085,0.0,0.625,2.5,0
2,32,0,0,4,0.0,1,1.0,0.0,0.0,1.0,4.0,0
1,27,0,3,4,1.734375,1,1.0,1.3169567191065923,0.0,0.875,3.375,0
7,22,1,5,4,2.1875,1,1.0,1.479019945774904,0.21739130434782608,0.0,2.75,0
1,23,0,4,4,1.859375,1,1.0,1.3635890143294642,0.0,0.875,2.875,0
5,22,0,5,4,2.1875,1,1.0,1.479019945774904,0.0,0.0,2.75,0
5,27,1,3,4,1.734375,1,1.0,1.3169567191065923,0.03571428571428571,0.0,3.375,0
6,10,1,7,4,2.9375,1,1.0,1.713913650100261,0.18181818181818182,0.0,1.25,0
3,3,3,8,2,0.484375,1,0.9999996666667778,0.6959705453537527,4.75,0.0,0.375,0
2,10,0,7,4,2.9375,1,1.0,1.713913650100261,0.0,0.375,1.25,0
6,3,0,8,2,0.484375,0,0.49999991666668053,0.6959705453537527,0.0,0.0,0.375,5
4,3,4,8,2,0.484375,0,0.7499998125000469,0.6959705453537527,5.5,0.0,0.375,4
4,0,3,7,0,0.0,0,0.0,0.0,17.0,0.0,0.0,10
6,3,1,8,2,0.484375,0,0.49999991666668053,0.6959705453537527,1.5,0.0,0.375,7
1,0,4,7,0,0.0,0,0.0,0.0,21.0,0.0,0.0,1
4,0,2,7,0,0.0,0,0.0,0.0,13.0,0.0,0.0,3
6,10,4,6,4,1.6875,1,1.0,1.299038105676658,2.090909090909091,0.0,1.25,16
7,3,2,8,2,0.484375,0,0.4285713673469475,0.6959705453537527,3.0,0.0,0.375,17
6,5,5,6,3,1.234375,0,0.8333331944444675,1.1110243021644486,3.6666666666666665,0.0,0.625,16
4,5,6,6,3,1.234375,1,1.0,1.1110243021644486,4.666666666666667,0.0,0.625,14
8,2,4,7,2,0.4375,0,0.24999996875000394,0.6614378277661477,6.666666666666667,0.0,0.25,13
6,2,5,7,2,0.4375,0,0.33333327777778704,0.6614378277661477,9.333333333333334,0.0,0.25,11
5,23,0,2,4,2.859375,1,1.0,1.6909686573085854,0.0,0.0,2.875,0
8,26,0,1,4,0.6875,1,1.0,0.82915619758885,0.0,0.0,3.25,0
1,24,0,1,4,3.0,1,1.0,1.7320508075688772,0.0,0.75,3.0,0
8,5,0,5,4,1.734375,0,0.6249999218750099,1.3169567191065923,0.0,0.0,0.625,1
8,13,0,4,4,3.484375,1,1.0,1.8666480653835098,0.0,0.0,1.625,0
7,10,1,4,4,2.1875,1,1.0,1.479019945774904,0.7272727272727273,0.0,1.25,5
5,23,1,2,4,2.859375,1,1.0,1.6909686573085854,0.20833333333333334,0.0,2.875,0
8,0,1,6,0,0.0,0,0.0,0.0,7.0,0.0,0.0,6
4,0,2,6,0,0.0,0,0.0,0.0,15.0,0.0,0.0,6
2,2,1,5,2,0.4375,1,0.99999950000025,0.6614378277661477,2.3333333333333335,0.125,0.25,0
3,22,0,2,4,1.9375,1,1.0,1.3919410907075054,0.0,0.75,2.75,0
5,0,3,6,0,0.0,0,0.0,0.0,19.0,0.0,0.0,6
5,8,4,5,4,3.0,1,1.0,1.7320508075688772,2.6666666666666665,0.0,1.0,12
5,19,1,3,4,3.484375,1,1.0,1.8666480653835098,0.05,0.0,2.375,0
1,19,0,3,4,2.734375,1,1.0,1.653594569415369,0.0,0.75,2.375,0
7,21,0,3,4,1.734375,1,1.0,1.3169567191065923,0.0,0.0,2.625,0
1,19,0,3,4,3.484375,1,1.0,1.8666480653835098,0.0,0.625,2.375,0
5,24,0,2,4,2.25,1,1.0,1.5,0.0,0.0,3.0,0
6,20,1,2,4,2.5,1,1.0,1.5811388300841898,0.2857142857142857,0.0,2.5,0
6,19,0,3,4,2.984375,1,1.0,1.7275343701356567,0.0,0.0,2.375,0
3,2,3,6,2,0.4375,0,0.6666664444445185,0.6614378277661477,6.0,0.0,0.25,1
6,21,0,2,4,1.984375,1,1.0,1.4086784586980805,0.0,0.0,2.625,0
2,4,3,5,4,1.75,1,1.0,1.3228756555322954,3.6,0.125,0.5,0
4,4,6,6,2,0.5,1,0.9999997500000625,0.7071067811865476,7.8,0.0,0.5,0
5,4,2,5,4,1.75,0,0.799999840000032,1.3228756555322954,2.6,0.0,0.5,6
6,20,0,2,4,2.5,1,1.0,1.5811388300841898,0.0,0.0,2.5,0
4,8,0,4,4,3.0,1,1.0,1.7320508075688772,0.0,0.25,1.0,0
5,0,3,7,0,0.0,0,0.0,0.0,20.0,0.0,0.0,6
5,4,0,5,4,1.75,0,0.799999840000032,1.3228756555322954,0.0,0.0,0.5,3
7,8,4,5,4,1.75,1,1.0,1.3228756555322954,2.3333333333333335,0.0,1.0,11
8,4,1,5,4,1.75,0,0.4999999375000079,1.3228756555322954,1.0,0.0,0.5,16
8,6,6,6,3,1.1875,0,0.7499999062500118,1.0897247358851685,5.142857142857143,0.0,0.75,15
6,0,5,7,0,0.0,0,0.0,0.0,30.0,0.0,0.0,11
5,0,4,7,0,0.0,0,0.0,0.0,25.0,0.0,0.0,11
4,1,2,5,1,0.109375,0,0.24999993750001562,0.33071891388307384,8.0,0.0,0.125,1
8,1,1,5,1,0.109375,0,0.12499998437500197,0.33071891388307384,4.0,0.0,0.125,6
6,32,0,0,4,0.0,1,1.0,0.0,0.0,0.0,4.0,0
2,9,0,4,4,2.859375,1,1.0,1.6909686573085854,0.0,0.25,1.125,0
6,26,0,1,4,1.9375,1,1.0,1.3919410907075054,0.0,0.0,3.25,0
4,26,1,1,4,1.9375,1,1.0,1.3919410907075054,0.2222222222222222,0.75,3.25,0
6,7,0,6,4,2.359375,1,1.0,1.5360257159305635,0.0,0.0,0.875,0
7,16,0,3,4,4.0,1,1.0,2.0,0.0,0.0,2.0,0
2,13,1,4,4,2.984375,1,1.0,1.7275343701356567,0.2857142857142857,0.5,1.625,0
4,13,0,4,4,2.984375,1,1.0,1.7275343701356567,0.0,0.25,1.625,0
1,27,1,1,4,1.734375,1,1.0,1.3169567191065923,0.21428571428571427,0.875,3.375,0
5,28,0,1,4,1.75,1,1.0,1.3228756555322954,0.0,0.0,3.5,0
2,18,0,4,4,3.4375,1,1.0,1.8540496217739157,0.0,0.625,2.25,0
6,27,0,1,4,1.734375,1,1.0,1.3169567191065923,0.0,0.0,3.375,0
2,20,0,3,4,3.75,1,1.0,1.9364916731037085,0.0,0.625,2.5,0
4,17,0,4,4,3.609375,1,1.0,1.899835519196333,0.0,0.5,2.125,0
2,26,0,2,4,1.1875,1,1.0,1.0897247358851685,0.0,0.875,3.25,0
5,11,0,4,4,3.234375,1,1.0,1.79843682124227,0.0,0.0,1.375,0
7,26,0,2,4,1.1875,1,1.0,1.0897247358851685,0.0,0.0,3.25,0
4,2,1,5,2,0.4375,0,0.49999987500003124,0.6614378277661477,1.6666666666666667,0.0,0.25,6
8,19,0,3,4,2.984375,1,1.0,1.7275343701356567,0.0,0.0,2.375,0
8,6,0,5,4,1.9375,0,0.7499999062500118,1.3919410907075054,0.0,0.0,0.75,2
5,2,0,5,2,0.4375,0,0.399999920000016,0.6614378277661477,0.0,0.0,0.25,10
2,5,6,4,3,1.234375,1,1.0,1.1110243021644486,4.833333333333333,0.25,0.625,5
7,2,2,5,2,0.4375,0,0.285714244897965,0.6614378277661477,3.0,0.0,0.25,7
1,0,6,7,0,0.0,0,0.0,0.0,34.0,0.0,0.0,2
5,0,5,5,0,0.0,0,0.0,0.0,19.0,0.0,0.0,15
2,0,6,5,0,0.0,0,0.0,0.0,24.0,0.0,0.0,15
4,2,4,5,2,0.4375,0,0.49999987500003124,0.6614378277661477,7.0,0.0,0.25,8
5,2,3,5,2,0.4375,0,0.399999920000016,0.6614378277661477,5.333333333333333,0.0,0.25,11
1,0,4,5,0,0.0,0,0.0,0.0,21.0,0.0,0.0,7
7,5,5,4,3,1.234375,0,0.7142856122449125,1.1110243021644486,3.6666666666666665,0.0,0.625,10
7,0,3,7,0,0.0,0,0.0,0.0,14.0,0.0,0.0,15
7,0,5,7,0,0.0,0,0.0,0.0,27.0,0.0,0.0,20
6,0,4,7,0,0.0,0,0.0,0.0,21.0,0.0,0.0,17
8,6,1,4,3,1.6875,0,0.7499999062500118,1.299038105676658,0.42857142857142855,0.0,0.75,3
3,8,1,4,4,2.25,1,1.0,1.5,0.8888888888888888,0.25,1.0,5
7,13,0,3,4,2.234375,1,1.0,1.4947825928876748,0.0,0.0,1.625,0
6,19,0,2,4,1.734375,1,1.0,1.3169567191065923,0.0,0.0,2.375,0
3,6,0,4,3,1.6875,1,1.0,1.299038105676658,0.0,0.25,0.75,0
5,8,2,4,4,2.25,1,1.0,1.5,1.2222222222222223,0.0,1.0,5
8,3,1,5,3,0.984375,0,0.3749999531250059,0.9921567416492215,2.0,0.0,0.375,2
7,0,2,5,0,0.0,0,0.0,0.0,8.0,0.0,0.0,14
7,23,0,4,4,2.859375,1,1.0,1.6909686573085854,0.0,0.0,2.875,0
1,8,3,4,3,1.25,1,1.0,1.118033988749895,1.6666666666666667,0.5,1.0,9
1,0,3,6,0,0.0,0,0.0,0.0,12.0,0.0,0.0,4
4,0,2,6,0,0.0,0,0.0,0.0,8.0,0.0,0.0,12
3,19,0,4,4,2.234375,1,1.0,1.4947825928876748,0.0,0.5,2.375,0
7,24,0,3,4,2.25,1,1.0,1.5,0.0,0.0,3.0,0
4,24,1,3,4,2.25,1,1.0,1.5,0.28,0.625,3.0,0
6,24,0,2,4,1.5,1,1.0,1.224744871391589,0.0,0.0,3.0,0
4,21,0,2,4,2.484375,1,1.0,1.5761900266148114,0.0,0.5,2.625,0
5,31,3,1,4,0.109375,1,1.0,0.33071891388307384,0.375,0.0,3.875,0
4,31,1,1,4,0.109375,1,1.0,0.33071891388307384,0.125,0.875,3.875,0
4,31,0,1,4,0.109375,1,1.0,0.33071891388307384,0.0,0.875,3.875,0
3,5,0,8,4,1.734375,1,1.0,1.3169567191065923,0.0,0.125,0.625,0
6,31,4,1,4,0.109375,1,1.0,0.33071891388307384,0.53125,0.0,3.875,0
1,32,0,0,4,0.0,1,1.0,0.0,0.0,1.0,4.0,0
4,31,2,1,4,0.109375,1,1.0,0.33071891388307384,0.25,0.875,3.875,0
2,8,0,6,4,3.0,1,1.0,1.7320508075688772,0.0,0.25,1.0,0
5,5,2,8,4,1.734375,1,0.99999980000004,1.3169567191065923,1.3333333333333333,0.0,0.625,3
5,5,1,8,4,1.734375,1,0.99999980000004,1.3169567191065923,0.5,0.0,0.625,2
4,3,1,7,1,0.234375,0,0.7499998125000469,0.4841229182759271,2.0,0.0,0.375,2
1,6,0,7,4,1.9375,1,1.0,1.3919410907075054,0.0,0.25,0.75,0
5,7,0,7,4,1.859375,1,1.0,1.3635890143294642,0.0,0.0,0.875,0
7,8,0,7,3,1.5,1,1.0,1.224744871391589,0.0,0.0,1.0,0
1,7,2,6,3,0.859375,1,1.0,0.9270248108869579,1.5,0.625,0.875,0
6,9,3,6,3,1.109375,1,1.0,1.0532687216470449,2.1,0.0,1.125,9
6,9,2,6,3,1.109375,1,1.0,1.0532687216470449,1.5,0.0,1.125,5
8,3,0,7,1,0.234375,0,0.3749999531250059,0.4841229182759271,0.0,0.0,0.375,9
8,4,2,5,2,0.5,0,0.4999999375000079,0.7071067811865476,2.4,0.0,0.5,13
7,2,1,8,1,0.1875,0,0.285714244897965,0.4330127018922193,2.6666666666666665,0.0,0.25,5
8,32,0,0,4,0.0,1,1.0,0.0,0.0,0.0,4.0,0
5,32,1,0,4,0.0,1,1.0,0.0,0.24242424242424243,0.0,4.0,0
4,27,0,1,4,1.734375,1,1.0,1.3169567191065923,0.0,0.75,3.375,0
8,23,0,2,4,2.859375,1,1.0,1.6909686573085854,0.0,0.0,2.875,0
3,17,0,2,4,3.609375,1,1.0,1.899835519196333,0.0,0.5,2.125,0
3,14,0,3,4,3.4375,1,1.0,1.8540496217739157,0.0,0.375,1.75,0
8,24,0,1,4,2.25,1,1.0,1.5,0.0,0.0,3.0,0
7,24,0,1,4,3.0,1,1.0,1.7320508075688772,0.0,0.0,3.0,0
7,14,0,3,4,2.6875,1,1.0,1.6393596310755,0.0,0.0,1.75,0
7,3,0,4,3,0.984375,0,0.4285713673469475,0.9921567416492215,0.0,0.0,0.375,1
7,10,0,3,4,2.1875,1,1.0,1.479019945774904,0.0,0.0,1.25,0
5,9,0,4,3,1.609375,1,1.0,1.2686114456365274,0.0,0.0,1.125,0
1,11,0,3,4,2.484375,1,1.0,1.5761900266148114,0.0,0.5,1.375,0
1,11,1,4,4,2.484375,1,1.0,1.5761900266148114,0.3333333333333333,0.5,1.375,0
2,4,0,7,4,1.75,1,1.0,1.3228756555322954,0.0,0.125,0.5,0
8,17,0,3,4,1.609375,1,1.0,1.2686114456365274,0.0,0.0,2.125,0
2,2,1,8,2,0.4375,1,0.99999950000025,0.6614378277661477,2.0,0.125,0.25,0
4,11,0,4,4,2.484375,1,1.0,1.5761900266148114,0.0,0.125,1.375,0
7,11,0,6,4,2.734375,1,1.0,1.653594569415369,0.0,0.0,1.375,0
5,5,1,8,3,1.234375,1,0.99999980000004,1.1110243021644486,1.0,0.0,0.625,0
2,11,2,4,4,2.484375,1,1.0,1.5761900266148114,0.4166666666666667,0.375,1.375,0
6,2,0,8,2,0.4375,0,0.33333327777778704,0.6614378277661477,0.0,0.0,0.25,14
1,5,6,6,3,1.234375,1,1.0,1.1110243021644486,7.0,0.25,0.625,0
3,1,1,8,1,0.109375,0,0.33333322222225925,0.33071891388307384,3.0,0.0,0.125,7
8,1,2,8,1,0.109375,0,0.12499998437500197,0.33071891388307384,4.5,0.0,0.125,12
3,20,6,4,4,3.0,1,1.0,1.7320508075688772,2.0,0.625,2.5,0
3,3,5,6,2,0.484375,1,0.9999996666667778,0.6959705453537527,7.5,0.0,0.375,0
6,2,6,7,1,0.1875,0,0.33333327777778704,0.4330127018922193,13.0,0.0,0.25,12
8,1,3,8,1,0.109375,0,0.12499998437500197,0.33071891388307384,8.5,0.0,0.125,12
1,0,6,7,0,0.0,0,0.0,0.0,38.0,0.0,0.0,2
4,20,7,4,4,3.0,1,1.0,1.7320508075688772,2.142857142857143,0.5,2.5,11
7,2,5,7,1,0.1875,0,0.285714244897965,0.4330127018922193,10.666666666666666,0.0,0.25,24
1,1,7,6,1,0.109375,1,0.9999990000010001,0.33071891388307384,19.5,0.125,0.125,9
7,1,4,8,1,0.109375,0,0.1428571224489825,0.33071891388307384,12.5,0.0,0.125,21
6,6,7,6,3,1.1875,1,0.9999998333333611,1.0897247358851685,5.571428571428571,0.0,0.75,17
5,0,8,7,0,0.0,0,0.0,0.0,46.0,0.0,0.0,22
8,0,5,7,0,0.0,0,0.0,0.0,30.0,0.0,0.0,25
5,0,9,7,0,0.0,0,0.0,0.0,51.0,0.0,0.0,24
6,4,7,6,2,0.5,0,0.6666665555555741,0.7071067811865476,9.0,0.0,0.5,27
7,0,7,7,0,0.0,0,0.0,0.0,39.0,0.0,0.0,27
6,25,0,1,4,1.609375,1,1.0,1.2686114456365274,0.0,0.0,3.125,0
7,26,0,1,4,1.6875,1,1.0,1.299038105676658,0.0,0.0,3.25,0
6,19,0,2,4,3.484375,1,1.0,1.8666480653835098,0.0,0.0,2.375,0
7,13,0,3,4,3.484375,1,1.0,1.8666480653835098,0.0,0.0,1.625,0
2,19,0,2,4,2.984375,1,1.0,1.7275343701356567,0.0,0.625,2.375,0
5,17,0,2,4,2.859375,1,1.0,1.6909686573085854,0.0,0.0,2.125,0
8,13,1,3,4,3.484375,1,1.0,1.8666480653835098,0.5,0.0,1.625,2
6,21,0,2,4,2.234375,1,1.0,1.4947825928876748,0.0,0.0,2.625,0
7,21,1,2,4,2.234375,1,1.0,1.4947825928876748,0.2727272727272727,0.0,2.625,0
3,19,0,2,4,2.984375,1,1.0,1.7275343701356567,0.0,0.5,2.375,0
5,16,1,3,4,2.75,1,1.0,1.6583123951777,0.11764705882352941,0.0,2.0,0
2,16,0,3,4,2.75,1,1.0,1.6583123951777,0.0,0.625,2.0,0
5,21,0,4,4,2.234375,1,1.0,1.4947825928876748,0.0,0.0,2.625,0
1,12,0,5,4,2.25,1,1.0,1.5,0.0,0.75,1.5,0
3,15,0,4,4,2.859375,1,1.0,1.6909686573085854,0.0,0.375,1.875,0
3,23,1,3,4,1.359375,1,1.0,1.165922381636102,0.125,0.5,2.875,0
5,18,0,5,4,2.6875,1,1.0,1.6393596310755,0.0,0.0,2.25,0
3,20,0,4,4,2.0,1,1.0,1.4142135623730951,0.0,0.5,2.5,0
1,18,0,4,4,2.4375,1,1.0,1.5612494995995996,0.0,0.75,2.25,0
4,17,0,5,4,2.609375,1,1.0,1.6153559979150107,0.0,0.375,2.125,0
7,24,0,3,4,1.0,1,1.0,1.0,0.0,0.0,3.0,0
3,23,0,3,4,1.359375,1,1.0,1.165922381636102,0.0,0.5,2.875,0
7,14,0,3,4,1.9375,1,1.0,1.3919410907075054,0.0,0.0,1.75,0
3,14,1,3,4,1.9375,1,1.0,1.3919410907075054,0.4666666666666667,0.25,1.75,0
8,17,0,4,4,3.109375,1,1.0,1.7633419974582356,0.0,0.0,2.125,0
3,14,2,3,4,1.9375,1,1.0,1.3919410907075054,0.6666666666666666,0.25,1.75,0
6,0,0,7,0,0.0,0,0.0,0.0,0.0,0.0,0.0,1
7,10,0,5,3,1.9375,1,1.0,1.3919410907075054,0.0,0.0,1.25,0
1,8,0,5,3,1.5,1,1.0,1.224744871391589,0.0,0.5,1.0,0
3,3,0,6,2,0.484375,1,0.9999996666667778,0.6959705453537527,0.0,0.0,0.375,0
6,4,1,6,4,1.75,0,0.6666665555555741,1.3228756555322954,1.4,0.0,0.5,8
6,4,2,6,4,1.75,0,0.6666665555555741,1.3228756555322954,2.6,0.0,0.5,12
7,7,1,6,2,0.359375,1,0.9999998571428775,0.5994789404140899,0.75,0.0,0.875,8
4,32,0,0,4,0.0,1,1.0,0.0,0.0,1.0,4.0,0
5,10,0,4,4,2.9375,1,1.0,1.713913650100261,0.0,0.0,1.25,0
5,28,0,1,4,1.75,1,1.0,1.3228756555322954,0.0,0.0,3.5,0
5,23,0,2,4,2.859375,1,1.0,1.6909686573085854,0.0,0.0,2.875,0
8,23,1,2,4,2.859375,1,1.0,1.6909686573085854,0.20833333333333334,0.0,2.875,0
2,9,0,4,4,2.859375,1,1.0,1.6909686573085854,0.0,0.25,1.125,0
3,7,0,5,4,1.859375,1,1.0,1.3635890143294642,0.0,0.125,0.875,0
4,7,0,5,4,1.859375,1,1.0,1.3635890143294642,0.0,0.125,0.875,0
1,9,0,5,4,1.859375,1,1.0,1.3635890143294642,0.0,0.5,1.125,0
6,8,0,5,3,1.75,1,1.0,1.3228756555322954,0.0,0.0,1.0,0
7,13,0,4,4,1.984375,1,1.0,1.4086784586980805,0.0,0.0,1.625,0
8,17,0,4,4,2.609375,1,1.0,1.6153559979150107,0.0,0.0,2.125,0
5,6,1,5,2,0.9375,1,1.0,0.9682458365518543,1.0,0.0,0.75,0
8,8,0,4,3,1.25,1,0.9999998750000157,1.118033988749895,0.0,0.0,1.0,0
7,6,0,5,2,0.9375,0,0.857142734693895,0.9682458365518543,0.0,0.0,0.75,7
4,12,1,3,4,2.0,1,1.0,1.4142135623730951,0.5384615384615384,0.125,1.5,0
7,21,0,2,4,1.734375,1,1.0,1.3169567191065923,0.0,0.0,2.625,0
6,21,0,2,4,3.234375,1,1.0,1.79843682124227,0.0,0.0,2.625,0
7,28,0,1,4,1.75,1,1.0,1.3228756555322954,0.0,0.0,3.5,0
4,32,0,0,4,0.0,1,1.0,0.0,0.0,1.0,4.0,0
8,21,1,2,4,3.234375,1,1.0,1.79843682124227,0.2727272727272727,0.0,2.625,0
3,7,0,4,4,2.359375,1,1.0,1.5360257159305635,0.0,0.25,0.875,0
3,7,1,4,4,2.359375,1,1.0,1.5360257159305635,0.375,0.25,0.875,0
5,9,0,5,4,2.109375,1,1.0,1.4523687548277813,0.0,0.0,1.125,0
5,15,0,4,4,3.609375,1,1.0,1.899835519196333,0.0,0.0,1.875,0
5,10,1,5,4,2.9375,1,1.0,1.713913650100261,0.2727272727272727,0.0,1.25,0
1,7,0,6,4,1.859375,1,1.0,1.3635890143294642,0.0,0.375,0.875,0
5,1,0,6,1,0.109375,0,0.199999960000008,0.33071891388307384,0.0,0.0,0.125,3
5,17,0,4,4,2.609375,1,1.0,1.6153559979150107,0.0,0.0,2.125,0
2,16,0,4,4,2.75,1,1.0,1.6583123951777,0.0,0.5,2.0,0
3,10,0,5,4,2.9375,1,1.0,1.713913650100261,0.0,0.25,1.25,0
2,21,0,2,4,3.234375,1,1.0,1.79843682124227,0.0,0.625,2.625,0
8,29,0,1,4,0.984375,1,1.0,0.9921567416492215,0.0,0.0,3.625,0
8,6,0,5,4,1.9375,0,0.7499999062500118,1.3919410907075054,0.0,0.0,0.75,2
3,32,0,0,4,0.0,1,1.0,0.0,0.0,1.0,4.0,0
6,12,0,4,4,3.75,1,1.0,1.9364916731037085,0.0,0.0,1.5,0
8,1,2,5,1,0.109375,0,0.12499998437500197,0.33071891388307384,4.5,0.0,0.125,5
7,19,0,3,4,3.484375,1,1.0,1.8666480653835098,0.0,0.0,2.375,0
1,9,3,4,4,1.859375,1,1.0,1.3635890143294642,1.7,0.5,1.125,3
7,0,0,5,0,0.0,0,0.0,0.0,0.0,0.0,0.0,5
2,1,1,5,1,0.109375,0,0.499999750000125,0.33071891388307384,3.5,0.0,0.125,2
7,0,1,5,0,0.0,0,0.0,0.0,7.0,0.0,0.0,7
1,6,0,5,3,1.1875,1,1.0,1.0897247358851685,0.0,0.375,0.75,0
8,0,2,6,0,0.0,0,0.0,0.0,9.0,0.0,0.0,8
7,6,1,5,3,1.1875,0,0.857142734693895,1.0897247358851685,0.14285714285714285,0.0,0.75,4
6,5,1,6,2,0.734375,0,0.8333331944444675,0.8569568250501305,1.1666666666666667,0.0,0.625,5
4,8,0,4,4,2.25,1,1.0,1.5,0.0,0.125,1.0,0
2,11,0,4,4,1.984375,1,1.0,1.4086784586980805,0.0,0.375,1.375,0
5,11,1,4,4,1.984375,1,1.0,1.4086784586980805,0.16666666666666666,0.0,1.375,0
4,10,0,5,4,2.9375,1,1.0,1.713913650100261,0.0,0.25,1.25,0
6,10,0,5,4,2.1875,1,1.0,1.479019945774904,0.0,0.0,1.25,0
5,21,0,3,4,1.984375,1,1.0,1.4086784586980805,0.0,0.0,2.625,0
2,11,0,4,4,2.734375,1,1.0,1.653594569415369,0.0,0.375,1.375,0
6,16,0,4,4,3.25,1,1.0,1.8027756377319946,0.0,0.0,2.0,0
6,22,0,2,4,1.4375,1,1.0,1.1989578808281798,0.0,0.0,2.75,0
4,9,0,6,4,2.859375,1,1.0,1.6909686573085854,0.0,0.25,1.125,0
4,9,0,5,4,2.359375,1,1.0,1.5360257159305635,0.0,0.125,1.125,0
3,16,1,3,4,2.25,1,1.0,1.5,0.17647058823529413,0.375,2.0,0
2,10,0,5,4,2.9375,1,1.0,1.713913650100261,0.0,0.375,1.25,0
3,16,0,3,4,2.25,1,1.0,1.5,0.0,0.375,2.0,0
5,14,0,5,4,2.6875,1,1.0,1.6393596310755,0.0,0.0,1.75,0
6,11,1,6,4,2.484375,1,1.0,1.5761900266148114,0.5833333333333334,0.0,1.375,5
7,11,0,6,4,2.484375,1,1.0,1.5761900266148114,0.0,0.0,1.375,0
4,1,2,7,1,0.109375,0,0.24999993750001562,0.33071891388307384,3.5,0.0,0.125,3
6,2,1,8,2,0.4375,0,0.33333327777778704,0.6614378277661477,2.0,0.0,0.25,3
6,6,2,7,3,1.1875,1,0.9999998333333611,1.0897247358851685,1.7142857142857142,0.0,0.75,8
2,4,1,7,4,1.75,1,1.0,1.3228756555322954,1.2,0.125,0.5,0
1,1,1,7,1,0.109375,1,0.9999990000010001,0.33071891388307384,3.0,0.125,0.125,0
5,0,2,8,0,0.0,0,0.0,0.0,10.0,0.0,0.0,3
3,32,1,0,4,0.0,1,1.0,0.0,0.21212121212121213,1.0,4.0,0
7,32,0,0,4,0.0,1,1.0,0.0,0.0,0.0,4.0,0
5,22,0,2,4,2.9375,1,1.0,1.713913650100261,0.0,0.0,2.75,0
2,20,0,2,4,2.5,1,1.0,1.5811388300841898,0.0,0.625,2.5,0
6,18,2,3,4,3.1875,1,1.0,1.7853571071357126,0.47368421052631576,0.0,2.25,0
6,3,0,6,3,0.984375,0,0.49999991666668053,0.9921567416492215,0.0,0.0,0.375,2
7,25,0,2,4,1.609375,1,1.0,1.2686114456365274,0.0,0.0,3.125,0
1,18,0,3,4,3.1875,1,1.0,1.7853571071357126,0.0,0.75,2.25,0
8,18,1,3,4,3.1875,1,1.0,1.7853571071357126,0.05263157894736842,0.0,2.25,0
2,2,1,6,1,0.1875,1,0.99999950000025,0.4330127018922193,1.6666666666666667,0.0,0.25,0
4,3,1,6,3,0.984375,0,0.7499998125000469,0.9921567416492215,1.5,0.0,0.375,5
5,2,1,6,2,0.4375,0,0.399999920000016,0.6614378277661477,1.3333333333333333,0.0,0.25,5
5,2,2,6,2,0.4375,0,0.399999920000016,0.6614378277661477,3.0,0.0,0.25,4
6,2,3,6,2,0.4375,0,0.33333327777778704,0.6614378277661477,4.666666666666667,0.0,0.25,7
3,3,2,7,3,0.984375,1,0.9999996666667778,0.9921567416492215,2.5,0.125,0.375,0
6,0,1,7,0,0.0,0,0.0,0.0,5.0,0.0,0.0,7
2,0,4,6,0,0.0,0,0.0,0.0,21.0,0.0,0.0,1
5,0,3,6,0,0.0,0,0.0,0.0,16.0,0.0,0.0,11
3,6,2,6,2,0.9375,1,1.0,0.9682458365518543,1.4285714285714286,0.0,0.75,4
7,5,2,6,3,1.234375,0,0.7142856122449125,1.1110243021644486,1.1666666666666667,0.0,0.625,2
4,0,2,7,0,0.0,0,0.0,0.0,11.0,0.0,0.0,7
5,11,0,5,3,1.234375,1,1.0,1.1110243021644486,0.0,0.0,1.375,0
6,23,0,2,4,1.859375,1,1.0,1.3635890143294642,0.0,0.0,2.875,0
3,17,0,3,4,3.109375,1,1.0,1.7633419974582356,0.0,0.5,2.125,0
7,20,0,4,4,2.5,1,1.0,1.5811388300841898,0.0,0.0,2.5,0
1,21,0,3,4,2.734375,1,1.0,1.653594569415369,0.0,0.75,2.625,0
6,13,0,5,4,2.984375,1,1.0,1.7275343701356567,0.0,0.0,1.625,0
2,23,0,2,4,1.859375,1,1.0,1.3635890143294642,0.0,0.875,2.875,0
7,5,0,6,2,0.734375,0,0.7142856122449125,0.8569568250501305,0.0,0.0,0.625,1
6,13,0,5,4,3.484375,1,1.0,1.8666480653835098,0.0,0.0,1.625,0
5,7,0,6,4,2.359375,1,1.0,1.5360257159305635,0.0,0.0,0.875,0
2,6,1,5,3,1.1875,1,1.0,1.0897247358851685,0.2857142857142857,0.25,0.75,0
7,2,0,7,2,0.4375,0,0.285714244897965,0.6614378277661477,0.0,0.0,0.25,1
2,6,0,5,3,1.1875,1,1.0,1.0897247358851685,0.0,0.25,0.75,0
8,14,0,4,4,2.6875,1,1.0,1.6393596310755,0.0,0.0,1.75,0
7,2,1,7,2,0.4375,0,0.285714244897965,0.6614378277661477,2.3333333333333335,0.0,0.25,6
6,8,0,4,3,1.75,1,1.0,1.3228756555322954,0.0,0.0,1.0,0
7,8,1,4,3,1.75,1,1.0,1.3228756555322954,0.6666666666666666,0.0,1.0,5
5,32,0,0,4,0.0,1,1.0,0.0,0.0,0.0,4.0,0
7,27,0,1,4,1.734375,1,1.0,1.3169567191065923,0.0,0.0,3.375,0
1,14,0,3,4,3.4375,1,1.0,1.8540496217739157,0.0,0.5,1.75,0
6,20,0,2,4,3.75,1,1.0,1.9364916731037085,0.0,0.0,2.5,0
1,22,0,3,4,2.6875,1,1.0,1.6393596310755,0.0,0.875,2.75,0
3,25,0,2,4,2.359375,1,1.0,1.5360257159305635,0.0,0.75,3.125,0
6,22,0,3,4,2.9375,1,1.0,1.713913650100261,0.0,0.0,2.75,0
7,17,1,3,4,2.609375,1,1.0,1.6153559979150107,0.3333333333333333,0.0,2.125,0
7,22,1,3,4,2.9375,1,1.0,1.713913650100261,0.2608695652173913,0.0,2.75,0
2,15,0,4,4,3.109375,1,1.0,1.7633419974582356,0.0,0.5,1.875,0
1,6,1,6,3,1.1875,1,1.0,1.0897247358851685,0.2857142857142857,0.375,0.75,0
3,9,0,5,4,2.359375,1,1.0,1.5360257159305635,0.0,0.25,1.125,0
8,15,0,7,4,2.609375,1,1.0,1.6153559979150107,0.0,0.0,1.875,0
6,17,0,3,4,2.609375,1,1.0,1.6153559979150107,0.0,0.0,2.125,0
3,3,0,8,3,0.984375,1,0.9999996666667778,0.9921567416492215,0.0,0.125,0.375,0
1,4,0,5,4,1.75,1,1.0,1.3228756555322954,0.0,0.125,0.5,0
7,16,0,6,4,1.75,1,1.0,1.3228756555322954,0.0,0.0,2.0,0
2,6,0,6,3,1.1875,1,1.0,1.0897247358851685,0.0,0.25,0.75,0
3,8,0,7,4,2.25,1,1.0,1.5,0.0,0.25,1.0,0
1,7,0,8,4,1.859375,1,1.0,1.3635890143294642,0.0,0.375,0.875,0
7,32,0,0,4,0.0,1,1.0,0.0,0.0,0.0,4.0,0
3,24,0,2,4,3.0,1,1.0,1.7320508075688772,0.0,0.75,3.0,0
4,21,0,3,4,3.234375,1,1.0,1.79843682124227,0.0,0.625,2.625,0
6,20,0,5,4,3.0,1,1.0,1.7320508075688772,0.0,0.0,2.5,0
1,32,1,0,4,0.0,1,1.0,0.0,0.21212121212121213,1.0,4.0,0
1,21,1,3,4,3.234375,1,1.0,1.79843682124227,0.18181818181818182,0.75,2.625,0
5,11,0,7,4,3.234375,1,1.0,1.79843682124227,0.0,0.0,1.375,0
3,23,0,4,4,2.859375,1,1.0,1.6909686573085854,0.0,0.75,2.875,0
7,6,1,8,4,1.9375,0,0.857142734693895,1.3919410907075054,0.2857142857142857,0.0,0.75,1
2,6,0,8,4,1.9375,1,1.0,1.3919410907075054,0.0,0.25,0.75,0
2,7,1,8,4,2.359375,1,1.0,1.5360257159305635,0.875,0.25,0.875,1
3,14,0,6,4,3.4375,1,1.0,1.8540496217739157,0.0,0.375,1.75,0
4,0,1,9,0,0.0,0,0.0,0.0,3.0,0.0,0.0,7
8,4,1,8,3,1.0,0,0.4999999375000079,1.0,0.4,0.0,0.5,1
3,3,6,7,3,0.984375,1,0.9999996666667778,0.9921567416492215,9.0,0.125,0.375,0
2,7,7,7,4,2.359375,1,1.0,1.5360257159305635,5.25,0.25,0.875,0
4,2,5,7,1,0.1875,0,0.49999987500003124,0.4330127018922193,8.0,0.0,0.25,10
3,0,0,9,0,0.0,0,0.0,0.0,0.0,0.0,0.0,8
5,2,4,7,1,0.1875,0,0.399999920000016,0.4330127018922193,6.333333333333333,0.0,0.25,9
8,2,2,7,1,0.1875,0,0.24999996875000394,0.4330127018922193,2.3333333333333335,0.0,0.25,15
6,0,6,8,0,0.0,0,0.0,0.0,36.0,0.0,0.0,14
4,2,3,7,1,0.1875,0,0.49999987500003124,0.4330127018922193,5.0,0.0,0.25,8
7,3,5,7,3,0.984375,0,0.4285713673469475,0.9921567416492215,7.25,0.0,0.375,23
8,7,6,6,3,1.109375,0,0.8749998906250137,1.0532687216470449,3.5,0.0,0.875,24
6,24,0,1,4,1.0,1,1.0,1.0,0.0,0.0,3.0,0
5,26,0,1,4,1.9375,1,1.0,1.3919410907075054,0.0,0.0,3.25,0
7,27,0,1,4,1.234375,1,1.0,1.1110243021644486,0.0,0.0,3.375,0
3,21,1,2,4,2.734375,1,1.0,1.653594569415369,0.36363636363636365,0.625,2.625,0
4,20,0,2,4,3.75,1,1.0,1.9364916731037085,0.0,0.625,2.5,0
7,18,0,3,4,2.1875,1,1.0,1.479019945774904,0.0,0.0,2.25,0
8,21,0,2,4,2.734375,1,1.0,1.653594569415369,0.0,0.0,2.625,0
2,10,0,4,4,2.9375,1,1.0,1.713913650100261,0.0,0.375,1.25,0
1,21,0,4,4,2.734375,1,1.0,1.653594569415369,0.0,0.75,2.625,0
7,11,0,4,4,2.734375,1,1.0,1.653594569415369,0.0,0.0,1.375,0
1,15,0,3,4,3.109375,1,1.0,1.7633419974582356,0.0,0.625,1.875,0
6,23,0,3,4,1.859375,1,1.0,1.3635890143294642,0.0,0.0,2.875,0
1,17,0,4,4,3.109375,1,1.0,1.7633419974582356,0.0,0.625,2.125,0
1,22,0,3,4,2.6875,1,1.0,1.6393596310755,0.0,0.75,2.75,0
6,14,0,3,4,3.1875,1,1.0,1.7853571071357126,0.0,0.0,1.75,0
2,8,0,4,4,3.0,1,1.0,1.7320508075688772,0.0,0.25,1.0,0
5,6,0,5,4,1.9375,1,1.0,1.3919410907075054,0.0,0.0,0.75,0
4,23,0,2,4,2.109375,1,1.0,1.4523687548277813,0.0,0.5,2.875,0
8,23,0,4,4,2.859375,1,1.0,1.6909686573085854,0.0,0.0,2.875,0
6,23,1,2,4,2.109375,1,1.0,1.4523687548277813,0.16666666666666666,0.0,2.875,0
2,5,0,6,3,0.984375,1,1.0,0.9921567416492215,0.0,0.125,0.625,0
1,1,1,6,1,0.109375,1,0.9999990000010001,0.33071891388307384,2.5,0.125,0.125,0
5,6,1,5,4,1.9375,1,1.0,1.3919410907075054,0.7142857142857143,0.0,0.75,6
4,0,2,7,0,0.0,0,0.0,0.0,8.0,0.0,0.0,1
3,0,1,7,0,0.0,0,0.0,0.0,5.0,0.0,0.0,3
8,2,0,8,1,0.1875,0,0.24999996875000394,0.4330127018922193,0.0,0.0,0.25,2
1,3,0,7,1,0.234375,1,1.0,0.4841229182759271,0.0,0.375,0.375,0
6,29,0,1,4,0.984375,1,1.0,0.9921567416492215,0.0,0.0,3.625,0
3,32,0,0,4,0.0,1,1.0,0.0,0.0,1.0,4.0,0
6,14,0,5,4,3.4375,1,1.0,1.8540496217739157,0.0,0.0,1.75,0
6,23,0,2,4,2.859375,1,1.0,1.6909686573085854,0.0,0.0,2.875,0
2,3,0,7,3,0.984375,1,1.0,0.9921567416492215,0.0,0.125,0.375,0
3,23,0,2,4,2.109375,1,1.0,1.4523687548277813,0.0,0.625,2.875,0
4,20,0,3,4,2.5,1,1.0,1.5811388300841898,0.0,0.5,2.5,0
2,16,0,4,4,4.0,1,1.0,2.0,0.0,0.5,2.0,0
5,8,0,6,4,3.0,1,1.0,1.7320508075688772,0.0,0.0,1.0,0
2,1,0,8,1,0.109375,0,0.499999750000125,0.33071891388307384,0.0,0.0,0.125,2
6,14,0,5,4,2.4375,1,1.0,1.5612494995995996,0.0,0.0,1.75,0
3,14,0,6,4,1.9375,1,1.0,1.3919410907075054,0.0,0.375,1.75,0
6,13,0,6,4,2.234375,1,1.0,1.4947825928876748,0.0,0.0,1.625,0
8,10,0,5,4,2.1875,1,1.0,1.479019945774904,0.0,0.0,1.25,0
1,6,1,5,3,1.1875,1,1.0,1.0897247358851685,1.1428571428571428,0.375,0.75,0
5,2,0,6,2,0.4375,0,0.399999920000016,0.6614378277661477,0.0,0.0,0.25,1
8,7,1,5,4,2.359375,0,0.8749998906250137,1.5360257159305635,0.625,0.0,0.875,3
1,2,1,5,2,0.4375,1,1.0,0.6614378277661477,2.6666666666666665,0.125,0.25,0
4,4,1,5,2,0.5,1,0.9999997500000625,0.7071067811865476,1.6,0.0,0.5,0
8,7,2,5,4,2.359375,0,0.8749998906250137,1.5360257159305635,1.625,0.0,0.875,18
3,2,0,7,1,0.1875,0,0.6666664444445185,0.4330127018922193,0.0,0.0,0.25,2
5,3,1,6,1,0.234375,0,0.599999880000024,0.4841229182759271,0.75,0.0,0.375,2
3,8,3,6,4,2.25,1,1.0,1.5,2.2222222222222223,0.25,1.0,7
3,6,2,5,3,1.1875,1,1.0,1.0897247358851685,1.2857142857142858,0.125,0.75,0
7,0,1,7,0,0.0,0,0.0,0.0,5.0,0.0,0.0,2
8,0,2,7,0,0.0,0,0.0,0.0,12.0,0.0,0.0,8
1,0,7,7,0,0.0,0,0.0,0.0,37.0,0.0,0.0,2
3,1,5,6,1,0.109375,0,0.33333322222225925,0.33071891388307384,14.0,0.0,0.125,8
1,1,6,6,1,0.109375,1,0.9999990000010001,0.33071891388307384,15.5,0.125,0.125,0
5,5,3,6,4,1.734375,1,0.99999980000004,1.3169567191065923,3.3333333333333335,0.0,0.625,7
7,8,4,6,4,2.25,1,1.0,1.5,2.5555555555555554,0.0,1.0,14
2,1,4,6,1,0.109375,0,0.499999750000125,0.33071891388307384,13.0,0.0,0.125,7
4,0,8,7,0,0.0,0,0.0,0.0,38.0,0.0,0.0,11
5,8,5,6,4,2.25,1,1.0,1.5,3.3333333333333335,0.0,1.0,17
8,2,5,6,1,0.1875,0,0.24999996875000394,0.4330127018922193,9.333333333333334,0.0,0.25,19
6,4,4,5,2,0.5,0,0.6666665555555741,0.7071067811865476,4.6,0.0,0.5,23
2,0,9,7,0,0.0,0,0.0,0.0,42.0,0.0,0.0,20
5,3,9,6,3,0.984375,0,0.599999880000024,0.9921567416492215,10.5,0.0,0.375,21
6,1,7,6,1,0.109375,0,0.16666663888889352,0.33071891388307384,16.0,0.0,0.125,22
3,8,8,7,3,1.5,1,1.0,1.224744871391589,4.888888888888889,0.25,1.0,17
5,1,8,6,1,0.109375,0,0.199999960000008,0.33071891388307384,21.5,0.0,0.125,25
6,8,10,5,4,1.75,1,1.0,1.3228756555322954,4.888888888888889,0.0,1.0,31
5,1,9,6,1,0.109375,0,0.199999960000008,0.33071891388307384,24.0,0.0,0.125,26
8,4,8,6,2,0.5,0,0.4999999375000079,0.7071067811865476,7.8,0.0,0.5,36
7,0,7,8,0,0.0,0,0.0,0.0,37.0,0.0,0.0,27
8,17,0,2,4,2.109375,1,1.0,1.4523687548277813,0.0,0.0,2.125,0
1,17,0,2,4,2.359375,1,1.0,1.5360257159305635,0.0,0.75,2.125,0
2,24,1,1,4,3.0,1,1.0,1.7320508075688772,0.08,0.75,3.0,0
8,32,0,0,4,0.0,1,1.0,0.0,0.0,0.0,4.0,0
2,24,0,1,4,3.0,1,1.0,1.7320508075688772,0.0,0.75,3.0,0
7,20,0,3,4,3.75,1,1.0,1.9364916731037085,0.0,0.0,2.5,0
5,13,0,4,4,3.484375,1,1.0,1.8666480653835098,0.0,0.0,1.625,0
2,8,0,5,4,3.0,1,1.0,1.7320508075688772,0.0,0.25,1.0,0
5,17,0,4,4,3.109375,1,1.0,1.7633419974582356,0.0,0.0,2.125,0
1,17,0,3,4,3.109375,1,1.0,1.7633419974582356,0.0,0.625,2.125,0
4,14,0,4,4,3.4375,1,1.0,1.8540496217739157,0.0,0.375,1.75,0
4,16,0,4,4,2.75,1,1.0,1.6583123951777,0.0,0.25,2.0,0
8,25,0,2,4,1.859375,1,1.0,1.3635890143294642,0.0,0.0,3.125,0
6,14,1,4,4,3.4375,1,1.0,1.8540496217739157,0.26666666666666666,0.0,1.75,0
4,31,1,1,4,0.109375,1,1.0,0.33071891388307384,0.25,0.875,3.875,0
1,32,0,0,4,0.0,1,1.0,0.0,0.0,1.0,4.0,0
2,15,0,4,4,3.609375,1,1.0,1.899835519196333,0.0,0.5,1.875,0
2,5,0,7,4,1.734375,1,1.0,1.3169567191065923,0.0,0.125,0.625,0
8,31,0,1,4,0.109375,1,1.0,0.33071891388307384,0.0,0.0,3.875,0
4,31,2,1,4,0.109375,1,1.0,0.33071891388307384,0.375,0.875,3.875,0
2,7,0,6,4,2.359375,1,1.0,1.5360257159305635,0.0,0.25,0.875,0
6,15,1,4,4,3.609375,1,1.0,1.899835519196333,0.125,0.0,1.875,0
5,7,1,7,3,1.609375,1,1.0,1.2686114456365274,1.0,0.0,0.875,0
8,7,0,7,3,1.609375,0,0.8749998906250137,1.2686114456365274,0.0,0.0,0.875,10
4,5,1,6,2,0.734375,1,1.0,0.8569568250501305,1.3333333333333333,0.0,0.625,0
7,7,1,5,3,1.109375,1,0.9999998571428775,1.0532687216470449,0.5,0.0,0.875,5
3,0,2,8,0,0.0,0,0.0,0.0,15.0,0.0,0.0,4
1,3,2,6,2,0.484375,1,1.0,0.6959705453537527,2.25,0.25,0.375,0
2,3,1,6,2,0.484375,1,1.0,0.6959705453537527,1.75,0.125,0.375,0
4,1,1,7,1,0.109375,0,0.24999993750001562,0.33071891388307384,4.0,0.0,0.125,3
8,0,1,8,0,0.0,0,0.0,0.0,7.0,0.0,0.0,5
5,14,4,5,4,2.4375,1,1.0,1.5612494995995996,1.6666666666666667,0.0,1.75,12
6,1,2,7,1,0.109375,0,0.16666663888889352,0.33071891388307384,5.5,0.0,0.125,4
1,8,3,6,4,1.75,1,1.0,1.3228756555322954,2.0,0.5,1.0,4
8,14,3,5,4,2.4375,1,1.0,1.5612494995995996,1.1333333333333333,0.0,1.75,4
5,7,3,6,2,0.609375,1,1.0,0.7806247497997998,2.375,0.0,0.875,12
4,0,3,7,0,0.0,0,0.0,0.0,11.0,0.0,0.0,8
8,29,0,1,4,0.984375,1,1.0,0.9921567416492215,0.0,0.0,3.625,0
8,21,0,2,4,3.234375,1,1.0,1.79843682124227,0.0,0.0,2.625,0
3,32,0,0,4,0.0,1,1.0,0.0,0.0,1.0,4.0,0
3,13,0,3,4,3.484375,1,1.0,1.8666480653835098,0.0,0.375,1.625,0
8,24,0,3,4,1.75,1,1.0,1.3228756555322954,0.0,0.0,3.0,0
2,18,0,3,4,2.6875,1,1.0,1.6393596310755,0.0,0.625,2.25,0
6,16,0,4,4,2.75,1,1.0,1.6583123951777,0.0,0.0,2.0,0
5,32,1,0,4,0.0,1,1.0,0.0,0.15151515151515152,0.0,4.0,0
7,18,0,3,4,3.4375,1,1.0,1.8540496217739157,0.0,0.0,2.25,0
1,7,0,5,3,1.359375,1,1.0,1.165922381636102,0.0,0.375,0.875,0
5,32,0,0,4,0.0,1,1.0,0.0,0.0,0.0,4.0,0
5,6,0,5,2,0.6875,1,1.0,0.82915619758885,0.0,0.0,0.75,0
4,22,0,2,4,2.9375,1,1.0,1.713913650100261,0.0,0.625,2.75,0
5,6,0,5,4,1.6875,1,1.0,1.299038105676658,0.0,0.0,0.75,0
5,11,0,4,4,3.234375,1,1.0,1.79843682124227,0.0,0.0,1.375,0
4,6,0,5,4,1.9375,1,1.0,1.3919410907075054,0.0,0.125,0.75,0
2,6,1,5,2,0.6875,1,1.0,0.82915619758885,1.1428571428571428,0.25,0.75,0
8,6,0,6,2,0.9375,0,0.7499999062500118,0.9682458365518543,0.0,0.0,0.75,3
3,4,1,6,2,0.5,1,1.0,0.7071067811865476,1.6,0.0,0.5,0
8,1,0,6,1,0.109375,0,0.12499998437500197,0.33071891388307384,0.0,0.0,0.125,10
4,5,1,6,2,0.734375,1,1.0,0.8569568250501305,1.3333333333333333,0.0,0.625,0
7,8,1,6,3,1.0,1,1.0,1.0,0.8888888888888888,0.0,1.0,5
3,6,1,6,4,1.6875,1,1.0,1.299038105676658,1.1428571428571428,0.125,0.75,0
7,4,2,6,2,0.75,0,0.57142848979593,0.8660254037844386,2.4,0.0,0.5,7
7,4,3,6,2,0.75,0,0.57142848979593,0.8660254037844386,3.8,0.0,0.5,8
7,9,2,5,2,0.859375,1,1.0,0.9270248108869579,1.3,0.0,1.125,5
5,4,1,6,2,0.75,0,0.799999840000032,0.8660254037844386,1.4,0.0,0.5,2
1,6,4,5,2,0.6875,1,1.0,0.82915619758885,3.7142857142857144,0.5,0.75,0
1,9,2,5,2,0.859375,1,1.0,0.9270248108869579,1.3,0.625,1.125,0
6,12,2,5,4,1.5,1,1.0,1.224744871391589,1.0769230769230769,0.0,1.5,2
4,9,3,5,2,0.859375,1,1.0,0.9270248108869579,1.4,0.0,1.125,2
1,26,0,2,4,1.9375,1,1.0,1.3919410907075054,0.0,0.875,3.25,0
3,32,1,0,4,0.0,1,1.0,0.0,0.09090909090909091,1.0,4.0,0
3,32,0,0,4,0.0,1,1.0,0.0,0.0,1.0,4.0,0
4,27,0,1,4,1.734375,1,1.0,1.3169567191065923,0.0,0.75,3.375,0
5,25,0,3,4,2.359375,1,1.0,1.5360257159305635,0.0,0.0,3.125,0
1,32,0,0,4,0.0,1,1.0,0.0,0.0,1.0,4.0,0
7,15,1,5,4,3.609375,1,1.0,1.899835519196333,0.4375,0.0,1.875,0
3,24,0,3,4,3.0,1,1.0,1.7320508075688772,0.0,0.75,3.0,0
5,31,0,1,4,0.109375,1,1.0,0.33071891388307384,0.0,0.0,3.875,0
6,21,0,4,4,3.234375,1,1.0,1.79843682124227,0.0,0.0,2.625,0
2,26,0,2,4,1.9375,1,1.0,1.3919410907075054,0.0,0.875,3.25,0
1,2,0,6,1,0.1875,1,1.0,0.4330127018922193,0.0,0.25,0.25,0
7,15,0,5,4,3.609375,1,1.0,1.899835519196333,0.0,0.0,1.875,0
5,2,1,7,1,0.1875,0,0.399999920000016,0.4330127018922193,1.0,0.0,0.25,2
6,2,1,6,1,0.1875,0,0.33333327777778704,0.4330127018922193,0.3333333333333333,0.0,0.25,3
1,8,1,6,4,3.0,1,1.0,1.7320508075688772,0.6666666666666666,0.25,1.0,0
3,9,1,6,3,1.609375,1,1.0,1.2686114456365274,0.7,0.25,1.125,5
8,10,0,5,4,2.1875,1,1.0,1.479019945774904,0.0,0.0,1.25,0
7,4,0,7,3,1.0,0,0.57142848979593,1.0,0.0,0.0,0.5,1
6,5,0,6,3,0.984375,0,0.8333331944444675,0.9921567416492215,0.0,0.0,0.625,3
2,2,0,6,2,0.4375,1,0.99999950000025,0.6614378277661477,0.0,0.125,0.25,0
3,0,1,7,0,0.0,0,0.0,0.0,6.0,0.0,0.0,3
5,5,1,6,3,0.984375,1,0.99999980000004,0.9921567416492215,1.0,0.0,0.625,0
6,7,2,5,4,2.359375,1,1.0,1.5360257159305635,1.125,0.0,0.875,2
7,0,1,7,0,0.0,0,0.0,0.0,1.0,0.0,0.0,5
3,12,2,4,3,0.75,1,1.0,0.8660254037844386,0.6923076923076923,0.125,1.5,0
1,0,0,7,0,0.0,0,0.0,0.0,0.0,0.0,0.0,4
4,3,1,6,2,0.484375,0,0.7499998125000469,0.6959705453537527,1.75,0.0,0.375,4
7,12,1,6,4,1.75,1,1.0,1.3228756555322954,0.5384615384615384,0.0,1.5,3
6,1,2,6,1,0.109375,0,0.16666663888889352,0.33071891388307384,6.0,0.0,0.125,11
7,10,1,5,3,1.1875,1,1.0,1.0897247358851685,0.6363636363636364,0.0,1.25,4
8,8,2,5,3,1.5,1,0.9999998750000157,1.224744871391589,1.2222222222222223,0.0,1.0,5
6,10,3,5,2,0.6875,1,1.0,0.82915619758885,2.0,0.0,1.25,13
4,5,3,5,2,0.734375,1,1.0,0.8569568250501305,3.3333333333333335,0.0,0.625,0
6,1,4,6,1,0.109375,0,0.16666663888889352,0.33071891388307384,13.0,0.0,0.125,15
6,1,3,6,1,0.109375,0,0.16666663888889352,0.33071891388307384,10.0,0.0,0.125,14
8,1,3,6,1,0.109375,0,0.12499998437500197,0.33071891388307384,9.0,0.0,0.125,22
7,28,0,1,4,1.75,1,1.0,1.3228756555322954,0.0,0.0,3.5,0
7,18,2,3,4,2.6875,1,1.0,1.6393596310755,0.5263157894736842,0.0,2.25,0
4,32,0,0,4,0.0,1,1.0,0.0,0.0,1.0,4.0,0
8,21,0,2,4,3.234375,1,1.0,1.79843682124227,0.0,0.0,2.625,0
3,8,1,5,4,3.0,1,1.0,1.7320508075688772,0.5555555555555556,0.25,1.0,0
2,18,0,3,4,2.6875,1,1.0,1.6393596310755,0.0,0.625,2.25,0
2,20,0,2,4,3.0,1,1.0,1.7320508075688772,0.0,0.625,2.5,0
5,8,0,5,4,3.0,1,1.0,1.7320508075688772,0.0,0.0,1.0,0
8,18,1,3,4,2.6875,1,1.0,1.6393596310755,0.10526315789473684,0.0,2.25,0
3,1,1,7,1,0.109375,0,0.33333322222225925,0.33071891388307384,1.5,0.0,0.125,5
5,4,0,6,4,1.75,0,0.799999840000032,1.3228756555322954,0.0,0.0,0.5,5
8,18,0,3,4,2.6875,1,1.0,1.6393596310755,0.0,0.0,2.25,0
6,4,1,6,4,1.75,0,0.6666665555555741,1.3228756555322954,1.0,0.0,0.5,1
3,12,2,5,4,3.0,1,1.0,1.7320508075688772,0.8461538461538461,0.375,1.5,5
5,27,0,1,4,1.734375,1,1.0,1.3169567191065923,0.0,0.0,3.375,0
8,19,0,3,4,3.484375,1,1.0,1.8666480653835098,0.0,0.0,2.375,0
1,11,0,4,4,3.234375,1,1.0,1.79843682124227,0.0,0.375,1.375,0
3,22,0,2,4,2.6875,1,1.0,1.6393596310755,0.0,0.75,2.75,0
5,10,0,4,4,2.9375,1,1.0,1.713913650100261,0.0,0.0,1.25,0
6,32,0,0,4,0.0,1,1.0,0.0,0.0,0.0,4.0,0
2,26,0,1,4,1.9375,1,1.0,1.3919410907075054,0.0,0.875,3.25,0
8,4,0,7,4,1.75,0,0.4999999375000079,1.3228756555322954,0.0,0.0,0.5,1
7,23,0,3,4,2.859375,1,1.0,1.6909686573085854,0.0,0.0,2.875,0
1,10,1,5,4,2.9375,1,1.0,1.713913650100261,0.45454545454545453,0.375,1.25,0
2,4,1,6,2,0.75,1,1.0,0.8660254037844386,1.6,0.25,0.5,0
6,16,0,4,4,4.0,1,1.0,2.0,0.0,0.0,2.0,0
1,24,0,2,4,3.0,1,1.0,1.7320508075688772,0.0,0.75,3.0,0
5,10,0,5,4,2.9375,1,1.0,1.713913650100261,0.0,0.0,1.25,0
2,10,2,6,4,2.9375,1,1.0,1.713913650100261,1.4545454545454546,0.375,1.25,0
2,0,1,7,0,0.0,0,0.0,0.0,3.0,0.0,0.0,1
8,4,0,6,2,0.75,0,0.4999999375000079,0.8660254037844386,0.0,0.0,0.5,4
8,2,1,7,2,0.4375,0,0.24999996875000394,0.6614378277661477,2.6666666666666665,0.0,0.25,4
2,0,2,7,0,0.0,0,0.0,0.0,5.0,0.0,0.0,2
5,6,3,6,4,1.9375,1,1.0,1.3919410907075054,0.8571428571428571,0.0,0.75,7
1,2,3,6,2,0.4375,1,1.0,0.6614378277661477,2.3333333333333335,0.125,0.25,1
3,8,1,6,4,2.25,1,1.0,1.5,0.8888888888888888,0.25,1.0,3
7,1,1,8,1,0.109375,0,0.1428571224489825,0.33071891388307384,2.5,0.0,0.125,16
5,1,2,8,1,0.109375,0,0.199999960000008,0.33071891388307384,6.0,0.0,0.125,11
4,26,0,2,4,0.6875,1,1.0,0.82915619758885,0.0,0.5,3.25,0
5,26,1,2,4,0.6875,1,1.0,0.82915619758885,0.14814814814814814,0.0,3.25,0
7,26,0,2,4,1.6875,1,1.0,1.299038105676658,0.0,0.0,3.25,0
1,27,0,1,4,0.734375,1,1.0,0.8569568250501305,0.0,1.0,3.375,0
5,18,0,4,4,3.4375,1,1.0,1.8540496217739157,0.0,0.0,2.25,0
1,19,0,3,4,3.484375,1,1.0,1.8666480653835098,0.0,0.625,2.375,0
2,26,0,2,4,1.6875,1,1.0,1.299038105676658,0.0,0.875,3.25,0
5,18,0,4,4,3.1875,1,1.0,1.7853571071357126,0.0,0.0,2.25,0
5,22,0,4,4,2.6875,1,1.0,1.6393596310755,0.0,0.0,2.75,0
2,26,1,2,4,1.6875,1,1.0,1.299038105676658,0.07407407407407407,0.875,3.25,0
8,13,0,5,4,3.484375,1,1.0,1.8666480653835098,0.0,0.0,1.625,0
1,7,0,5,4,1.859375,1,1.0,1.3635890143294642,0.0,0.375,0.875,0
5,17,0,5,4,3.609375,1,1.0,1.899835519196333,0.0,0.0,2.125,0
2,18,0,3,4,2.6875,1,1.0,1.6393596310755,0.0,0.625,2.25,0
4,19,0,4,4,3.484375,1,1.0,1.8666480653835098,0.0,0.5,2.375,0
5,18,1,3,4,2.6875,1,1.0,1.6393596310755,0.10526315789473684,0.0,2.25,0
2,25,0,2,4,2.359375,1,1.0,1.5360257159305635,0.0,0.75,3.125,0
4,19,1,4,4,3.484375,1,1.0,1.8666480653835098,0.2,0.5,2.375,0
4,25,1,2,4,2.359375,1,1.0,1.5360257159305635,0.07692307692307693,0.75,3.125,0
3,4,0,7,4,1.75,1,1.0,1.3228756555322954,0.0,0.125,0.5,0
1,5,1,7,4,1.734375,1,1.0,1.3169567191065923,1.1666666666666667,0.25,0.625,0
6,0,0,9,0,0.0,0,0.0,0.0,0.0,0.0,0.0,2
7,11,0,6,4,3.234375,1,1.0,1.79843682124227,0.0,0.0,1.375,0
1,4,1,7,4,1.75,1,1.0,1.3228756555322954,0.6,0.125,0.5,0
4,4,1,7,3,1.0,1,0.9999997500000625,1.0,0.4,0.0,0.5,1
7,2,1,8,2,0.4375,0,0.285714244897965,0.6614378277661477,2.0,0.0,0.25,6
2,10,2,6,4,1.9375,1,1.0,1.3919410907075054,0.9090909090909091,0.25,1.25,1
1,4,2,7,3,1.0,1,1.0,1.0,1.2,0.25,0.5,0
3,10,1,6,4,1.9375,1,1.0,1.3919410907075054,0.6363636363636364,0.25,1.25,0
8,1,2,8,1,0.109375,0,0.12499998437500197,0.33071891388307384,3.0,0.0,0.125,5
8,1,3,8,1,0.109375,0,0.12499998437500197,0.33071891388307384,7.0,0.0,0.125,6
1,1,6,9,1,0.109375,1,0.9999990000010001,0.33071891388307384,19.0,0.125,0.125,0
2,8,5,8,4,1.5,1,1.0,1.224744871391589,3.7777777777777777,0.125,1.0,1
2,0,0,9,0,0.0,0,0.0,0.0,0.0,0.0,0.0,8
4,0,1,9,0,0.0,0,0.0,0.0,2.0,0.0,0.0,7
6,1,4,8,1,0.109375,0,0.16666663888889352,0.33071891388307384,11.0,0.0,0.125,19
7,1,6,8,1,0.109375,0,0.1428571224489825,0.33071891388307384,15.5,0.0,0.125,19
3,1,5,8,1,0.109375,0,0.33333322222225925,0.33071891388307384,14.0,0.0,0.125,4
6,1,7,8,1,0.109375,0,0.16666663888889352,0.33071891388307384,19.0,0.0,0.125,18
7,4,5,8,3,1.0,0,0.57142848979593,1.0,6.0,0.0,0.5,21
8,25,0,1,4,1.609375,1,1.0,1.2686114456365274,0.0,0.0,3.125,0
5,17,0,2,4,3.609375,1,1.0,1.899835519196333,0.0,0.0,2.125,0
3,15,0,3,4,2.859375,1,1.0,1.6909686573085854,0.0,0.5,1.875,0
6,20,0,3,4,3.0,1,1.0,1.7320508075688772,0.0,0.0,2.5,0
4,17,1,2,4,3.609375,1,1.0,1.899835519196333,0.2777777777777778,0.5,2.125,0
3,11,0,4,4,3.234375,1,1.0,1.79843682124227,0.0,0.375,1.375,0
6,21,0,2,4,3.234375,1,1.0,1.79843682124227,0.0,0.0,2.625,0
8,19,0,3,4,3.484375,1,1.0,1.8666480653835098,0.0,0.0,2.375,0
3,21,1,2,4,3.234375,1,1.0,1.79843682124227,0.2727272727272727,0.625,2.625,0
7,24,0,2,4,2.25,1,1.0,1.5,0.0,0.0,3.0,0
3,27,0,1,4,1.734375,1,1.0,1.3169567191065923,0.0,0.875,3.375,0
5,21,0,2,4,2.734375,1,1.0,1.653594569415369,0.0,0.0,2.625,0
6,27,0,1,4,1.734375,1,1.0,1.3169567191065923,0.0,0.0,3.375,0
2,21,0,2,4,3.234375,1,1.0,1.79843682124227,0.0,0.625,2.625,0
4,21,1,3,4,2.484375,1,1.0,1.5761900266148114,0.3181818181818182,0.5,2.625,0
3,24,0,2,4,2.25,1,1.0,1.5,0.0,0.75,3.0,0
2,21,2,3,4,2.484375,1,1.0,1.5761900266148114,0.5,0.625,2.625,0
4,7,0,6,4,2.359375,1,1.0,1.5360257159305635,0.0,0.125,0.875,0
7,21,0,3,4,2.484375,1,1.0,1.5761900266148114,0.0,0.0,2.625,0
8,3,0,7,3,0.984375,0,0.3749999531250059,0.9921567416492215,0.0,0.0,0.375,4
7,14,0,5,4,3.1875,1,1.0,1.7853571071357126,0.0,0.0,1.75,0
2,1,2,6,1,0.109375,0,0.499999750000125,0.33071891388307384,7.0,0.0,0.125,1
8,3,2,7,3,0.984375,0,0.3749999531250059,0.9921567416492215,3.5,0.0,0.375,11
6,3,1,7,3,0.984375,0,0.49999991666668053,0.9921567416492215,2.0,0.0,0.375,11
7,4,3,5,2,0.5,0,0.57142848979593,0.7071067811865476,4.2,0.0,0.5,6
3,2,3,5,2,0.4375,0,0.6666664444445185,0.6614378277661477,6.666666666666667,0.0,0.25,3
7,1,3,6,1,0.109375,0,0.1428571224489825,0.33071891388307384,8.0,0.0,0.125,11
1,2,4,5,2,0.4375,1,1.0,0.6614378277661477,7.666666666666667,0.125,0.25,0
6,4,4,5,2,0.5,0,0.6666665555555741,0.7071067811865476,5.6,0.0,0.5,11
8,8,5,4,3,1.25,1,0.9999998750000157,1.118033988749895,3.7777777777777777,0.0,1.0,13
6,9,4,4,3,1.109375,1,1.0,1.0532687216470449,2.8,0.0,1.125,12
3,32,0,0,4,0.0,1,1.0,0.0,0.0,1.0,4.0,0
1,13,0,4,4,3.484375,1,1.0,1.8666480653835098,0.0,0.5,1.625,0
8,29,0,1,4,0.984375,1,1.0,0.9921567416492215,0.0,0.0,3.625,0
6,19,0,3,4,3.484375,1,1.0,1.8666480653835098,0.0,0.0,2.375,0
2,11,0,5,4,3.234375,1,1.0,1.79843682124227,0.0,0.375,1.375,0
2,21,0,2,4,3.234375,1,1.0,1.79843682124227,0.0,0.625,2.625,0
4,12,0,5,4,3.75,1,1.0,1.9364916731037085,0.0,0.375,1.5,0
2,13,0,5,4,2.734375,1,1.0,1.653594569415369,0.0,0.375,1.625,0
5,18,0,4,4,2.6875,1,1.0,1.6393596310755,0.0,0.0,2.25,0
2,17,0,5,4,3.109375,1,1.0,1.7633419974582356,0.0,0.625,2.125,0
4,12,0,5,4,2.5,1,1.0,1.5811388300841898,0.0,0.25,1.5,0
7,17,0,5,4,3.109375,1,1.0,1.7633419974582356,0.0,0.0,2.125,0
3,25,0,1,4,1.359375,1,1.0,1.165922381636102,0.0,0.625,3.125,0
1,16,1,3,4,2.75,1,1.0,1.6583123951777,0.058823529411764705,0.75,2.0,0
1,20,0,4,4,3.0,1,1.0,1.7320508075688772,0.0,0.75,2.5,0
1,16,0,3,4,2.75,1,1.0,1.6583123951777,0.0,0.75,2.0,0
6,22,0,2,4,2.1875,1,1.0,1.479019945774904,0.0,0.0,2.75,0
4,12,0,6,4,3.75,1,1.0,1.9364916731037085,0.0,0.375,1.5,0
4,24,0,3,4,2.25,1,1.0,1.5,0.0,0.625,3.0,0
7,19,0,5,4,3.484375,1,1.0,1.8666480653835098,0.0,0.0,2.375,0
1,18,1,3,4,3.4375,1,1.0,1.8540496217739157,0.3157894736842105,0.625,2.25,0
1,11,0,5,4,3.234375,1,1.0,1.79843682124227,0.0,0.375,1.375,0
2,32,0,0,4,0.0,1,1.0,0.0,0.0,1.0,4.0,0
2,10,0,6,4,2.9375,1,1.0,1.713913650100261,0.0,0.375,1.25,0
6,18,0,3,4,3.4375,1,1.0,1.8540496217739157,0.0,0.0,2.25,0
4,2,1,9,2,0.4375,0,0.49999987500003124,0.6614378277661477,2.0,0.0,0.25,1
7,30,0,1,4,0.4375,1,1.0,0.6614378277661477,0.0,0.0,3.75,0
5,23,0,2,4,2.859375,1,1.0,1.6909686573085854,0.0,0.0,2.875,0
3,5,0,8,4,1.734375,1,1.0,1.3169567191065923,0.0,0.125,0.625,0
7,4,4,6,2,0.75,0,0.57142848979593,0.8660254037844386,3.6,0.0,0.5,5
3,4,0,6,3,1.0,1,1.0,1.0,0.0,0.125,0.5,0
3,8,0,7,4,3.0,1,1.0,1.7320508075688772,0.0,0.25,1.0,0
7,0,3,8,0,0.0,0,0.0,0.0,11.0,0.0,0.0,6
1,4,2,7,2,0.75,1,1.0,0.8660254037844386,2.0,0.25,0.5,4
4,0,2,8,0,0.0,0,0.0,0.0,7.0,0.0,0.0,6
6,5,1,8,4,1.734375,0,0.8333331944444675,1.3169567191065923,0.5,0.0,0.625,9
6,1,0,7,1,0.109375,0,0.16666663888889352,0.33071891388307384,0.0,0.0,0.125,5
2,15,0,3,4,3.609375,1,1.0,1.899835519196333,0.0,0.5,1.875,0
8,32,1,0,4,0.0,1,1.0,0.0,0.18181818181818182,0.0,4.0,0
6,32,0,0,4,0.0,1,1.0,0.0,0.0,0.0,4.0,0
3,18,0,2,4,3.4375,1,1.0,1.8540496217739157,0.0,0.5,2.25,0
1,13,0,4,4,3.484375,1,1.0,1.8666480653835098,0.0,0.5,1.625,0
8,28,0,2,4,0.75,1,1.0,0.8660254037844386,0.0,0.0,3.5,0
6,16,0,2,4,4.0,1,1.0,2.0,0.0,0.0,2.0,0
8,24,0,1,4,3.0,1,1.0,1.7320508075688772,0.0,0.0,3.0,0
4,18,0,2,4,3.4375,1,1.0,1.8540496217739157,0.0,0.5,2.25,0
2,5,0,4,4,1.734375,1,1.0,1.3169567191065923,0.0,0.125,0.625,0
7,12,0,3,4,3.75,1,1.0,1.9364916731037085,0.0,0.0,1.5,0
4,3,0,5,3,0.984375,0,0.7499998125000469,0.9921567416492215,0.0,0.0,0.375,3
8,20,0,2,4,3.75,1,1.0,1.9364916731037085,0.0,0.0,2.5,0
8,20,0,2,4,3.75,1,1.0,1.9364916731037085,0.0,0.0,2.5,0
3,22,0,2,4,2.9375,1,1.0,1.713913650100261,0.0,0.625,2.75,0
2,24,0,1,4,3.0,1,1.0,1.7320508075688772,0.0,0.75,3.0,0
7,12,0,5,4,3.75,1,1.0,1.9364916731037085,0.0,0.0,1.5,0
6,5,1,6,4,1.734375,0,0.8333331944444675,1.3169567191065923,0.6666666666666666,0.0,0.625,3
3,22,2,2,4,2.9375,1,1.0,1.713913650100261,0.30434782608695654,0.625,2.75,0
8,12,1,5,4,2.5,1,1.0,1.5811388300841898,0.46153846153846156,0.0,1.5,4
4,6,2,6,4,1.6875,1,1.0,1.299038105676658,1.4285714285714286,0.125,0.75,0
4,22,1,2,4,2.9375,1,1.0,1.713913650100261,0.13043478260869565,0.625,2.75,0
2,4,0,6,3,1.0,1,1.0,1.0,0.0,0.125,0.5,0
4,5,0,6,4,1.734375,1,1.0,1.3169567191065923,0.0,0.125,0.625,0
2,6,1,6,4,1.6875,1,1.0,1.299038105676658,1.1428571428571428,0.125,0.75,0
8,2,0,7,1,0.1875,0,0.24999996875000394,0.4330127018922193,0.0,0.0,0.25,3
4,5,2,7,3,0.984375,1,1.0,0.9921567416492215,2.1666666666666665,0.0,0.625,0
6,9,1,6,4,2.359375,1,1.0,1.5360257159305635,0.8,0.0,1.125,2
8,5,3,7,3,0.984375,0,0.6249999218750099,0.9921567416492215,2.8333333333333335,0.0,0.625,7
2,12,6,4,4,2.5,1,1.0,1.5811388300841898,3.4615384615384617,0.5,1.5,0
1,2,2,7,1,0.1875,1,1.0,0.4330127018922193,4.666666666666667,0.25,0.25,0
6,2,1,7,1,0.1875,0,0.33333327777778704,0.4330127018922193,2.6666666666666665,0.0,0.25,7
8,1,3,8,1,0.109375,0,0.12499998437500197,0.33071891388307384,10.5,0.0,0.125,7
7,9,2,7,4,2.359375,1,1.0,1.5360257159305635,1.4,0.0,1.125,7
8,1,4,8,1,0.109375,0,0.12499998437500197,0.33071891388307384,14.5,0.0,0.125,15
5,0,4,6,0,0.0,0,0.0,0.0,32.0,0.0,0.0,16
8,7,4,5,4,1.609375,0,0.8749998906250137,1.2686114456365274,3.875,0.0,0.875,17
1,8,5,5,4,2.0,1,1.0,1.4142135623730951,4.111111111111111,0.375,1.0,8
8,0,5,6,0,0.0,0,0.0,0.0,37.0,0.0,0.0,16
4,0,5,6,0,0.0,0,0.0,0.0,30.0,0.0,0.0,12
7,32,0,0,4,0.0,1,1.0,0.0,0.0,0.0,4.0,0
7,9,0,6,4,2.859375,1,1.0,1.6909686573085854,0.0,0.0,1.125,0
2,24,0,2,4,3.0,1,1.0,1.7320508075688772,0.0,0.75,3.0,0
4,18,0,4,4,3.4375,1,1.0,1.8540496217739157,0.0,0.5,2.25,0
1,25,0,1,4,2.359375,1,1.0,1.5360257159305635,0.0,0.875,3.125,0
4,24,1,2,4,3.0,1,1.0,1.7320508075688772,0.08,0.75,3.0,0
5,14,0,5,4,3.4375,1,1.0,1.8540496217739157,0.0,0.0,1.75,0
1,7,0,6,3,1.609375,1,1.0,1.2686114456365274,0.0,0.375,0.875,0
8,9,0,6,4,2.359375,1,1.0,1.5360257159305635,0.0,0.0,1.125,0
2,8,0,6,4,2.25,1,1.0,1.5,0.0,0.25,1.0,0
8,10,0,4,3,1.9375,1,1.0,1.3919410907075054,0.0,0.0,1.25,0
1,8,0,5,3,1.75,1,1.0,1.3228756555322954,0.0,0.375,1.0,0
5,12,0,5,3,1.5,1,1.0,1.224744871391589,0.0,0.0,1.5,0
7,11,0,5,3,1.484375,1,1.0,1.2183492931011204,0.0,0.0,1.375,0
2,10,0,4,4,2.6875,1,1.0,1.6393596310755,0.0,0.375,1.25,0
6,7,0,6,3,1.609375,1,1.0,1.2686114456365274,0.0,0.0,0.875,0
1,1,2,7,1,0.109375,1,0.9999990000010001,0.33071891388307384,3.0,0.125,0.125,0
2,1,0,7,1,0.109375,0,0.499999750000125,0.33071891388307384,0.0,0.0,0.125,4
6,10,0,6,2,0.6875,1,1.0,0.82915619758885,0.0,0.0,1.25,0
4,1,1,7,1,0.109375,0,0.24999993750001562,0.33071891388307384,1.0,0.0,0.125,1
4,13,0,5,4,1.234375,1,1.0,1.1110243021644486,0.0,0.125,1.625,0
7,15,0,5,4,1.609375,1,1.0,1.2686114456365274,0.0,0.0,1.875,0
4,4,0,6,4,1.75,1,0.9999997500000625,1.3228756555322954,0.0,0.125,0.5,0
5,9,0,5,4,2.859375,1,1.0,1.6909686573085854,0.0,0.0,1.125,0
5,4,1,6,4,1.75,0,0.799999840000032,1.3228756555322954,0.8,0.0,0.5,3
4,0,0,6,0,0.0,0,0.0,0.0,0.0,0.0,0.0,6
7,7,0,5,4,2.359375,1,0.9999998571428775,1.5360257159305635,0.0,0.0,0.875,0
5,7,0,5,3,1.109375,1,1.0,1.0532687216470449,0.0,0.0,0.875,0
1,11,1,4,4,2.734375,1,1.0,1.653594569415369,0.25,0.5,1.375,0
1,7,0,6,4,2.359375,1,1.0,1.5360257159305635,0.0,0.25,0.875,0
5,12,0,5,4,2.0,1,1.0,1.4142135623730951,0.0,0.0,1.5,0
3,11,0,4,4,2.734375,1,1.0,1.653594569415369,0.0,0.25,1.375,0
3,10,0,6,4,1.6875,1,1.0,1.299038105676658,0.0,0.125,1.25,0
8,7,0,7,4,1.859375,0,0.8749998906250137,1.3635890143294642,0.0,0.0,0.875,4
1,27,0,1,4,1.734375,1,1.0,1.3169567191065923,0.0,0.875,3.375,0
7,22,0,3,4,2.9375,1,1.0,1.713913650100261,0.0,0.0,2.75,0
5,32,0,0,4,0.0,1,1.0,0.0,0.0,0.0,4.0,0
4,26,0,2,4,1.9375,1,1.0,1.3919410907075054,0.0,0.75,3.25,0
6,11,0,4,4,1.984375,1,1.0,1.4086784586980805,0.0,0.0,1.375,0
2,11,0,4,3,1.234375,1,1.0,1.1110243021644486,0.0,0.375,1.375,0
5,15,0,4,4,3.609375,1,1.0,1.899835519196333,0.0,0.0,1.875,0
7,15,1,4,4,3.609375,1,1.0,1.899835519196333,0.3125,0.0,1.875,0
2,9,0,5,3,1.609375,1,1.0,1.2686114456365274,0.0,0.375,1.125,0
3,14,0,3,4,1.9375,1,1.0,1.3919410907075054,0.0,0.375,1.75,0
6,7,0,6,3,1.609375,1,1.0,1.2686114456365274,0.0,0.0,0.875,0
6,11,1,4,3,1.234375,1,1.0,1.1110243021644486,0.16666666666666666,0.0,1.375,0
4,1,0,7,1,0.109375,0,0.24999993750001562,0.33071891388307384,0.0,0.0,0.125,4
6,11,0,5,4,2.734375,1,1.0,1.653594569415369,0.0,0.0,1.375,0
3,14,1,3,3,1.4375,1,1.0,1.1989578808281798,0.4666666666666667,0.375,1.75,0
6,5,0,6,3,1.234375,0,0.8333331944444675,1.1110243021644486,0.0,0.0,0.625,2
6,10,0,4,3,1.9375,1,1.0,1.3919410907075054,0.0,0.0,1.25,0
7,14,0,3,3,1.4375,1,1.0,1.1989578808281798,0.0,0.0,1.75,0
7,4,0,5,3,1.0,0,0.57142848979593,1.0,0.0,0.0,0.5,4
5,22,0,2,4,2.9375,1,1.0,1.713913650100261,0.0,0.0,2.75,0
7,17,0,3,4,3.609375,1,1.0,1.899835519196333,0.0,0.0,2.125,0
8,32,0,0,4,0.0,1,1.0,0.0,0.0,0.0,4.0,0
6,17,1,3,4,3.609375,1,1.0,1.899835519196333,0.3888888888888889,0.0,2.125,0
2,24,0,1,4,3.0,1,1.0,1.7320508075688772,0.0,0.75,3.0,0
1,0,1,6,0,0.0,0,0.0,0.0,1.0,0.0,0.0,2
4,4,0,5,4,1.75,1,0.9999997500000625,1.3228756555322954,0.0,0.125,0.5,0
1,5,2,7,3,1.234375,1,1.0,1.1110243021644486,2.3333333333333335,0.25,0.625,0
1,5,3,7,3,1.234375,1,1.0,1.1110243021644486,3.5,0.25,0.625,0
5,0,2,6,0,0.0,0,0.0,0.0,2.0,0.0,0.0,2
4,0,4,6,0,0.0,0,0.0,0.0,12.0,0.0,0.0,3
7,0,1,8,0,0.0,0,0.0,0.0,4.0,0.0,0.0,3
5,0,3,6,0,0.0,0,0.0,0.0,7.0,0.0,0.0,1
6,3,1,8,3,0.984375,0,0.49999991666668053,0.9921567416492215,2.0,0.0,0.375,9
1,0,0,6,0,0.0,0,0.0,0.0,0.0,0.0,0.0,6
8,8,2,7,4,3.0,1,0.9999998750000157,1.7320508075688772,1.2222222222222223,0.0,1.0,9
7,5,3,7,3,1.234375,0,0.7142856122449125,1.1110243021644486,2.5,0.0,0.625,11
7,4,3,8,3,1.0,0,0.57142848979593,1.0,4.2,0.0,0.5,12
8,4,4,8,3,1.0,0,0.4999999375000079,1.0,5.6,0.0,0.5,11
6,8,5,7,4,2.25,1,1.0,1.5,4.0,0.0,1.0,12
5,18,0,2,4,3.4375,1,1.0,1.8540496217739157,0.0,0.0,2.25,0
1,22,0,3,4,2.9375,1,1.0,1.713913650100261,0.0,0.75,2.75,0
4,18,1,2,4,3.4375,1,1.0,1.8540496217739157,0.2631578947368421,0.5,2.25,0
1,23,0,2,4,2.859375,1,1.0,1.6909686573085854,0.0,0.75,2.875,0
4,31,0,1,4,0.109375,1,1.0,0.33071891388307384,0.0,0.875,3.875,0
2,27,0,1,4,1.734375,1,1.0,1.3169567191065923,0.0,0.875,3.375,0
5,28,0,1,4,1.75,1,1.0,1.3228756555322954,0.0,0.0,3.5,0
8,16,1,4,4,4.0,1,1.0,2.0,0.47058823529411764,0.0,2.0,0
1,27,0,1,4,1.734375,1,1.0,1.3169567191065923,0.0,0.875,3.375,0
7,26,0,2,4,1.6875,1,1.0,1.299038105676658,0.0,0.0,3.25,0
3,19,0,3,4,3.484375,1,1.0,1.8666480653835098,0.0,0.625,2.375,0
8,16,0,4,4,4.0,1,1.0,2.0,0.0,0.0,2.0,0
1,0,0,6,0,0.0,0,0.0,0.0,0.0,0.0,0.0,2
3,17,0,4,4,2.859375,1,1.0,1.6909686573085854,0.0,0.625,2.125,0
1,15,0,4,4,2.859375,1,1.0,1.6909686573085854,0.0,0.625,1.875,0
4,14,0,5,4,3.1875,1,1.0,1.7853571071357126,0.0,0.25,1.75,0
5,4,0,6,3,1.0,0,0.799999840000032,1.0,0.0,0.0,0.5,4
6,19,0,4,4,2.734375,1,1.0,1.653594569415369,0.0,0.0,2.375,0
7,9,0,6,4,2.109375,1,1.0,1.4523687548277813,0.0,0.0,1.125,0
3,11,0,6,4,3.234375,1,1.0,1.79843682124227,0.0,0.375,1.375,0
8,9,0,6,3,1.109375,1,1.0,1.0532687216470449,0.0,0.0,1.125,0
4,16,0,4,4,2.75,1,1.0,1.6583123951777,0.0,0.25,2.0,0
1,16,1,4,4,2.75,1,1.0,1.6583123951777,0.23529411764705882,0.625,2.0,0
4,2,0,7,2,0.4375,0,0.49999987500003124,0.6614378277661477,0.0,0.0,0.25,1
7,3,1,7,3,0.984375,0,0.4285713673469475,0.9921567416492215,1.5,0.0,0.375,1
4,6,0,6,3,1.1875,1,1.0,1.0897247358851685,0.0,0.0,0.75,0
5,8,0,6,3,1.5,1,1.0,1.224744871391589,0.0,0.0,1.0,0
4,18,1,4,4,1.9375,1,1.0,1.3919410907075054,0.3684210526315789,0.25,2.25,0
6,10,0,6,4,2.6875,1,1.0,1.6393596310755,0.0,0.0,1.25,0
1,17,0,3,4,1.609375,1,1.0,1.2686114456365274,0.0,0.875,2.125,0
6,3,0,7,3,0.984375,0,0.49999991666668053,0.9921567416492215,0.0,0.0,0.375,1
2,16,0,4,4,1.5,1,1.0,1.224744871391589,0.0,0.625,2.0,0
7,18,0,4,4,1.9375,1,1.0,1.3919410907075054,0.0,0.0,2.25,0
2,7,0,6,4,1.859375,1,1.0,1.3635890143294642,0.0,0.25,0.875,0
6,32,0,0,4,0.0,1,1.0,0.0,0.0,0.0,4.0,0
1,24,0,2,4,3.0,1,1.0,1.7320508075688772,0.0,0.75,3.0,0
3,14,0,5,4,3.4375,1,1.0,1.8540496217739157,0.0,0.375,1.75,0
2,26,0,1,4,1.9375,1,1.0,1.3919410907075054,0.0,0.875,3.25,0
8,23,0,3,4,2.859375,1,1.0,1.6909686573085854,0.0,0.0,2.875,0
1,15,0,4,4,3.609375,1,1.0,1.899835519196333,0.0,0.5,1.875,0
6,20,0,4,4,2.75,1,1.0,1.6583123951777,0.0,0.0,2.5,0
5,10,0,6,4,2.1875,1,1.0,1.479019945774904,0.0,0.0,1.25,0
6,12,0,5,4,3.0,1,1.0,1.7320508075688772,0.0,0.0,1.5,0
3,6,2,6,4,1.9375,1,1.0,1.3919410907075054,2.0,0.125,0.75,0
1,9,1,5,4,1.859375,1,1.0,1.3635890143294642,0.3,0.5,1.125,0
7,6,0,6,4,1.9375,0,0.857142734693895,1.3919410907075054,0.0,0.0,0.75,4
3,9,0,5,4,1.859375,1,1.0,1.3635890143294642,0.0,0.125,1.125,0
5,5,0,7,4,1.734375,1,0.99999980000004,1.3169567191065923,0.0,0.0,0.625,0
5,7,1,6,3,1.359375,1,1.0,1.165922381636102,0.875,0.0,0.875,2
1,2,2,7,1,0.1875,1,1.0,0.4330127018922193,4.333333333333333,0.25,0.25,0
8,2,0,7,1,0.1875,0,0.24999996875000394,0.4330127018922193,0.0,0.0,0.25,8
7,6,1,6,4,1.9375,0,0.857142734693895,1.3919410907075054,1.0,0.0,0.75,3
8,9,2,6,4,1.859375,1,1.0,1.3635890143294642,1.3,0.0,1.125,3
2,7,2,6,3,1.359375,1,1.0,1.165922381636102,1.5,0.375,0.875,3
5,2,1,7,1,0.1875,0,0.399999920000016,0.4330127018922193,2.6666666666666665,0.0,0.25,10
4,0,1,6,0,0.0,0,0.0,0.0,2.0,0.0,0.0,3
6,4,2,6,2,0.5,0,0.6666665555555741,0.7071067811865476,2.6,0.0,0.5,3
3,6,2,7,2,0.9375,1,1.0,0.9682458365518543,2.2857142857142856,0.0,0.75,0
4,2,1,5,2,0.4375,0,0.49999987500003124,0.6614378277661477,2.0,0.0,0.25,1
2,10,2,4,4,1.6875,1,1.0,1.299038105676658,0.9090909090909091,0.375,1.25,5
3,0,2,6,0,0.0,0,0.0,0.0,6.0,0.0,0.0,6
8,9,3,6,3,1.609375,1,1.0,1.2686114456365274,1.3,0.0,1.125,11
8,7,3,5,3,1.359375,0,0.8749998906250137,1.165922381636102,1.125,0.0,0.875,12
2,1,2,7,1,0.109375,0,0.499999750000125,0.33071891388307384,5.5,0.0,0.125,2
1,2,2,9,2,0.4375,1,1.0,0.6614378277661477,5.333333333333333,0.125,0.25,0
2,7,1,7,3,1.109375,1,1.0,1.0532687216470449,1.0,0.25,0.875,0
1,3,2,8,2,0.484375,1,1.0,0.6959705453537527,4.0,0.25,0.375,0
8,11,1,7,4,1.484375,1,1.0,1.2183492931011204,0.6666666666666666,0.0,1.375,5
4,32,1,0,4,0.0,1,1.0,0.0,0.09090909090909091,1.0,4.0,0
5,22,1,3,4,2.9375,1,1.0,1.713913650100261,0.2608695652173913,0.0,2.75,0
3,25,0,2,4,2.359375,1,1.0,1.5360257159305635,0.0,0.75,3.125,0
3,32,0,0,4,0.0,1,1.0,0.0,0.0,1.0,4.0,0
5,22,2,3,4,2.9375,1,1.0,1.713913650100261,0.4782608695652174,0.0,2.75,0
6,22,0,3,4,2.9375,1,1.0,1.713913650100261,0.0,0.0,2.75,0
7,21,1,2,4,2.234375,1,1.0,1.4947825928876748,0.2727272727272727,0.0,2.625,0
7,8,0,4,4,1.75,1,1.0,1.3228756555322954,0.0,0.0,1.0,0
5,6,2,4,3,1.1875,1,1.0,1.0897247358851685,2.142857142857143,0.0,0.75,0
7,6,1,4,3,1.1875,0,0.857142734693895,1.0897247358851685,1.1428571428571428,0.0,0.75,2
6,21,0,2,4,2.234375,1,1.0,1.4947825928876748,0.0,0.0,2.625,0
8,1,0,5,1,0.109375,0,0.12499998437500197,0.33071891388307384,0.0,0.0,0.125,14
8,6,2,4,3,1.1875,0,0.7499999062500118,1.0897247358851685,1.7142857142857142,0.0,0.75,4
5,9,2,4,3,1.609375,1,1.0,1.2686114456365274,1.5,0.0,1.125,1
5,7,1,4,3,1.359375,1,1.0,1.165922381636102,1.0,0.0,0.875,0
7,7,2,4,3,1.359375,1,0.9999998571428775,1.165922381636102,1.625,0.0,0.875,8
1,5,0,5,3,1.234375,1,1.0,1.1110243021644486,0.0,0.25,0.625,0
7,12,0,5,4,2.0,1,1.0,1.4142135623730951,0.0,0.0,1.5,0
2,15,1,3,4,1.859375,1,1.0,1.3635890143294642,0.5,0.625,1.875,0
2,12,1,5,4,2.0,1,1.0,1.4142135623730951,0.5384615384615384,0.5,1.5,0
6,0,0,8,0,0.0,0,0.0,0.0,0.0,0.0,0.0,2
3,3,0,7,3,0.984375,1,0.9999996666667778,0.9921567416492215,0.0,0.125,0.375,0
6,32,0,0,4,0.0,1,1.0,0.0,0.0,0.0,4.0,0
8,18,1,3,4,3.4375,1,1.0,1.8540496217739157,0.3684210526315789,0.0,2.25,0
2,26,0,1,4,1.9375,1,1.0,1.3919410907075054,0.0,0.875,3.25,0
5,18,2,3,4,3.4375,1,1.0,1.8540496217739157,0.7894736842105263,0.0,2.25,5
6,24,0,2,4,3.0,1,1.0,1.7320508075688772,0.0,0.0,3.0,0
3,1,2,6,1,0.109375,0,0.33333322222225925,0.33071891388307384,5.0,0.0,0.125,3
2,3,2,5,3,0.984375,1,1.0,0.9921567416492215,2.5,0.125,0.375,0
7,4,0,6,2,0.75,0,0.57142848979593,0.8660254037844386,0.0,0.0,0.5,1
7,18,0,3,4,3.4375,1,1.0,1.8540496217739157,0.0,0.0,2.25,0
7,9,2,5,4,2.359375,1,1.0,1.5360257159305635,1.4,0.0,1.125,13
3,1,1,6,1,0.109375,0,0.33333322222225925,0.33071891388307384,3.5,0.0,0.125,4
2,1,2,6,1,0.109375,0,0.499999750000125,0.33071891388307384,5.0,0.0,0.125,4
5,3,1,5,3,0.984375,0,0.599999880000024,0.9921567416492215,1.25,0.0,0.375,4
8,1,3,6,1,0.109375,0,0.12499998437500197,0.33071891388307384,6.0,0.0,0.125,5
7,4,1,6,2,0.75,0,0.57142848979593,0.8660254037844386,1.4,0.0,0.5,4
1,32,0,0,4,0.0,1,1.0,0.0,0.0,1.0,4.0,0
8,31,0,1,4,0.109375,1,1.0,0.33071891388307384,0.0,0.0,3.875,0
4,23,0,2,4,2.859375,1,1.0,1.6909686573085854,0.0,0.625,2.875,0
3,21,1,3,4,2.234375,1,1.0,1.4947825928876748,0.36363636363636365,0.5,2.625,0
1,23,1,2,4,2.859375,1,1.0,1.6909686573085854,0.16666666666666666,0.75,2.875,0
8,21,0,3,4,2.234375,1,1.0,1.4947825928876748,0.0,0.0,2.625,0
6,27,0,2,4,1.234375,1,1.0,1.1110243021644486,0.0,0.0,3.375,0
3,14,0,4,4,2.6875,1,1.0,1.6393596310755,0.0,0.375,1.75,0
7,28,0,2,4,1.0,1,1.0,1.0,0.0,0.0,3.5,0
1,11,0,5,4,2.734375,1,1.0,1.653594569415369,0.0,0.5,1.375,0
2,16,1,4,4,4.0,1,1.0,2.0,0.23529411764705882,0.5,2.0,0
4,16,0,4,4,4.0,1,1.0,2.0,0.0,0.5,2.0,0
5,21,0,3,4,2.484375,1,1.0,1.5761900266148114,0.0,0.0,2.625,0
1,11,0,6,4,3.234375,1,1.0,1.79843682124227,0.0,0.375,1.375,0
8,14,0,6,4,2.6875,1,1.0,1.6393596310755,0.0,0.0,1.75,0
2,16,2,4,4,4.0,1,1.0,2.0,0.35294117647058826,0.5,2.0,0
4,17,0,6,4,3.109375,1,1.0,1.7633419974582356,0.0,0.375,2.125,0
7,6,0,7,4,1.9375,0,0.857142734693895,1.3919410907075054,0.0,0.0,0.75,1
6,11,0,5,4,1.984375,1,1.0,1.4086784586980805,0.0,0.0,1.375,0
3,18,0,3,4,3.1875,1,1.0,1.7853571071357126,0.0,0.5,2.25,0
3,5,0,6,4,1.734375,1,1.0,1.3169567191065923,0.0,0.125,0.625,0
5,16,0,4,4,2.75,1,1.0,1.6583123951777,0.0,0.0,2.0,0
1,15,0,4,4,2.859375,1,1.0,1.6909686573085854,0.0,0.75,1.875,0
4,13,0,6,4,2.984375,1,1.0,1.7275343701356567,0.0,0.25,1.625,0
4,14,0,5,4,3.1875,1,1.0,1.7853571071357126,0.0,0.375,1.75,0
3,16,0,5,4,2.75,1,1.0,1.6583123951777,0.0,0.5,2.0,0
3,12,0,6,4,3.0,1,1.0,1.7320508075688772,0.0,0.375,1.5,0
6,13,1,5,4,2.734375,1,1.0,1.653594569415369,0.35714285714285715,0.0,1.625,0
4,10,0,5,4,2.1875,1,1.0,1.479019945774904,0.0,0.125,1.25,0
5,17,0,5,4,2.859375,1,1.0,1.6909686573085854,0.0,0.0,2.125,0
5,13,0,5,4,2.734375,1,1.0,1.653594569415369,0.0,0.0,1.625,0
8,9,0,5,3,1.609375,1,1.0,1.2686114456365274,0.0,0.0,1.125,0
6,10,0,4,4,2.6875,1,1.0,1.6393596310755,0.0,0.0,1.25,0
4,10,1,4,4,2.6875,1,1.0,1.6393596310755,0.5454545454545454,0.125,1.25,0
2,32,0,0,4,0.0,1,1.0,0.0,0.0,1.0,4.0,0
3,24,1,2,4,3.0,1,1.0,1.7320508075688772,0.32,0.75,3.0,0
8,24,0,2,4,3.0,1,1.0,1.7320508075688772,0.0,0.0,3.0,0
6,30,0,1,4,0.4375,1,1.0,0.6614378277661477,0.0,0.0,3.75,0
6,13,0,4,4,3.484375,1,1.0,1.8666480653835098,0.0,0.0,1.625,0
3,4,0,6,2,0.75,1,1.0,0.8660254037844386,0.0,0.0,0.5,0
3,7,0,5,4,2.359375,1,1.0,1.5360257159305635,0.0,0.25,0.875,0
2,4,0,6,4,1.75,1,1.0,1.3228756555322954,0.0,0.125,0.5,0
1,27,1,2,4,1.234375,1,1.0,1.1110243021644486,0.17857142857142858,1.0,3.375,0
5,20,0,5,4,2.5,1,1.0,1.5811388300841898,0.0,0.0,2.5,0
1,21,0,4,4,2.234375,1,1.0,1.4947825928876748,0.0,0.875,2.625,0
5,27,0,2,4,1.234375,1,1.0,1.1110243021644486,0.0,0.0,3.375,0
3,23,0,2,4,2.859375,1,1.0,1.6909686573085854,0.0,0.75,2.875,0
4,27,0,1,4,1.734375,1,1.0,1.3169567191065923,0.0,0.75,3.375,0
7,20,0,3,4,3.75,1,1.0,1.9364916731037085,0.0,0.0,2.5,0
3,18,0,3,4,3.1875,1,1.0,1.7853571071357126,0.0,0.5,2.25,0
6,18,1,3,4,3.1875,1,1.0,1.7853571071357126,0.15789473684210525,0.0,2.25,0
7,16,0,3,4,3.25,1,1.0,1.8027756377319946,0.0,0.0,2.0,0
7,20,0,2,4,2.5,1,1.0,1.5811388300841898,0.0,0.0,2.5,0
8,20,1,2,4,2.5,1,1.0,1.5811388300841898,0.3333333333333333,0.0,2.5,0
1,1,1,6,1,0.109375,1,0.9999990000010001,0.33071891388307384,3.5,0.125,0.125,0
1,7,1,6,3,1.109375,1,1.0,1.0532687216470449,0.875,0.5,0.875,3
1,12,0,3,4,3.0,1,1.0,1.7320508075688772,0.0,0.5,1.5,0
7,7,2,6,3,1.109375,1,0.9999998571428775,1.0532687216470449,1.0,0.0,0.875,3
5,19,0,2,4,2.734375,1,1.0,1.653594569415369,0.0,0.0,2.375,0
7,3,0,5,3,0.984375,0,0.4285713673469475,0.9921567416492215,0.0,0.0,0.375,3
8,11,0,4,4,2.734375,1,1.0,1.653594569415369,0.0,0.0,1.375,0
2,3,1,5,3,0.984375,1,1.0,0.9921567416492215,1.75,0.125,0.375,0
5,1,2,7,1,0.109375,0,0.199999960000008,0.33071891388307384,2.0,0.0,0.125,3
2,5,0,9,3,1.234375,1,1.0,1.1110243021644486,0.0,0.25,0.625,0
3,2,4,6,1,0.1875,0,0.6666664444445185,0.4330127018922193,4.0,0.0,0.25,4
2,7,3,6,3,1.109375,1,1.0,1.0532687216470449,1.875,0.25,0.875,9
4,13,0,8,4,2.234375,1,1.0,1.4947825928876748,0.0,0.125,1.625,0
1,5,2,7,3,1.234375,1,1.0,1.1110243021644486,1.0,0.25,0.625,0
3,2,3,6,1,0.1875,0,0.6666664444445185,0.4330127018922193,3.0,0.0,0.25,3
1,8,4,5,4,2.25,1,1.0,1.5,1.4444444444444444,0.375,1.0,0
2,1,1,7,1,0.109375,0,0.499999750000125,0.33071891388307384,1.0,0.0,0.125,3
2,13,1,8,4,2.234375,1,1.0,1.4947825928876748,0.2857142857142857,0.5,1.625,0
2,32,1,0,4,0.0,1,1.0,0.0,0.21212121212121213,1.0,4.0,0
8,17,0,2,4,2.859375,1,1.0,1.6909686573085854,0.0,0.0,2.125,0
7,32,0,0,4,0.0,1,1.0,0.0,0.0,0.0,4.0,0
8,23,0,2,4,2.859375,1,1.0,1.6909686573085854,0.0,0.0,2.875,0
8,9,0,3,4,2.859375,1,1.0,1.6909686573085854,0.0,0.0,1.125,0
4,9,1,3,4,2.109375,1,1.0,1.4523687548277813,0.4,0.125,1.125,0
5,4,0,5,4,1.75,0,0.799999840000032,1.3228756555322954,0.0,0.0,0.5,1
4,1,1,4,1,0.109375,0,0.24999993750001562,0.33071891388307384,3.5,0.0,0.125,8
7,17,0,3,4,2.859375,1,1.0,1.6909686573085854,0.0,0.0,2.125,0
5,3,0,5,3,0.984375,0,0.599999880000024,0.9921567416492215,0.0,0.0,0.375,2
7,1,0,4,1,0.109375,0,0.1428571224489825,0.33071891388307384,0.0,0.0,0.125,8
6,17,1,3,4,2.859375,1,1.0,1.6909686573085854,0.3888888888888889,0.0,2.125,0
4,1,2,5,1,0.109375,0,0.24999993750001562,0.33071891388307384,6.0,0.0,0.125,4
5,8,3,4,4,2.25,1,1.0,1.5,2.0,0.0,1.0,6
6,3,1,5,3,0.984375,0,0.49999991666668053,0.9921567416492215,1.25,0.0,0.375,4
2,8,1,4,3,1.0,1,1.0,1.0,0.4444444444444444,0.25,1.0,0
4,1,1,6,1,0.109375,0,0.24999993750001562,0.33071891388307384,0.5,0.0,0.125,3
1,1,0,6,1,0.109375,1,0.9999990000010001,0.33071891388307384,0.0,0.125,0.125,0
3,0,1,7,0,0.0,0,0.0,0.0,4.0,0.0,0.0,3
7,3,2,5,3,0.984375,0,0.4285713673469475,0.9921567416492215,2.75,0.0,0.375,6
7,8,0,5,4,1.75,1,1.0,1.3228756555322954,0.0,0.0,1.0,0
6,8,0,6,4,2.25,1,1.0,1.5,0.0,0.0,1.0,0
8,9,0,4,3,1.359375,1,1.0,1.165922381636102,0.0,0.0,1.125,0
4,32,0,0,4,0.0,1,1.0,0.0,0.0,1.0,4.0,0
3,17,1,3,4,3.609375,1,1.0,1.899835519196333,0.2777777777777778,0.5,2.125,0
3,22,0,2,4,2.9375,1,1.0,1.713913650100261,0.0,0.625,2.75,0
6,9,1,5,4,2.859375,1,1.0,1.6909686573085854,0.3,0.0,1.125,0
2,0,1,7,0,0.0,0,0.0,0.0,1.0,0.0,0.0,2
5,17,0,3,4,3.609375,1,1.0,1.899835519196333,0.0,0.0,2.125,0
6,28,0,1,4,1.75,1,1.0,1.3228756555322954,0.0,0.0,3.5,0
6,3,0,7,2,0.484375,0,0.49999991666668053,0.6959705453537527,0.0,0.0,0.375,1
4,9,1,6,4,1.859375,1,1.0,1.3635890143294642,0.6,0.125,1.125,3
6,19,0,3,4,3.484375,1,1.0,1.8666480653835098,0.0,0.0,2.375,0
3,9,0,5,4,2.859375,1,1.0,1.6909686573085854,0.0,0.25,1.125,0
3,0,1,7,0,0.0,0,0.0,0.0,3.0,0.0,0.0,1
8,0,0,8,0,0.0,0,0.0,0.0,0.0,0.0,0.0,4
1,0,0,7,0,0.0,0,0.0,0.0,0.0,0.0,0.0,5
5,0,1,8,0,0.0,0,0.0,0.0,8.0,0.0,0.0,3
5,6,1,6,4,1.6875,1,1.0,1.299038105676658,1.0,0.0,0.75,0
7,5,1,6,3,1.234375,0,0.7142856122449125,1.1110243021644486,0.6666666666666666,0.0,0.625,2
3,0,0,7,0,0.0,0,0.0,0.0,0.0,0.0,0.0,1
5,32,0,0,4,0.0,1,1.0,0.0,0.0,0.0,4.0,0
1,7,0,4,4,2.359375,1,1.0,1.5360257159305635,0.0,0.25,0.875,0
8,32,1,0,4,0.0,1,1.0,0.0,0.18181818181818182,0.0,4.0,0
4,18,0,2,4,3.4375,1,1.0,1.8540496217739157,0.0,0.5,2.25,0
7,14,0,3,4,3.4375,1,1.0,1.8540496217739157,0.0,0.0,1.75,0
6,6,0,5,4,1.9375,1,0.9999998333333611,1.3919410907075054,0.0,0.0,0.75,0
2,9,1,4,4,1.859375,1,1.0,1.3635890143294642,0.4,0.375,1.125,0
4,1,0,5,1,0.109375,0,0.24999993750001562,0.33071891388307384,0.0,0.0,0.125,1
6,32,0,0,4,0.0,1,1.0,0.0,0.0,0.0,4.0,0
3,18,0,3,4,2.4375,1,1.0,1.5612494995995996,0.0,0.375,2.25,0
5,3,0,6,2,0.484375,0,0.599999880000024,0.6959705453537527,0.0,0.0,0.375,1
3,17,0,3,4,3.109375,1,1.0,1.7633419974582356,0.0,0.5,2.125,0
2,32,0,0,4,0.0,1,1.0,0.0,0.0,1.0,4.0,0
2,30,0,1,4,0.4375,1,1.0,0.6614378277661477,0.0,1.0,3.75,0
1,26,0,2,4,1.9375,1,1.0,1.3919410907075054,0.0,0.875,3.25,0
7,24,0,4,4,3.0,1,1.0,1.7320508075688772,0.0,0.0,3.0,0
6,11,0,6,4,2.734375,1,1.0,1.653594569415369,0.0,0.0,1.375,0
1,25,0,3,4,2.359375,1,1.0,1.5360257159305635,0.0,0.875,3.125,0
4,5,1,7,4,1.734375,1,1.0,1.3169567191065923,1.1666666666666667,0.125,0.625,0
7,5,0,7,4,1.734375,0,0.7142856122449125,1.3169567191065923,0.0,0.0,0.625,3
4,28,0,2,4,1.75,1,1.0,1.3228756555322954,0.0,0.875,3.5,0
1,10,0,6,4,2.9375,1,1.0,1.713913650100261,0.0,0.375,1.25,0
7,5,2,7,4,1.734375,0,0.7142856122449125,1.3169567191065923,1.8333333333333333,0.0,0.625,2
7,17,0,5,4,3.609375,1,1.0,1.899835519196333,0.0,0.0,2.125,0
8,15,2,5,4,2.109375,1,1.0,1.4523687548277813,0.875,0.0,1.875,6
3,8,3,3,4,1.75,1,1.0,1.3228756555322954,1.7777777777777777,0.125,1.0,0
8,15,3,5,4,2.109375,1,1.0,1.4523687548277813,1.375,0.0,1.875,7
7,1,1,4,1,0.109375,0,0.1428571224489825,0.33071891388307384,1.5,0.0,0.125,8
6,1,2,4,1,0.109375,0,0.16666663888889352,0.33071891388307384,5.0,0.0,0.125,11
8,6,2,5,4,1.6875,0,0.7499999062500118,1.299038105676658,2.2857142857142856,0.0,0.75,3
3,1,0,4,1,0.109375,0,0.33333322222225925,0.33071891388307384,0.0,0.0,0.125,2
5,27,0,1,4,1.734375,1,1.0,1.3169567191065923,0.0,0.0,3.375,0
5,32,0,0,4,0.0,1,1.0,0.0,0.0,0.0,4.0,0
6,18,1,3,4,3.4375,1,1.0,1.8540496217739157,0.3157894736842105,0.0,2.25,0
6,18,0,3,4,3.4375,1,1.0,1.8540496217739157,0.0,0.0,2.25,0
4,22,0,2,4,2.9375,1,1.0,1.713913650100261,0.0,0.625,2.75,0
4,6,1,6,4,1.9375,1,1.0,1.3919410907075054,1.0,0.125,0.75,0
3,6,1,5,4,1.9375,1,1.0,1.3919410907075054,1.1428571428571428,0.125,0.75,0
7,11,0,4,4,2.734375,1,1.0,1.653594569415369,0.0,0.0,1.375,0
8,6,0,5,4,1.9375,0,0.7499999062500118,1.3919410907075054,0.0,0.0,0.75,4
7,8,1,5,4,2.0,1,1.0,1.4142135623730951,0.2222222222222222,0.0,1.0,8
2,4,0,5,2,0.75,1,1.0,0.8660254037844386,0.0,0.25,0.5,0
2,8,0,5,4,2.0,1,1.0,1.4142135623730951,0.0,0.375,1.0,0
3,3,1,6,3,0.984375,1,0.9999996666667778,0.9921567416492215,2.0,0.125,0.375,0
4,6,2,5,4,1.6875,1,1.0,1.299038105676658,2.0,0.125,0.75,0
7,10,1,5,4,2.1875,1,1.0,1.479019945774904,0.6363636363636364,0.0,1.25,1
7,6,1,5,4,1.6875,0,0.857142734693895,1.299038105676658,1.0,0.0,0.75,4
4,2,2,6,2,0.4375,0,0.49999987500003124,0.6614378277661477,4.666666666666667,0.0,0.25,1
7,6,1,6,2,0.9375,0,0.857142734693895,0.9682458365518543,1.0,0.0,0.75,6
6,0,1,7,0,0.0,0,0.0,0.0,8.0,0.0,0.0,6
2,11,0,4,4,2.484375,1,1.0,1.5761900266148114,0.0,0.25,1.375,0
6,0,0,5,0,0.0,0,0.0,0.0,0.0,0.0,0.0,1
1,11,1,3,3,0.984375,1,1.0,0.9921567416492215,0.5,0.75,1.375,0
8,10,1,5,3,1.6875,1,1.0,1.299038105676658,0.6363636363636364,0.0,1.25,12
2,2,1,6,2,0.4375,1,0.99999950000025,0.6614378277661477,1.0,0.125,0.25,0
1,4,1,7,3,1.0,1,1.0,1.0,1.6,0.25,0.5,0
6,8,0,5,4,2.25,1,1.0,1.5,0.0,0.0,1.0,0
3,9,2,5,3,1.609375,1,1.0,1.2686114456365274,1.1,0.25,1.125,0
3,2,0,6,2,0.4375,0,0.6666664444445185,0.6614378277661477,0.0,0.0,0.25,3
5,2,1,6,2,0.4375,0,0.399999920000016,0.6614378277661477,1.0,0.0,0.25,2
7,9,0,5,4,1.609375,1,1.0,1.2686114456365274,0.0,0.0,1.125,0
3,2,2,6,2,0.4375,0,0.6666664444445185,0.6614378277661477,2.6666666666666665,0.0,0.25,6
4,4,2,7,3,1.0,1,0.9999997500000625,1.0,1.8,0.0,0.5,6
1,9,3,5,3,1.609375,1,1.0,1.2686114456365274,1.4,0.5,1.125,0
3,4,4,7,3,1.0,1,1.0,1.0,5.0,0.125,0.5,3
7,1,3,8,1,0.109375,0,0.1428571224489825,0.33071891388307384,9.5,0.0,0.125,4
4,4,3,7,2,0.5,1,0.9999997500000625,0.7071067811865476,4.6,0.0,0.5,0
8,0,1,7,0,0.0,0,0.0,0.0,3.0,0.0,0.0,16
5,3,3,8,3,0.984375,0,0.599999880000024,0.9921567416492215,5.0,0.0,0.375,4
3,4,2,6,3,1.0,1,1.0,1.0,2.6,0.125,0.5,0
5,0,1,7,0,0.0,0,0.0,0.0,8.0,0.0,0.0,7
8,3,2,8,3,0.984375,0,0.3749999531250059,0.9921567416492215,3.0,0.0,0.375,26
3,4,3,6,3,1.0,1,1.0,1.0,3.2,0.125,0.5,6
6,24,1,1,4,3.0,1,1.0,1.7320508075688772,0.12,0.0,3.0,0
3,15,0,3,4,3.609375,1,1.0,1.899835519196333,0.0,0.5,1.875,0
8,32,0,0,4,0.0,1,1.0,0.0,0.0,0.0,4.0,0
3,24,0,1,4,3.0,1,1.0,1.7320508075688772,0.0,0.75,3.0,0
6,12,0,4,4,3.75,1,1.0,1.9364916731037085,0.0,0.0,1.5,0
8,17,1,3,4,2.109375,1,1.0,1.4523687548277813,0.4444444444444444,0.0,2.125,0
8,17,0,3,4,2.109375,1,1.0,1.4523687548277813,0.0,0.0,2.125,0
1,17,2,3,4,2.109375,1,1.0,1.4523687548277813,0.8888888888888888,0.75,2.125,0
3,15,0,3,4,3.109375,1,1.0,1.7633419974582356,0.0,0.375,1.875,0
6,23,0,2,4,1.859375,1,1.0,1.3635890143294642,0.0,0.0,2.875,0
5,10,0,6,3,1.1875,1,1.0,1.0897247358851685,0.0,0.0,1.25,0
7,0,0,6,0,0.0,0,0.0,0.0,0.0,0.0,0.0,11
1,2,1,6,2,0.4375,1,1.0,0.6614378277661477,2.3333333333333335,0.125,0.25,0
4,6,1,5,4,1.9375,1,1.0,1.3919410907075054,1.0,0.125,0.75,0
8,20,0,3,4,3.0,1,1.0,1.7320508075688772,0.0,0.0,2.5,0
5,12,0,4,4,3.0,1,1.0,1.7320508075688772,0.0,0.0,1.5,0
7,7,0,5,3,1.609375,1,0.9999998571428775,1.2686114456365274,0.0,0.0,0.875,0
3,12,0,3,4,3.0,1,1.0,1.7320508075688772,0.0,0.375,1.5,0
1,9,0,4,4,2.859375,1,1.0,1.6909686573085854,0.0,0.375,1.125,0
3,31,0,1,4,0.109375,1,1.0,0.33071891388307384,0.0,1.0,3.875,0
7,31,1,1,4,0.109375,1,1.0,0.33071891388307384,0.09375,0.0,3.875,0
6,21,0,3,4,3.234375,1,1.0,1.79843682124227,0.0,0.0,2.625,0
1,32,0,0,4,0.0,1,1.0,0.0,0.0,1.0,4.0,0
5,18,0,3,4,3.1875,1,1.0,1.7853571071357126,0.0,0.0,2.25,0
5,10,0,5,4,2.6875,1,1.0,1.6393596310755,0.0,0.0,1.25,0
5,8,0,5,4,3.0,1,1.0,1.7320508075688772,0.0,0.0,1.0,0
5,13,0,4,4,3.484375,1,1.0,1.8666480653835098,0.0,0.0,1.625,0
3,8,0,5,4,1.5,1,1.0,1.224744871391589,0.0,0.125,1.0,0
4,10,1,5,4,2.6875,1,1.0,1.6393596310755,0.45454545454545453,0.125,1.25,0
2,20,0,3,4,1.75,1,1.0,1.3228756555322954,0.0,0.75,2.5,0
6,18,0,4,4,1.9375,1,1.0,1.3919410907075054,0.0,0.0,2.25,0
8,25,0,2,4,2.359375,1,1.0,1.5360257159305635,0.0,0.0,3.125,0
3,32,0,0,4,0.0,1,1.0,0.0,0.0,1.0,4.0,0
5,5,0,5,4,1.734375,1,0.99999980000004,1.3169567191065923,0.0,0.0,0.625,0
4,29,0,1,4,0.984375,1,1.0,0.9921567416492215,0.0,0.875,3.625,0
6,17,0,3,4,3.609375,1,1.0,1.899835519196333,0.0,0.0,2.125,0
1,0,2,6,0,0.0,0,0.0,0.0,15.0,0.0,0.0,4
6,11,0,4,4,3.234375,1,1.0,1.79843682124227,0.0,0.0,1.375,0
8,5,1,5,4,1.734375,0,0.6249999218750099,1.3169567191065923,0.8333333333333334,0.0,0.625,3
7,0,1,6,0,0.0,0,0.0,0.0,8.0,0.0,0.0,8
3,8,3,5,4,2.25,1,1.0,1.5,1.7777777777777777,0.25,1.0,10
6,8,4,5,4,2.25,1,1.0,1.5,2.111111111111111,0.0,1.0,14
4,10,1,5,4,2.6875,1,1.0,1.6393596310755,0.6363636363636364,0.125,1.25,4
3,0,4,6,0,0.0,0,0.0,0.0,17.0,0.0,0.0,18
7,3,1,6,3,0.984375,0,0.4285713673469475,0.9921567416492215,1.0,0.0,0.375,6
7,10,0,5,4,2.6875,1,1.0,1.6393596310755,0.0,0.0,1.25,0
3,1,1,6,1,0.109375,0,0.33333322222225925,0.33071891388307384,1.5,0.0,0.125,5
2,3,2,6,3,0.984375,1,1.0,0.9921567416492215,2.75,0.125,0.375,0
1,10,0,5,4,1.6875,1,1.0,1.299038105676658,0.0,0.625,1.25,0
1,19,0,4,4,2.234375,1,1.0,1.4947825928876748,0.0,0.875,2.375,0
4,31,1,1,4,0.109375,1,1.0,0.33071891388307384,0.1875,0.875,3.875,0
6,15,1,4,4,3.609375,1,1.0,1.899835519196333,0.5,0.0,1.875,0
6,31,0,1,4,0.109375,1,1.0,0.33071891388307384,0.0,0.0,3.875,0
6,21,0,3,4,3.234375,1,1.0,1.79843682124227,0.0,0.0,2.625,0
1,31,2,1,4,0.109375,1,1.0,0.33071891388307384,0.3125,1.0,3.875,0
8,15,0,4,4,3.609375,1,1.0,1.899835519196333,0.0,0.0,1.875,0
3,1,0,6,1,0.109375,0,0.33333322222225925,0.33071891388307384,0.0,0.0,0.125,6
7,1,2,6,1,0.109375,0,0.1428571224489825,0.33071891388307384,4.5,0.0,0.125,12
3,2,3,6,1,0.1875,0,0.6666664444445185,0.4330127018922193,5.0,0.0,0.25,6
6,2,4,6,1,0.1875,0,0.33333327777778704,0.4330127018922193,6.0,0.0,0.25,8
2,2,2,6,1,0.1875,1,0.99999950000025,0.4330127018922193,4.333333333333333,0.0,0.25,0
3,0,6,7,0,0.0,0,0.0,0.0,33.0,0.0,0.0,4
6,1,1,6,1,0.109375,0,0.16666663888889352,0.33071891388307384,1.5,0.0,0.125,11
6,2,5,6,1,0.1875,0,0.33333327777778704,0.4330127018922193,8.0,0.0,0.25,16
5,0,5,7,0,0.0,0,0.0,0.0,28.0,0.0,0.0,15
4,6,9,6,3,1.6875,1,1.0,1.299038105676658,7.0,0.0,0.75,12
6,0,7,7,0,0.0,0,0.0,0.0,36.0,0.0,0.0,18
7,0,8,7,0,0.0,0,0.0,0.0,42.0,0.0,0.0,22
8,6,7,7,4,1.6875,0,0.7499999062500118,1.299038105676658,5.857142857142857,0.0,0.75,26
6,2,6,7,1,0.1875,0,0.33333327777778704,0.4330127018922193,12.0,0.0,0.25,24
4,17,5,3,4,2.359375,1,1.0,1.5360257159305635,1.6666666666666667,0.25,2.125,0
7,2,9,7,1,0.1875,0,0.285714244897965,0.4330127018922193,18.666666666666668,0.0,0.25,35
8,2,7,7,1,0.1875,0,0.24999996875000394,0.4330127018922193,14.0,0.0,0.25,29
5,3,3,4,3,0.984375,0,0.599999880000024,0.9921567416492215,5.0,0.0,0.375,10
1,3,4,4,3,0.984375,1,1.0,0.9921567416492215,6.25,0.125,0.375,0
6,0,3,6,0,0.0,0,0.0,0.0,17.0,0.0,0.0,8
5,2,4,5,2,0.4375,0,0.399999920000016,0.6614378277661477,8.333333333333334,0.0,0.25,9
6,2,8,7,1,0.1875,0,0.33333327777778704,0.4330127018922193,16.666666666666668,0.0,0.25,36
7,3,2,4,3,0.984375,0,0.4285713673469475,0.9921567416492215,3.25,0.0,0.375,8
7,10,4,4,4,1.9375,1,1.0,1.3919410907075054,2.090909090909091,0.0,1.25,17
1,8,3,5,4,1.5,1,1.0,1.224744871391589,2.3333333333333335,0.625,1.0,0
6,1,2,7,1,0.109375,0,0.16666663888889352,0.33071891388307384,7.5,0.0,0.125,1
7,1,2,6,1,0.109375,0,0.1428571224489825,0.33071891388307384,7.5,0.0,0.125,7
3,5,4,5,2,0.734375,1,1.0,0.8569568250501305,4.5,0.0,0.625,0
8,8,2,5,4,1.5,1,0.9999998750000157,1.224744871391589,1.4444444444444444,0.0,1.0,14
6,7,3,5,4,1.609375,1,1.0,1.2686114456365274,2.75,0.0,0.875,5
6,5,3,5,2,0.734375,0,0.8333331944444675,0.8569568250501305,3.5,0.0,0.625,8
3,7,3,5,4,1.859375,1,1.0,1.3635890143294642,2.375,0.125,0.875,9
7,2,3,6,2,0.4375,0,0.285714244897965,0.6614378277661477,6.666666666666667,0.0,0.25,3
5,2,2,6,2,0.4375,0,0.399999920000016,0.6614378277661477,5.0,0.0,0.25,7
7,7,3,5,4,1.609375,1,0.9999998571428775,1.2686114456365274,1.875,0.0,0.875,17
4,2,2,5,2,0.4375,0,0.49999987500003124,0.6614378277661477,3.3333333333333335,0.0,0.25,2
8,2,3,5,2,0.4375,0,0.24999996875000394,0.6614378277661477,4.666666666666667,0.0,0.25,17
8,16,0,3,4,2.75,1,1.0,1.6583123951777,0.0,0.0,2.0,0
2,14,3,4,4,2.6875,1,1.0,1.6393596310755,1.4666666666666666,0.5,1.75,4
6,11,0,4,4,2.484375,1,1.0,1.5761900266148114,0.0,0.0,1.375,0
2,1,0,5,1,0.109375,0,0.499999750000125,0.33071891388307384,0.0,0.0,0.125,1
7,8,0,4,4,2.0,1,1.0,1.4142135623730951,0.0,0.0,1.0,0
1,7,1,5,4,1.609375,1,1.0,1.2686114456365274,0.875,0.5,0.875,2
5,6,1,7,3,1.1875,1,1.0,1.0897247358851685,0.42857142857142855,0.0,0.75,1
6,13,0,6,4,2.234375,1,1.0,1.4947825928876748,0.0,0.0,1.625,0
2,14,0,6,4,2.4375,1,1.0,1.5612494995995996,0.0,0.5,1.75,0
7,7,0,5,4,1.609375,1,0.9999998571428775,1.2686114456365274,0.0,0.0,0.875,0
1,8,1,5,4,2.25,1,1.0,1.5,0.1111111111111111,0.375,1.0,0
3,6,0,7,3,1.1875,1,1.0,1.0897247358851685,0.0,0.125,0.75,0
4,7,0,7,4,2.359375,1,1.0,1.5360257159305635,0.0,0.125,0.875,0
1,0,2,9,0,0.0,0,0.0,0.0,12.0,0.0,0.0,1
2,11,3,7,4,1.984375,1,1.0,1.4086784586980805,1.0833333333333333,0.375,1.375,0
1,0,0,8,0,0.0,0,0.0,0.0,0.0,0.0,0.0,1
2,4,1,10,4,1.75,1,1.0,1.3228756555322954,1.6,0.125,0.5,0
4,3,1,8,3,0.984375,0,0.7499998125000469,0.9921567416492215,0.75,0.0,0.375,2
5,4,2,10,4,1.75,0,0.799999840000032,1.3228756555322954,2.0,0.0,0.5,3
8,0,1,9,0,0.0,0,0.0,0.0,4.0,0.0,0.0,4
3,3,0,8,3,0.984375,1,0.9999996666667778,0.9921567416492215,0.0,0.125,0.375,0
5,11,1,7,4,1.484375,1,1.0,1.2183492931011204,0.4166666666666667,0.0,1.375,0
1,32,0,0,4,0.0,1,1.0,0.0,0.0,1.0,4.0,0
2,31,0,1,4,0.109375,1,1.0,0.33071891388307384,0.0,1.0,3.875,0
7,27,0,3,4,1.734375,1,1.0,1.3169567191065923,0.0,0.0,3.375,0
3,16,0,6,4,4.0,1,1.0,2.0,0.0,0.5,2.0,0
3,19,0,5,4,3.484375,1,1.0,1.8666480653835098,0.0,0.625,2.375,0
2,29,0,2,4,0.984375,1,1.0,0.9921567416492215,0.0,0.875,3.625,0
1,20,0,4,4,3.75,1,1.0,1.9364916731037085,0.0,0.625,2.5,0
4,23,0,4,4,2.109375,1,1.0,1.4523687548277813,0.0,0.5,2.875,0
8,21,0,3,4,2.734375,1,1.0,1.653594569415369,0.0,0.0,2.625,0
1,18,0,2,4,2.4375,1,1.0,1.5612494995995996,0.0,0.875,2.25,0
1,25,0,2,4,1.359375,1,1.0,1.165922381636102,0.0,1.0,3.125,0
6,27,0,2,4,0.984375,1,1.0,0.9921567416492215,0.0,0.0,3.375,0
5,24,0,3,4,1.75,1,1.0,1.3228756555322954,0.0,0.0,3.0,0
1,27,0,1,4,0.484375,1,1.0,0.6959705453537527,0.0,1.0,3.375,0
7,32,0,0,4,0.0,1,1.0,0.0,0.0,0.0,4.0,0
8,25,0,1,4,2.359375,1,1.0,1.5360257159305635,0.0,0.0,3.125,0
6,16,0,2,4,3.25,1,1.0,1.8027756377319946,0.0,0.0,2.0,0
8,17,0,2,4,3.609375,1,1.0,1.899835519196333,0.0,0.0,2.125,0
8,10,0,3,4,2.6875,1,1.0,1.6393596310755,0.0,0.0,1.25,0
5,2,2,4,2,0.4375,0,0.399999920000016,0.6614378277661477,4.0,0.0,0.25,3
4,2,0,4,2,0.4375,0,0.49999987500003124,0.6614378277661477,0.0,0.0,0.25,4
8,2,1,4,2,0.4375,0,0.24999996875000394,0.6614378277661477,1.3333333333333333,0.0,0.25,14
6,1,2,5,1,0.109375,0,0.16666663888889352,0.33071891388307384,8.0,0.0,0.125,1
8,2,3,4,2,0.4375,0,0.24999996875000394,0.6614378277661477,5.666666666666667,0.0,0.25,14
1,1,8,6,1,0.109375,1,0.9999990000010001,0.33071891388307384,18.5,0.125,0.125,0
6,9,8,4,4,2.109375,1,1.0,1.4523687548277813,3.9,0.0,1.125,14
2,9,9,4,4,2.109375,1,1.0,1.4523687548277813,4.5,0.25,1.125,7
3,1,6,5,1,0.109375,0,0.33333322222225925,0.33071891388307384,17.0,0.0,0.125,6
5,1,4,5,1,0.109375,0,0.199999960000008,0.33071891388307384,11.5,0.0,0.125,17
6,1,5,5,1,0.109375,0,0.16666663888889352,0.33071891388307384,14.0,0.0,0.125,17
6,9,10,4,4,2.109375,1,1.0,1.4523687548277813,4.7,0.0,1.125,19
2,1,2,5,1,0.109375,0,0.499999750000125,0.33071891388307384,8.0,0.0,0.125,9
2,1,7,5,1,0.109375,0,0.499999750000125,0.33071891388307384,18.5,0.0,0.125,9
5,1,3,5,1,0.109375,0,0.199999960000008,0.33071891388307384,9.0,0.0,0.125,17
5,9,10,4,4,2.109375,1,1.0,1.4523687548277813,4.5,0.0,1.125,20
3,27,0,1,4,0.734375,1,1.0,0.8569568250501305,0.0,0.75,3.375,0
4,29,0,1,4,0.984375,1,1.0,0.9921567416492215,0.0,0.875,3.625,0
1,21,0,3,4,2.484375,1,1.0,1.5761900266148114,0.0,0.875,2.625,0
4,25,0,2,4,2.359375,1,1.0,1.5360257159305635,0.0,0.75,3.125,0
4,24,0,2,4,2.25,1,1.0,1.5,0.0,0.625,3.0,0
3,24,1,2,4,2.25,1,1.0,1.5,0.16,0.75,3.0,0
2,20,0,4,4,3.0,1,1.0,1.7320508075688772,0.0,0.625,2.5,0
5,14,0,4,4,3.4375,1,1.0,1.8540496217739157,0.0,0.0,1.75,0
2,23,0,2,4,2.859375,1,1.0,1.6909686573085854,0.0,0.75,2.875,0
7,21,0,3,4,3.234375,1,1.0,1.79843682124227,0.0,0.0,2.625,0
3,32,0,0,4,0.0,1,1.0,0.0,0.0,1.0,4.0,0
5,16,0,3,4,3.0,1,1.0,1.7320508075688772,0.0,0.0,2.0,0
6,29,0,1,4,0.984375,1,1.0,0.9921567416492215,0.0,0.0,3.625,0
2,18,0,3,4,2.6875,1,1.0,1.6393596310755,0.0,0.625,2.25,0
8,24,0,2,4,1.75,1,1.0,1.3228756555322954,0.0,0.0,3.0,0
5,22,0,2,4,2.6875,1,1.0,1.6393596310755,0.0,0.0,2.75,0
3,6,0,4,4,1.6875,1,1.0,1.299038105676658,0.0,0.125,0.75,0
4,3,1,5,3,0.984375,0,0.7499998125000469,0.9921567416492215,1.75,0.0,0.375,1
7,3,0,5,3,0.984375,0,0.4285713673469475,0.9921567416492215,0.0,0.0,0.375,1
6,22,1,2,4,2.6875,1,1.0,1.6393596310755,0.21739130434782608,0.0,2.75,0
2,0,0,6,0,0.0,0,0.0,0.0,0.0,0.0,0.0,9
7,22,2,2,4,2.6875,1,1.0,1.6393596310755,0.4782608695652174,0.0,2.75,0
3,0,2,6,0,0.0,0,0.0,0.0,6.0,0.0,0.0,5
5,14,0,5,4,2.1875,1,1.0,1.479019945774904,0.0,0.0,1.75,0
4,0,1,6,0,0.0,0,0.0,0.0,2.0,0.0,0.0,8
6,5,3,5,4,1.734375,0,0.8333331944444675,1.3169567191065923,1.5,0.0,0.625,4
3,10,2,5,3,1.6875,1,1.0,1.299038105676658,0.7272727272727273,0.25,1.25,1
2,10,1,5,3,1.6875,1,1.0,1.299038105676658,0.5454545454545454,0.5,1.25,0
8,32,0,0,4,0.0,1,1.0,0.0,0.0,0.0,4.0,0
4,24,0,1,4,3.0,1,1.0,1.7320508075688772,0.0,0.75,3.0,0
7,8,0,4,4,3.0,1,1.0,1.7320508075688772,0.0,0.0,1.0,0
4,12,0,3,4,3.75,1,1.0,1.9364916731037085,0.0,0.375,1.5,0
8,20,0,2,4,3.75,1,1.0,1.9364916731037085,0.0,0.0,2.5,0
3,4,0,5,3,1.0,1,1.0,1.0,0.0,0.125,0.5,0
5,9,0,4,4,2.859375,1,1.0,1.6909686573085854,0.0,0.0,1.125,0
8,16,0,3,4,4.0,1,1.0,2.0,0.0,0.0,2.0,0
1,8,0,4,4,3.0,1,1.0,1.7320508075688772,0.0,0.25,1.0,0
8,24,0,2,4,3.0,1,1.0,1.7320508075688772,0.0,0.0,3.0,0
3,10,0,4,4,2.6875,1,1.0,1.6393596310755,0.0,0.375,1.25,0
8,21,0,2,4,3.234375,1,1.0,1.79843682124227,0.0,0.0,2.625,0
3,26,0,1,4,1.9375,1,1.0,1.3919410907075054,0.0,0.75,3.25,0
5,23,0,2,4,2.359375,1,1.0,1.5360257159305635,0.0,0.0,2.875,0
7,11,0,4,4,3.234375,1,1.0,1.79843682124227,0.0,0.0,1.375,0
6,21,0,2,4,3.234375,1,1.0,1.79843682124227,0.0,0.0,2.625,0
7,23,1,2,4,2.359375,1,1.0,1.5360257159305635,0.20833333333333334,0.0,2.875,0
4,0,0,5,0,0.0,0,0.0,0.0,0.0,0.0,0.0,5
5,0,2,5,0,0.0,0,0.0,0.0,8.0,0.0,0.0,7
3,2,4,6,2,0.4375,0,0.6666664444445185,0.6614378277661477,8.0,0.0,0.25,1
4,0,1,5,0,0.0,0,0.0,0.0,4.0,0.0,0.0,5
7,7,0,4,4,2.359375,1,0.9999998571428775,1.5360257159305635,0.0,0.0,0.875,0
4,8,5,5,4,2.0,1,1.0,1.4142135623730951,3.0,0.125,1.0,9
5,2,3,6,2,0.4375,0,0.399999920000016,0.6614378277661477,6.333333333333333,0.0,0.25,9
8,12,4,3,4,3.0,1,1.0,1.7320508075688772,1.1538461538461537,0.0,1.5,10
2,0,3,5,0,0.0,0,0.0,0.0,13.0,0.0,0.0,3
4,7,8,6,4,1.859375,1,1.0,1.3635890143294642,5.875,0.125,0.875,8
6,2,2,6,2,0.4375,0,0.33333327777778704,0.6614378277661477,4.333333333333333,0.0,0.25,8
2,4,9,5,3,1.0,1,1.0,1.0,9.6,0.125,0.5,2
1,4,10,5,3,1.0,1,1.0,1.0,10.0,0.25,0.5,2
6,0,7,7,0,0.0,0,0.0,0.0,41.0,0.0,0.0,16
4,0,4,7,0,0.0,0,0.0,0.0,23.0,0.0,0.0,10
5,13,9,4,4,1.734375,1,1.0,1.3169567191065923,3.642857142857143,0.0,1.625,11
6,0,5,7,0,0.0,0,0.0,0.0,27.0,0.0,0.0,18
2,0,8,8,0,0.0,0,0.0,0.0,45.0,0.0,0.0,8
6,7,9,6,4,1.859375,1,1.0,1.3635890143294642,6.375,0.0,0.875,18
8,0,6,7,0,0.0,0,0.0,0.0,33.0,0.0,0.0,26
1,0,8,8,0,0.0,0,0.0,0.0,43.0,0.0,0.0,14
5,0,8,6,0,0.0,0,0.0,0.0,43.0,0.0,0.0,32
7,0,9,8,0,0.0,0,0.0,0.0,44.0,0.0,0.0,28
8,10,0,4,4,2.6875,1,1.0,1.6393596310755,0.0,0.0,1.25,0
5,4,11,5,3,1.0,0,0.799999840000032,1.0,10.2,0.0,0.5,31
6,10,2,4,4,2.6875,1,1.0,1.6393596310755,0.9090909090909091,0.0,1.25,2
5,9,0,5,2,0.609375,1,1.0,0.7806247497997998,0.0,0.0,1.125,0
4,14,0,4,4,2.6875,1,1.0,1.6393596310755,0.0,0.25,1.75,0
6,14,1,4,4,2.6875,1,1.0,1.6393596310755,0.26666666666666666,0.0,1.75,0
4,7,0,5,2,0.859375,1,1.0,0.9270248108869579,0.0,0.0,0.875,0
2,10,1,4,4,2.6875,1,1.0,1.6393596310755,0.7272727272727273,0.25,1.25,0
1,8,0,5,3,1.75,1,1.0,1.3228756555322954,0.0,0.375,1.0,0
5,0,1,6,0,0.0,0,0.0,0.0,6.0,0.0,0.0,4
5,7,0,5,2,0.609375,1,1.0,0.7806247497997998,0.0,0.0,0.875,0
8,10,0,5,3,1.1875,1,1.0,1.0897247358851685,0.0,0.0,1.25,0
6,8,0,5,4,1.5,1,1.0,1.224744871391589,0.0,0.0,1.0,0
1,13,0,4,4,1.984375,1,1.0,1.4086784586980805,0.0,0.625,1.625,0
7,12,0,5,4,2.0,1,1.0,1.4142135623730951,0.0,0.0,1.5,0
3,11,0,4,4,2.484375,1,1.0,1.5761900266148114,0.0,0.25,1.375,0
6,29,1,1,4,0.984375,1,1.0,0.9921567416492215,0.03333333333333333,0.0,3.625,0
1,29,0,1,4,0.984375,1,1.0,0.9921567416492215,0.0,1.0,3.625,0
8,31,0,1,4,0.109375,1,1.0,0.33071891388307384,0.0,0.0,3.875,0
4,23,0,2,4,2.859375,1,1.0,1.6909686573085854,0.0,0.625,2.875,0
2,19,0,3,4,3.484375,1,1.0,1.8666480653835098,0.0,0.625,2.375,0
2,32,0,0,4,0.0,1,1.0,0.0,0.0,1.0,4.0,0
8,24,0,3,4,3.0,1,1.0,1.7320508075688772,0.0,0.0,3.0,0
1,14,0,5,4,3.4375,1,1.0,1.8540496217739157,0.0,0.5,1.75,0
1,13,0,6,4,3.484375,1,1.0,1.8666480653835098,0.0,0.5,1.625,0
5,32,1,0,4,0.0,1,1.0,0.0,0.06060606060606061,0.0,4.0,0
2,21,0,6,4,3.234375,1,1.0,1.79843682124227,0.0,0.625,2.625,0
2,16,0,4,4,4.0,1,1.0,2.0,0.0,0.5,2.0,0
1,5,1,7,3,0.984375,1,1.0,0.9921567416492215,1.3333333333333333,0.375,0.625,0
1,25,0,2,4,2.359375,1,1.0,1.5360257159305635,0.0,0.875,3.125,0
8,21,0,5,4,2.734375,1,1.0,1.653594569415369,0.0,0.0,2.625,0
4,14,0,6,4,2.6875,1,1.0,1.6393596310755,0.0,0.25,1.75,0
7,14,1,6,4,2.6875,1,1.0,1.6393596310755,0.26666666666666666,0.0,1.75,0
1,14,0,6,4,3.4375,1,1.0,1.8540496217739157,0.0,0.5,1.75,0
4,21,1,5,4,2.734375,1,1.0,1.653594569415369,0.36363636363636365,0.5,2.625,0
4,6,1,7,3,1.1875,1,1.0,1.0897247358851685,1.1428571428571428,0.0,0.75,0
4,3,3,7,2,0.484375,0,0.7499998125000469,0.6959705453537527,5.5,0.0,0.375,1
8,5,0,7,3,0.984375,0,0.6249999218750099,0.9921567416492215,0.0,0.0,0.625,8
6,2,1,8,2,0.4375,0,0.33333327777778704,0.6614378277661477,2.6666666666666665,0.0,0.25,4
4,4,4,6,2,0.5,1,0.9999997500000625,0.7071067811865476,5.2,0.0,0.5,1
8,2,2,8,2,0.4375,0,0.24999996875000394,0.6614378277661477,4.666666666666667,0.0,0.25,15
8,21,0,2,4,3.234375,1,1.0,1.79843682124227,0.0,0.0,2.625,0
8,19,4,4,4,1.484375,1,1.0,1.2183492931011204,1.3,0.0,2.375,16
3,24,0,1,4,2.25,1,1.0,1.5,0.0,0.75,3.0,0
6,8,0,4,4,3.0,1,1.0,1.7320508075688772,0.0,0.0,1.0,0
3,10,0,4,4,2.1875,1,1.0,1.479019945774904,0.0,0.25,1.25,0
6,18,0,3,4,2.1875,1,1.0,1.479019945774904,0.0,0.0,2.25,0
5,13,0,3,4,3.484375,1,1.0,1.8666480653835098,0.0,0.0,1.625,0
7,25,0,3,4,1.859375,1,1.0,1.3635890143294642,0.0,0.0,3.125,0
1,21,0,2,4,2.734375,1,1.0,1.653594569415369,0.0,0.75,2.625,0
1,20,0,3,4,3.0,1,1.0,1.7320508075688772,0.0,0.75,2.5,0
7,17,0,4,4,3.609375,1,1.0,1.899835519196333,0.0,0.0,2.125,0
2,18,0,4,4,3.1875,1,1.0,1.7853571071357126,0.0,0.625,2.25,0
1,21,0,4,4,3.234375,1,1.0,1.79843682124227,0.0,0.75,2.625,0
8,25,0,3,4,2.359375,1,1.0,1.5360257159305635,0.0,0.0,3.125,0
3,2,0,6,2,0.4375,0,0.6666664444445185,0.6614378277661477,0.0,0.0,0.25,1
4,20,0,5,4,3.75,1,1.0,1.9364916731037085,0.0,0.625,2.5,0
8,10,0,5,4,2.9375,1,1.0,1.713913650100261,0.0,0.0,1.25,0
7,8,0,5,2,1.0,1,1.0,1.0,0.0,0.0,1.0,0
1,1,1,6,1,0.109375,1,0.9999990000010001,0.33071891388307384,2.0,0.125,0.125,0
1,1,4,6,1,0.109375,1,0.9999990000010001,0.33071891388307384,12.5,0.125,0.125,0
7,1,2,6,1,0.109375,0,0.1428571224489825,0.33071891388307384,5.5,0.0,0.125,3
4,8,1,5,2,1.0,1,1.0,1.0,0.7777777777777778,0.0,1.0,6
7,0,1,7,0,0.0,0,0.0,0.0,4.0,0.0,0.0,3
6,12,3,4,4,2.75,1,1.0,1.6583123951777,1.3846153846153846,0.0,1.5,3
7,1,3,6,1,0.109375,0,0.1428571224489825,0.33071891388307384,9.0,0.0,0.125,12
5,1,2,6,1,0.109375,0,0.199999960000008,0.33071891388307384,6.5,0.0,0.125,1
5,0,2,6,0,0.0,0,0.0,0.0,8.0,0.0,0.0,5
3,0,2,7,0,0.0,0,0.0,0.0,12.0,0.0,0.0,6
3,2,1,6,2,0.4375,0,0.6666664444445185,0.6614378277661477,2.3333333333333335,0.0,0.25,2
3,4,2,5,4,1.75,1,1.0,1.3228756555322954,1.2,0.125,0.5,0
1,0,1,6,0,0.0,0,0.0,0.0,7.0,0.0,0.0,2
4,8,0,5,4,2.25,1,1.0,1.5,0.0,0.125,1.0,0
7,0,1,7,0,0.0,0,0.0,0.0,5.0,0.0,0.0,2
6,1,1,7,1,0.109375,0,0.16666663888889352,0.33071891388307384,1.5,0.0,0.125,5
3,3,1,7,2,0.484375,1,0.9999996666667778,0.6959705453537527,1.75,0.0,0.375,0
1,8,1,5,4,2.25,1,1.0,1.5,0.4444444444444444,0.375,1.0,0
7,1,2,7,1,0.109375,0,0.1428571224489825,0.33071891388307384,4.5,0.0,0.125,6
7,2,0,8,2,0.4375,0,0.285714244897965,0.6614378277661477,0.0,0.0,0.25,4
1,3,0,7,3,0.984375,1,1.0,0.9921567416492215,0.0,0.125,0.375,0
3,2,0,8,2,0.4375,0,0.6666664444445185,0.6614378277661477,0.0,0.0,0.25,1
7,11,1,6,4,2.484375,1,1.0,1.5761900266148114,0.5833333333333334,0.0,1.375,2
4,32,0,0,4,0.0,1,1.0,0.0,0.0,1.0,4.0,0
7,28,0,1,4,1.75,1,1.0,1.3228756555322954,0.0,0.0,3.5,0
4,18,0,3,4,3.4375,1,1.0,1.8540496217739157,0.0,0.5,2.25,0
3,21,0,2,4,3.234375,1,1.0,1.79843682124227,0.0,0.625,2.625,0
7,19,1,4,4,2.734375,1,1.0,1.653594569415369,0.25,0.0,2.375,0
5,14,0,4,4,3.4375,1,1.0,1.8540496217739157,0.0,0.0,1.75,0
5,19,0,4,4,2.734375,1,1.0,1.653594569415369,0.0,0.0,2.375,0
1,20,0,3,4,3.0,1,1.0,1.7320508075688772,0.0,0.75,2.5,0
5,21,0,3,4,2.234375,1,1.0,1.4947825928876748,0.0,0.0,2.625,0
4,21,1,3,4,3.234375,1,1.0,1.79843682124227,0.045454545454545456,0.625,2.625,0
2,14,0,4,4,3.4375,1,1.0,1.8540496217739157,0.0,0.5,1.75,0
3,12,0,5,4,3.75,1,1.0,1.9364916731037085,0.0,0.375,1.5,0
1,21,0,3,4,3.234375,1,1.0,1.79843682124227,0.0,0.75,2.625,0
4,5,0,6,4,1.734375,1,1.0,1.3169567191065923,0.0,0.125,0.625,0
8,13,0,5,4,3.484375,1,1.0,1.8666480653835098,0.0,0.0,1.625,0
8,27,0,2,4,1.734375,1,1.0,1.3169567191065923,0.0,0.0,3.375,0
5,19,0,3,4,3.484375,1,1.0,1.8666480653835098,0.0,0.0,2.375,0
2,1,0,7,1,0.109375,0,0.499999750000125,0.33071891388307384,0.0,0.0,0.125,3
3,4,1,6,3,1.0,1,1.0,1.0,0.6,0.125,0.5,1
3,1,1,7,1,0.109375,0,0.33333322222225925,0.33071891388307384,1.0,0.0,0.125,3
4,0,0,9,0,0.0,0,0.0,0.0,0.0,0.0,0.0,1
4,11,1,5,4,2.484375,1,1.0,1.5761900266148114,0.08333333333333333,0.125,1.375,0
6,6,2,7,3,1.6875,1,0.9999998333333611,1.299038105676658,1.1428571428571428,0.0,0.75,1
7,11,2,5,4,2.484375,1,1.0,1.5761900266148114,0.4166666666666667,0.0,1.375,2
5,0,0,10,0,0.0,0,0.0,0.0,0.0,0.0,0.0,2
1,5,1,8,3,1.234375,1,1.0,1.1110243021644486,0.6666666666666666,0.25,0.625,0
1,11,0,5,4,2.484375,1,1.0,1.5761900266148114,0.0,0.5,1.375,0
1,0,2,10,0,0.0,0,0.0,0.0,7.0,0.0,0.0,3
2,0,1,10,0,0.0,0,0.0,0.0,5.0,0.0,0.0,3
1,6,1,7,3,1.6875,1,1.0,1.299038105676658,1.0,0.25,0.75,0
8,21,0,6,4,1.234375,1,1.0,1.1110243021644486,0.0,0.0,2.625,0
2,16,0,7,4,2.0,1,1.0,1.4142135623730951,0.0,0.625,2.0,0
2,9,0,6,4,2.359375,1,1.0,1.5360257159305635,0.0,0.375,1.125,0
2,18,0,6,4,2.4375,1,1.0,1.5612494995995996,0.0,0.625,2.25,0
8,7,0,7,4,2.359375,0,0.8749998906250137,1.5360257159305635,0.0,0.0,0.875,3
5,15,0,7,4,2.859375,1,1.0,1.6909686573085854,0.0,0.0,1.875,0
3,12,1,6,4,2.0,1,1.0,1.4142135623730951,0.23076923076923078,0.25,1.5,0
3,12,0,6,4,2.0,1,1.0,1.4142135623730951,0.0,0.25,1.5,0
2,32,0,0,4,0.0,1,1.0,0.0,0.0,1.0,4.0,0
8,30,0,1,4,0.4375,1,1.0,0.6614378277661477,0.0,0.0,3.75,0
5,22,0,3,4,2.1875,1,1.0,1.479019945774904,0.0,0.0,2.75,0
1,24,0,1,4,2.0,1,1.0,1.4142135623730951,0.0,0.875,3.0,0
1,23,0,2,4,1.859375,1,1.0,1.3635890143294642,0.0,0.875,2.875,0
8,24,1,1,4,2.0,1,1.0,1.4142135623730951,0.04,0.0,3.0,0
5,16,0,5,4,3.25,1,1.0,1.8027756377319946,0.0,0.0,2.0,0
3,17,0,4,4,3.109375,1,1.0,1.7633419974582356,0.0,0.5,2.125,0
3,14,0,5,4,3.4375,1,1.0,1.8540496217739157,0.0,0.375,1.75,0
2,13,0,4,4,2.984375,1,1.0,1.7275343701356567,0.0,0.5,1.625,0
8,19,0,4,4,2.234375,1,1.0,1.4947825928876748,0.0,0.0,2.375,0
3,25,0,2,4,2.359375,1,1.0,1.5360257159305635,0.0,0.75,3.125,0
7,8,1,5,4,3.0,1,1.0,1.7320508075688772,0.1111111111111111,0.0,1.0,0
8,25,1,2,4,2.359375,1,1.0,1.5360257159305635,0.11538461538461539,0.0,3.125,0
1,8,0,5,4,3.0,1,1.0,1.7320508075688772,0.0,0.25,1.0,0
4,32,0,0,4,0.0,1,1.0,0.0,0.0,1.0,4.0,0
3,32,1,0,4,0.0,1,1.0,0.0,0.12121212121212122,1.0,4.0,0
6,14,0,4,4,3.4375,1,1.0,1.8540496217739157,0.0,0.0,1.75,0
7,17,1,3,4,2.609375,1,1.0,1.6153559979150107,0.4444444444444444,0.0,2.125,0
8,17,0,3,4,2.609375,1,1.0,1.6153559979150107,0.0,0.0,2.125,0
6,10,0,5,4,2.1875,1,1.0,1.479019945774904,0.0,0.0,1.25,0
3,2,0,6,1,0.1875,0,0.6666664444445185,0.4330127018922193,0.0,0.0,0.25,2
2,2,2,6,1,0.1875,1,0.99999950000025,0.4330127018922193,1.6666666666666667,0.0,0.25,2
1,17,2,3,4,2.609375,1,1.0,1.6153559979150107,0.8333333333333334,0.75,2.125,0
3,8,2,7,2,0.75,1,1.0,0.8660254037844386,1.6666666666666667,0.0,1.0,7
2,2,1,6,1,0.1875,1,0.99999950000025,0.4330127018922193,1.0,0.0,0.25,0
2,4,0,5,3,1.0,1,1.0,1.0,0.0,0.125,0.5,0
8,0,2,7,0,0.0,0,0.0,0.0,5.0,0.0,0.0,2
7,6,3,6,4,1.9375,0,0.857142734693895,1.3919410907075054,1.8571428571428572,0.0,0.75,3
3,1,1,8,1,0.109375,0,0.33333322222225925,0.33071891388307384,1.5,0.0,0.125,2
8,1,2,8,1,0.109375,0,0.12499998437500197,0.33071891388307384,3.0,0.0,0.125,6
3,24,0,1,4,3.0,1,1.0,1.7320508075688772,0.0,0.75,3.0,0
7,17,0,4,4,3.609375,1,1.0,1.899835519196333,0.0,0.0,2.125,0
8,32,0,0,4,0.0,1,1.0,0.0,0.0,0.0,4.0,0
1,18,0,3,4,3.4375,1,1.0,1.8540496217739157,0.0,0.625,2.25,0
3,10,0,5,4,2.9375,1,1.0,1.713913650100261,0.0,0.25,1.25,0
3,21,0,2,4,3.234375,1,1.0,1.79843682124227,0.0,0.625,2.625,0
5,20,1,3,4,3.0,1,1.0,1.7320508075688772,0.23809523809523808,0.0,2.5,0
3,15,0,5,4,3.609375,1,1.0,1.899835519196333,0.0,0.5,1.875,0
4,16,0,4,4,2.75,1,1.0,1.6583123951777,0.0,0.375,2.0,0
5,20,0,3,4,3.0,1,1.0,1.7320508075688772,0.0,0.0,2.5,0
4,15,0,4,4,2.359375,1,1.0,1.5360257159305635,0.0,0.25,1.875,0
3,16,0,4,4,3.25,1,1.0,1.8027756377319946,0.0,0.5,2.0,0
4,13,0,4,4,2.984375,1,1.0,1.7275343701356567,0.0,0.25,1.625,0
7,13,0,5,4,3.484375,1,1.0,1.8666480653835098,0.0,0.0,1.625,0
7,9,0,5,4,2.359375,1,1.0,1.5360257159305635,0.0,0.0,1.125,0
1,7,0,5,3,1.109375,1,1.0,1.0532687216470449,0.0,0.5,0.875,0
2,10,0,4,4,2.1875,1,1.0,1.479019945774904,0.0,0.375,1.25,0
8,17,0,2,4,2.609375,1,1.0,1.6153559979150107,0.0,0.0,2.125,0
7,13,0,4,4,2.234375,1,1.0,1.4947825928876748,0.0,0.0,1.625,0
8,22,0,3,4,2.1875,1,1.0,1.479019945774904,0.0,0.0,2.75,0
5,5,0,5,4,1.734375,1,0.99999980000004,1.3169567191065923,0.0,0.0,0.625,0
2,7,0,4,4,2.359375,1,1.0,1.5360257159305635,0.0,0.25,0.875,0
4,8,1,5,3,1.25,1,1.0,1.118033988749895,0.6666666666666666,0.0,1.0,2
2,9,0,3,4,2.859375,1,1.0,1.6909686573085854,0.0,0.25,1.125,0
6,5,1,5,4,1.734375,0,0.8333331944444675,1.3169567191065923,0.8333333333333334,0.0,0.625,1
3,18,0,4,4,1.6875,1,1.0,1.299038105676658,0.0,0.375,2.25,0
7,17,0,4,4,2.109375,1,1.0,1.4523687548277813,0.0,0.0,2.125,0
2,10,0,5,4,2.1875,1,1.0,1.479019945774904,0.0,0.375,1.25,0
5,12,2,5,4,2.0,1,1.0,1.4142135623730951,0.8461538461538461,0.0,1.5,1
3,12,1,5,4,2.0,1,1.0,1.4142135623730951,0.6153846153846154,0.25,1.5,0
8,4,1,6,2,0.5,0,0.4999999375000079,0.7071067811865476,1.4,0.0,0.5,5
8,12,0,5,4,2.0,1,1.0,1.4142135623730951,0.0,0.0,1.5,0
7,4,0,6,2,0.5,0,0.57142848979593,0.7071067811865476,0.0,0.0,0.5,4
4,32,0,0,4,0.0,1,1.0,0.0,0.0,1.0,4.0,0
7,22,0,2,4,2.9375,1,1.0,1.713913650100261,0.0,0.0,2.75,0
5,15,0,3,4,3.609375,1,1.0,1.899835519196333,0.0,0.0,1.875,0
6,28,0,1,4,1.75,1,1.0,1.3228756555322954,0.0,0.0,3.5,0
1,10,0,4,4,2.9375,1,1.0,1.713913650100261,0.0,0.375,1.25,0
6,25,0,2,4,1.859375,1,1.0,1.3635890143294642,0.0,0.0,3.125,0
5,20,0,2,4,3.75,1,1.0,1.9364916731037085,0.0,0.0,2.5,0
6,31,0,1,4,0.109375,1,1.0,0.33071891388307384,0.0,0.0,3.875,0
1,15,0,3,4,3.609375,1,1.0,1.899835519196333,0.0,0.5,1.875,0
5,17,0,3,4,3.609375,1,1.0,1.899835519196333,0.0,0.0,2.125,0
8,20,0,3,4,2.75,1,1.0,1.6583123951777,0.0,0.0,2.5,0
7,18,0,3,4,3.4375,1,1.0,1.8540496217739157,0.0,0.0,2.25,0
3,20,0,2,4,2.5,1,1.0,1.5811388300841898,0.0,0.625,2.5,0
5,17,0,2,4,3.109375,1,1.0,1.7633419974582356,0.0,0.0,2.125,0
7,5,1,5,4,1.734375,0,0.7142856122449125,1.3169567191065923,0.16666666666666666,0.0,0.625,1
8,24,0,2,4,1.75,1,1.0,1.3228756555322954,0.0,0.0,3.0,0
1,5,0,5,4,1.734375,1,1.0,1.3169567191065923,0.0,0.25,0.625,0
4,12,4,4,4,2.5,1,1.0,1.5811388300841898,1.6923076923076923,0.25,1.5,0
6,16,0,3,4,3.25,1,1.0,1.8027756377319946,0.0,0.0,2.0,0
7,5,2,5,4,1.734375,0,0.7142856122449125,1.3169567191065923,1.3333333333333333,0.0,0.625,7
5,10,0,4,4,2.9375,1,1.0,1.713913650100261,0.0,0.0,1.25,0
7,0,1,6,0,0.0,0,0.0,0.0,7.0,0.0,0.0,9
8,12,5,4,4,2.5,1,1.0,1.5811388300841898,2.0,0.0,1.5,8
1,0,2,6,0,0.0,0,0.0,0.0,14.0,0.0,0.0,4
1,0,4,7,0,0.0,0,0.0,0.0,24.0,0.0,0.0,4
7,0,3,6,0,0.0,0,0.0,0.0,15.0,0.0,0.0,8
6,0,5,7,0,0.0,0,0.0,0.0,25.0,0.0,0.0,6
4,9,6,5,4,1.859375,1,1.0,1.3635890143294642,3.1,0.125,1.125,10
2,0,3,7,0,0.0,0,0.0,0.0,22.0,0.0,0.0,4
5,9,3,6,4,1.859375,1,1.0,1.3635890143294642,1.8,0.0,1.125,10
2,0,3,7,0,0.0,0,0.0,0.0,14.0,0.0,0.0,2
5,0,2,7,0,0.0,0,0.0,0.0,9.0,0.0,0.0,10
1,0,4,7,0,0.0,0,0.0,0.0,16.0,0.0,0.0,2
7,19,0,2,4,3.484375,1,1.0,1.8666480653835098,0.0,0.0,2.375,0
2,5,0,4,4,1.734375,1,1.0,1.3169567191065923,0.0,0.125,0.625,0
6,32,0,0,4,0.0,1,1.0,0.0,0.0,0.0,4.0,0
7,32,1,0,4,0.0,1,1.0,0.0,0.18181818181818182,0.0,4.0,0
7,19,1,2,4,3.484375,1,1.0,1.8666480653835098,0.35,0.0,2.375,0
4,3,0,5,3,0.984375,0,0.7499998125000469,0.9921567416492215,0.0,0.0,0.375,2
1,3,1,5,3,0.984375,1,1.0,0.9921567416492215,1.0,0.125,0.375,0
3,3,2,5,3,0.984375,1,0.9999996666667778,0.9921567416492215,1.25,0.125,0.375,1
1,8,0,6,3,1.75,1,1.0,1.3228756555322954,0.0,0.375,1.0,0
7,10,0,5,4,2.1875,1,1.0,1.479019945774904,0.0,0.0,1.25,0
6,14,0,5,4,2.4375,1,1.0,1.5612494995995996,0.0,0.0,1.75,0
3,17,0,4,4,2.359375,1,1.0,1.5360257159305635,0.0,0.5,2.125,0
3,7,0,5,4,2.359375,1,1.0,1.5360257159305635,0.0,0.25,0.875,0
8,8,1,6,3,1.75,1,0.9999998750000157,1.3228756555322954,0.1111111111111111,0.0,1.0,3
1,4,0,5,3,1.0,1,1.0,1.0,0.0,0.25,0.5,0
4,4,1,6,4,1.75,1,0.9999997500000625,1.3228756555322954,1.0,0.125,0.5,0
5,0,1,7,0,0.0,0,0.0,0.0,5.0,0.0,0.0,4
6,0,2,7,0,0.0,0,0.0,0.0,10.0,0.0,0.0,6
5,4,0,6,4,1.75,0,0.799999840000032,1.3228756555322954,0.0,0.0,0.5,6
8,12,2,4,4,3.0,1,1.0,1.7320508075688772,0.7692307692307693,0.0,1.5,4
4,3,0,6,2,0.484375,0,0.7499998125000469,0.6959705453537527,0.0,0.0,0.375,4
6,3,1,6,2,0.484375,0,0.49999991666668053,0.6959705453537527,1.0,0.0,0.375,1
2,2,2,6,2,0.4375,1,0.99999950000025,0.6614378277661477,5.333333333333333,0.125,0.25,0
8,2,1,6,2,0.4375,0,0.24999996875000394,0.6614378277661477,2.6666666666666665,0.0,0.25,9
4,17,0,4,4,3.609375,1,1.0,1.899835519196333,0.0,0.5,2.125,0
4,17,1,4,4,3.609375,1,1.0,1.899835519196333,0.2222222222222222,0.5,2.125,0
2,27,0,1,4,1.734375,1,1.0,1.3169567191065923,0.0,0.875,3.375,0
1,27,1,1,4,1.734375,1,1.0,1.3169567191065923,0.07142857142857142,0.875,3.375,0
7,24,0,3,4,3.0,1,1.0,1.7320508075688772,0.0,0.0,3.0,0
3,9,0,6,4,2.859375,1,1.0,1.6909686573085854,0.0,0.25,1.125,0
1,6,0,7,4,1.9375,1,1.0,1.3919410907075054,0.0,0.25,0.75,0
1,5,1,8,3,0.984375,1,1.0,0.9921567416492215,1.3333333333333333,0.375,0.625,0
5,32,0,0,4,0.0,1,1.0,0.0,0.0,0.0,4.0,0
3,4,1,8,4,1.75,1,1.0,1.3228756555322954,1.6,0.125,0.5,0
2,4,1,9,3,1.0,1,1.0,1.0,1.6,0.125,0.5,0
5,9,0,7,4,2.109375,1,1.0,1.4523687548277813,0.0,0.0,1.125,0
8,4,0,8,4,1.75,0,0.4999999375000079,1.3228756555322954,0.0,0.0,0.5,8
2,7,0,7,2,0.859375,1,1.0,0.9270248108869579,0.0,0.375,0.875,0
3,15,1,4,4,2.359375,1,1.0,1.5360257159305635,0.375,0.375,1.875,0
6,15,0,4,4,2.359375,1,1.0,1.5360257159305635,0.0,0.0,1.875,0
7,8,0,5,4,2.0,1,1.0,1.4142135623730951,0.0,0.0,1.0,0
8,32,1,0,4,0.0,1,1.0,0.0,0.18181818181818182,0.0,4.0,0
3,18,0,2,4,3.4375,1,1.0,1.8540496217739157,0.0,0.5,2.25,0
6,32,0,0,4,0.0,1,1.0,0.0,0.0,0.0,4.0,0
6,18,0,2,4,3.4375,1,1.0,1.8540496217739157,0.0,0.0,2.25,0
8,23,0,2,4,1.859375,1,1.0,1.3635890143294642,0.0,0.0,2.875,0
4,11,0,4,4,3.234375,1,1.0,1.79843682124227,0.0,0.25,1.375,0
6,25,0,3,4,1.859375,1,1.0,1.3635890143294642,0.0,0.0,3.125,0
1,18,1,2,4,3.4375,1,1.0,1.8540496217739157,0.3157894736842105,0.625,2.25,0
2,27,0,2,4,1.734375,1,1.0,1.3169567191065923,0.0,0.875,3.375,0
4,13,0,4,4,2.984375,1,1.0,1.7275343701356567,0.0,0.25,1.625,0
4,18,0,4,4,2.6875,1,1.0,1.6393596310755,0.0,0.375,2.25,0
7,19,0,4,4,3.484375,1,1.0,1.8666480653835098,0.0,0.0,2.375,0
2,1,0,7,1,0.109375,0,0.499999750000125,0.33071891388307384,0.0,0.0,0.125,2
3,1,1,7,1,0.109375,0,0.33333322222225925,0.33071891388307384,1.0,0.0,0.125,5
5,1,2,7,1,0.109375,0,0.199999960000008,0.33071891388307384,2.5,0.0,0.125,4
5,18,2,4,4,2.6875,1,1.0,1.6393596310755,0.631578947368421,0.0,2.25,0
8,18,1,4,4,2.6875,1,1.0,1.6393596310755,0.21052631578947367,0.0,2.25,0
5,5,1,6,3,1.234375,1,0.99999980000004,1.1110243021644486,1.0,0.0,0.625,0
4,2,0,6,2,0.4375,0,0.49999987500003124,0.6614378277661477,0.0,0.0,0.25,1
3,4,0,7,3,1.0,1,1.0,1.0,0.0,0.125,0.5,0
8,5,1,7,3,1.234375,0,0.6249999218750099,1.1110243021644486,1.0,0.0,0.625,4
1,2,3,6,1,0.1875,1,1.0,0.4330127018922193,4.666666666666667,0.25,0.25,0
4,5,2,6,3,1.234375,1,1.0,1.1110243021644486,1.8333333333333333,0.0,0.625,6
4,2,2,6,1,0.1875,0,0.49999987500003124,0.4330127018922193,3.3333333333333335,0.0,0.25,7
4,5,1,7,2,0.734375,1,1.0,0.8569568250501305,1.0,0.0,0.625,0
4,4,1,7,3,1.0,1,0.9999997500000625,1.0,1.2,0.0,0.5,0
1,5,2,6,4,1.734375,1,1.0,1.3169567191065923,1.6666666666666667,0.25,0.625,0
6,9,1,5,4,2.359375,1,1.0,1.5360257159305635,0.4,0.0,1.125,12
1,3,0,7,2,0.484375,1,1.0,0.6959705453537527,0.0,0.25,0.375,0
6,12,0,6,3,1.0,1,1.0,1.0,0.0,0.0,1.5,0
7,11,0,5,4,1.984375,1,1.0,1.4086784586980805,0.0,0.0,1.375,0
2,14,0,5,4,1.6875,1,1.0,1.299038105676658,0.0,0.625,1.75,0
6,5,0,7,2,0.734375,0,0.8333331944444675,0.8569568250501305,0.0,0.0,0.625,5
2,10,1,5,4,2.1875,1,1.0,1.479019945774904,0.45454545454545453,0.375,1.25,0
4,15,0,4,4,2.859375,1,1.0,1.6909686573085854,0.0,0.25,1.875,0
5,10,0,5,4,2.1875,1,1.0,1.479019945774904,0.0,0.0,1.25,0
7,22,0,3,4,0.9375,1,1.0,0.9682458365518543,0.0,0.0,2.75,0
3,17,0,4,4,1.359375,1,1.0,1.165922381636102,0.0,0.375,2.125,0
8,7,0,6,4,2.359375,0,0.8749998906250137,1.5360257159305635,0.0,0.0,0.875,1
4,15,1,4,4,2.859375,1,1.0,1.6909686573085854,0.25,0.25,1.875,0
2,9,0,5,4,2.859375,1,1.0,1.6909686573085854,0.0,0.25,1.125,0
2,32,0,0,4,0.0,1,1.0,0.0,0.0,1.0,4.0,0
2,25,0,1,4,1.859375,1,1.0,1.3635890143294642,0.0,0.875,3.125,0
7,30,0,1,4,0.4375,1,1.0,0.6614378277661477,0.0,0.0,3.75,0
3,21,0,3,4,3.234375,1,1.0,1.79843682124227,0.0,0.625,2.625,0
2,23,0,2,4,2.859375,1,1.0,1.6909686573085854,0.0,0.75,2.875,0
7,23,0,3,4,1.359375,1,1.0,1.165922381636102,0.0,0.0,2.875,0
4,18,1,3,4,2.6875,1,1.0,1.6393596310755,0.2631578947368421,0.375,2.25,0
6,20,0,3,4,2.75,1,1.0,1.6583123951777,0.0,0.0,2.5,0
1,14,0,4,4,3.4375,1,1.0,1.8540496217739157,0.0,0.5,1.75,0
5,18,0,3,4,2.6875,1,1.0,1.6393596310755,0.0,0.0,2.25,0
8,20,0,3,4,2.5,1,1.0,1.5811388300841898,0.0,0.0,2.5,0
4,22,0,2,4,2.6875,1,1.0,1.6393596310755,0.0,0.5,2.75,0
2,11,0,4,4,3.234375,1,1.0,1.79843682124227,0.0,0.375,1.375,0
7,26,0,2,4,1.1875,1,1.0,1.0897247358851685,0.0,0.0,3.25,0
8,19,0,3,4,3.484375,1,1.0,1.8666480653835098,0.0,0.0,2.375,0
2,24,0,1,4,1.75,1,1.0,1.3228756555322954,0.0,0.875,3.0,0
4,6,0,6,4,1.9375,1,1.0,1.3919410907075054,0.0,0.125,0.75,0
3,9,0,5,4,2.859375,1,1.0,1.6909686573085854,0.0,0.25,1.125,0
5,2,0,7,2,0.4375,0,0.399999920000016,0.6614378277661477,0.0,0.0,0.25,2
1,17,0,4,4,1.859375,1,1.0,1.3635890143294642,0.0,0.875,2.125,0
6,24,0,2,4,1.25,1,1.0,1.118033988749895,0.0,0.0,3.0,0
6,24,0,3,4,3.0,1,1.0,1.7320508075688772,0.0,0.0,3.0,0
1,24,1,2,4,1.25,1,1.0,1.118033988749895,0.24,1.0,3.0,0
1,24,2,3,4,3.0,1,1.0,1.7320508075688772,0.52,0.75,3.0,0
7,24,1,3,4,3.0,1,1.0,1.7320508075688772,0.24,0.0,3.0,0
4,6,0,6,4,1.9375,1,1.0,1.3919410907075054,0.0,0.125,0.75,0
1,3,0,7,2,0.484375,1,1.0,0.6959705453537527,0.0,0.25,0.375,0
5,11,0,5,4,2.734375,1,1.0,1.653594569415369,0.0,0.0,1.375,0
5,3,0,7,2,0.484375,0,0.599999880000024,0.6959705453537527,0.0,0.0,0.375,4
6,6,1,6,4,1.9375,1,0.9999998333333611,1.3919410907075054,0.5714285714285714,0.0,0.75,2
6,3,1,7,2,0.484375,0,0.49999991666668053,0.6959705453537527,1.25,0.0,0.375,3
4,8,0,6,4,2.0,1,1.0,1.4142135623730951,0.0,0.125,1.0,0
2,5,0,6,2,0.734375,1,1.0,0.8569568250501305,0.0,0.25,0.625,0
1,14,3,5,4,2.4375,1,1.0,1.5612494995995996,1.2666666666666666,0.625,1.75,0
8,3,2,7,2,0.484375,0,0.3749999531250059,0.6959705453537527,2.75,0.0,0.375,6
2,32,0,0,4,0.0,1,1.0,0.0,0.0,1.0,4.0,0
1,30,0,1,4,0.4375,1,1.0,0.6614378277661477,0.0,1.0,3.75,0
6,31,0,1,4,0.109375,1,1.0,0.33071891388307384,0.0,0.0,3.875,0
2,13,0,3,4,3.484375,1,1.0,1.8666480653835098,0.0,0.375,1.625,0
8,20,0,3,4,3.75,1,1.0,1.9364916731037085,0.0,0.0,2.5,0
5,11,0,4,4,3.234375,1,1.0,1.79843682124227,0.0,0.0,1.375,0
5,25,0,2,4,2.359375,1,1.0,1.5360257159305635,0.0,0.0,3.125,0
8,6,0,5,4,1.9375,0,0.7499999062500118,1.3919410907075054,0.0,0.0,0.75,2
3,2,0,7,2,0.4375,0,0.6666664444445185,0.6614378277661477,0.0,0.0,0.25,1
4,6,0,6,4,1.6875,1,1.0,1.299038105676658,0.0,0.125,0.75,0
2,14,0,3,4,3.1875,1,1.0,1.7853571071357126,0.0,0.375,1.75,0
8,11,0,6,4,2.734375,1,1.0,1.653594569415369,0.0,0.0,1.375,0
1,7,0,5,4,1.859375,1,1.0,1.3635890143294642,0.0,0.375,0.875,0
5,12,0,4,4,3.0,1,1.0,1.7320508075688772,0.0,0.0,1.5,0
6,17,0,5,4,3.109375,1,1.0,1.7633419974582356,0.0,0.0,2.125,0
4,10,0,5,4,2.6875,1,1.0,1.6393596310755,0.0,0.25,1.25,0
3,17,0,3,4,2.109375,1,1.0,1.4523687548277813,0.0,0.375,2.125,0
2,32,0,0,4,0.0,1,1.0,0.0,0.0,1.0,4.0,0
7,30,0,1,4,0.4375,1,1.0,0.6614378277661477,0.0,0.0,3.75,0
3,25,0,1,4,1.859375,1,1.0,1.3635890143294642,0.0,0.75,3.125,0
8,13,0,4,4,3.484375,1,1.0,1.8666480653835098,0.0,0.0,1.625,0
2,13,1,4,4,3.484375,1,1.0,1.8666480653835098,0.5714285714285714,0.375,1.625,0
7,22,0,2,4,2.9375,1,1.0,1.713913650100261,0.0,0.0,2.75,0
2,22,1,2,4,2.9375,1,1.0,1.713913650100261,0.30434782608695654,0.75,2.75,0
2,3,0,6,3,0.984375,1,1.0,0.9921567416492215,0.0,0.125,0.375,0
7,1,3,7,1,0.109375,0,0.1428571224489825,0.33071891388307384,6.5,0.0,0.125,6
7,12,2,6,4,1.75,1,1.0,1.3228756555322954,1.0,0.0,1.5,5
3,1,0,7,1,0.109375,0,0.33333322222225925,0.33071891388307384,0.0,0.0,0.125,7
4,1,1,7,1,0.109375,0,0.24999993750001562,0.33071891388307384,1.5,0.0,0.125,7
6,1,2,7,1,0.109375,0,0.16666663888889352,0.33071891388307384,3.5,0.0,0.125,7
8,5,1,5,4,1.734375,0,0.6249999218750099,1.3169567191065923,0.5,0.0,0.625,3
7,12,0,4,4,2.75,1,1.0,1.6583123951777,0.0,0.0,1.5,0
3,5,0,5,4,1.734375,1,1.0,1.3169567191065923,0.0,0.125,0.625,0
1,2,1,6,2,0.4375,1,1.0,0.6614378277661477,2.6666666666666665,0.125,0.25,0
4,32,0,0,4,0.0,1,1.0,0.0,0.0,1.0,4.0,0
1,32,0,0,4,0.0,1,1.0,0.0,0.0,1.0,4.0,0
8,22,0,4,4,2.9375,1,1.0,1.713913650100261,0.0,0.0,2.75,0
2,31,1,1,4,0.109375,1,1.0,0.33071891388307384,0.0625,1.0,3.875,0
2,31,0,1,4,0.109375,1,1.0,0.33071891388307384,0.0,1.0,3.875,0
8,14,0,6,4,3.4375,1,1.0,1.8540496217739157,0.0,0.0,1.75,0
5,27,0,3,4,1.734375,1,1.0,1.3169567191065923,0.0,0.0,3.375,0
5,20,0,4,4,2.5,1,1.0,1.5811388300841898,0.0,0.0,2.5,0
1,20,1,4,4,2.5,1,1.0,1.5811388300841898,0.23809523809523808,0.875,2.5,0
4,22,0,4,4,2.9375,1,1.0,1.713913650100261,0.0,0.625,2.75,0
1,23,0,3,4,2.359375,1,1.0,1.5360257159305635,0.0,0.875,2.875,0
2,21,0,2,4,3.234375,1,1.0,1.79843682124227,0.0,0.625,2.625,0
3,23,0,2,4,2.859375,1,1.0,1.6909686573085854,0.0,0.75,2.875,0
8,31,0,1,4,0.109375,1,1.0,0.33071891388307384,0.0,0.0,3.875,0
2,15,1,4,4,3.609375,1,1.0,1.899835519196333,0.0625,0.5,1.875,0
6,12,0,6,4,3.75,1,1.0,1.9364916731037085,0.0,0.0,1.5,0
3,8,0,6,4,1.75,1,1.0,1.3228756555322954,0.0,0.125,1.0,0
4,19,0,3,4,3.484375,1,1.0,1.8666480653835098,0.0,0.5,2.375,0
1,15,0,4,4,3.609375,1,1.0,1.899835519196333,0.0,0.5,1.875,0
3,16,0,5,4,3.25,1,1.0,1.8027756377319946,0.0,0.5,2.0,0
5,13,0,6,4,3.484375,1,1.0,1.8666480653835098,0.0,0.0,1.625,0
2,22,0,2,4,2.9375,1,1.0,1.713913650100261,0.0,0.75,2.75,0
5,27,0,1,4,1.734375,1,1.0,1.3169567191065923,0.0,0.0,3.375,0
1,4,0,5,4,1.75,1,1.0,1.3228756555322954,0.0,0.125,0.5,0
8,20,1,3,4,3.75,1,1.0,1.9364916731037085,0.38095238095238093,0.0,2.5,0
8,4,0,6,3,1.0,0,0.4999999375000079,1.0,0.0,0.0,0.5,2
8,20,0,3,4,3.75,1,1.0,1.9364916731037085,0.0,0.0,2.5,0
4,3,0,6,3,0.984375,0,0.7499998125000469,0.9921567416492215,0.0,0.0,0.375,2
7,25,0,1,4,2.359375,1,1.0,1.5360257159305635,0.0,0.0,3.125,0
7,32,0,0,4,0.0,1,1.0,0.0,0.0,0.0,4.0,0
8,18,0,2,4,3.4375,1,1.0,1.8540496217739157,0.0,0.0,2.25,0
1,24,0,1,4,2.0,1,1.0,1.4142135623730951,0.0,0.875,3.0,0
8,10,0,3,4,2.9375,1,1.0,1.713913650100261,0.0,0.0,1.25,0
8,23,0,2,4,1.859375,1,1.0,1.3635890143294642,0.0,0.0,2.875,0
7,9,0,4,4,1.859375,1,1.0,1.3635890143294642,0.0,0.0,1.125,0
8,3,0,4,2,0.484375,0,0.3749999531250059,0.6959705453537527,0.0,0.0,0.375,2
6,15,0,3,4,2.609375,1,1.0,1.6153559979150107,0.0,0.0,1.875,0
4,18,0,2,4,3.1875,1,1.0,1.7853571071357126,0.0,0.5,2.25,0
2,22,3,2,4,2.9375,1,1.0,1.713913650100261,0.5217391304347826,0.75,2.75,0
4,22,1,2,4,2.9375,1,1.0,1.713913650100261,0.043478260869565216,0.625,2.75,0
5,14,0,5,4,2.1875,1,1.0,1.479019945774904,0.0,0.0,1.75,0
2,14,0,5,4,3.1875,1,1.0,1.7853571071357126,0.0,0.5,1.75,0
7,22,2,2,4,2.9375,1,1.0,1.713913650100261,0.21739130434782608,0.0,2.75,0
7,9,0,6,4,2.859375,1,1.0,1.6909686573085854,0.0,0.0,1.125,0
1,22,0,2,4,2.9375,1,1.0,1.713913650100261,0.0,0.75,2.75,0
4,14,1,5,4,3.1875,1,1.0,1.7853571071357126,0.13333333333333333,0.25,1.75,0
8,12,0,4,3,1.5,1,1.0,1.224744871391589,0.0,0.0,1.5,0
8,6,0,6,3,1.1875,0,0.7499999062500118,1.0897247358851685,0.0,0.0,0.75,1
4,4,0,6,2,0.5,1,0.9999997500000625,0.7071067811865476,0.0,0.0,0.5,0
7,8,0,5,4,2.25,1,1.0,1.5,0.0,0.0,1.0,0
3,4,0,5,2,0.75,1,1.0,0.8660254037844386,0.0,0.0,0.5,0
2,14,0,3,3,1.1875,1,1.0,1.0897247358851685,0.0,0.5,1.75,0
1,4,1,6,2,0.5,1,1.0,0.7071067811865476,0.8,0.375,0.5,1
3,12,0,4,3,1.25,1,1.0,1.118033988749895,0.0,0.25,1.5,0
5,9,0,5,3,1.109375,1,1.0,1.0532687216470449,0.0,0.0,1.125,0
1,7,0,7,2,0.609375,1,1.0,0.7806247497997998,0.0,0.625,0.875,0
2,6,1,8,2,0.4375,1,1.0,0.6614378277661477,1.1428571428571428,0.125,0.75,0
8,6,0,8,2,0.4375,0,0.7499999062500118,0.6614378277661477,0.0,0.0,0.75,2
2,2,1,7,2,0.4375,1,0.99999950000025,0.6614378277661477,2.0,0.125,0.25,0
2,2,2,7,2,0.4375,1,0.99999950000025,0.6614378277661477,4.333333333333333,0.125,0.25,0
8,7,0,8,4,1.859375,0,0.8749998906250137,1.3635890143294642,0.0,0.0,0.875,1
3,10,1,7,4,2.6875,1,1.0,1.6393596310755,0.7272727272727273,0.375,1.25,2
6,8,1,6,3,1.75,1,1.0,1.3228756555322954,0.6666666666666666,0.0,1.0,7
6,2,0,7,2,0.4375,0,0.33333327777778704,0.6614378277661477,0.0,0.0,0.25,5
7,2,1,7,2,0.4375,0,0.285714244897965,0.6614378277661477,2.0,0.0,0.25,6
1,32,0,0,4,0.0,1,1.0,0.0,0.0,1.0,4.0,0
2,26,0,2,4,1.9375,1,1.0,1.3919410907075054,0.0,0.875,3.25,0
7,24,0,3,4,3.0,1,1.0,1.7320508075688772,0.0,0.0,3.0,0
1,14,2,4,4,3.4375,1,1.0,1.8540496217739157,0.3333333333333333,0.5,1.75,0
2,14,1,4,4,3.4375,1,1.0,1.8540496217739157,0.2,0.5,1.75,0
1,18,0,3,4,3.1875,1,1.0,1.7853571071357126,0.0,0.75,2.25,0
5,31,0,1,4,0.109375,1,1.0,0.33071891388307384,0.0,0.0,3.875,0
2,15,1,6,4,3.609375,1,1.0,1.899835519196333,0.0625,0.5,1.875,0
6,12,0,8,4,3.0,1,1.0,1.7320508075688772,0.0,0.0,1.5,0
3,14,0,4,4,3.4375,1,1.0,1.8540496217739157,0.0,0.375,1.75,0
5,19,0,3,4,2.984375,1,1.0,1.7275343701356567,0.0,0.0,2.375,0
1,15,0,6,4,3.609375,1,1.0,1.899835519196333,0.0,0.5,1.875,0
4,3,2,8,3,0.984375,0,0.7499998125000469,0.9921567416492215,2.75,0.0,0.375,3
4,3,3,8,3,0.984375,0,0.7499998125000469,0.9921567416492215,3.75,0.0,0.375,4
5,4,5,7,3,1.0,0,0.799999840000032,1.0,4.6,0.0,0.5,8
6,6,0,9,4,1.9375,1,0.9999998333333611,1.3919410907075054,0.0,0.0,0.75,0
4,3,1,8,3,0.984375,0,0.7499998125000469,0.9921567416492215,1.75,0.0,0.375,3
4,3,4,8,3,0.984375,0,0.7499998125000469,0.9921567416492215,4.75,0.0,0.375,6
7,3,0,8,3,0.984375,0,0.4285713673469475,0.9921567416492215,0.0,0.0,0.375,5
5,3,1,6,1,0.234375,0,0.599999880000024,0.4841229182759271,1.25,0.0,0.375,7
7,2,1,6,1,0.1875,0,0.285714244897965,0.4330127018922193,1.6666666666666667,0.0,0.25,4
3,3,2,5,3,0.984375,1,0.9999996666667778,0.9921567416492215,2.5,0.125,0.375,0
5,3,1,5,3,0.984375,0,0.599999880000024,0.9921567416492215,1.25,0.0,0.375,5
6,9,0,4,4,2.109375,1,1.0,1.4523687548277813,0.0,0.0,1.125,0
4,0,0,7,0,0.0,0,0.0,0.0,0.0,0.0,0.0,1
5,9,1,4,4,2.109375,1,1.0,1.4523687548277813,0.6,0.0,1.125,6
3,6,0,5,3,0.9375,1,1.0,0.9682458365518543,0.0,0.125,0.75,0
3,3,0,6,1,0.234375,1,0.9999996666667778,0.4841229182759271,0.0,0.0,0.375,0
8,16,1,3,4,4.0,1,1.0,2.0,0.23529411764705882,0.0,2.0,0
3,32,0,0,4,0.0,1,1.0,0.0,0.0,1.0,4.0,0
6,4,0,5,4,1.75,0,0.6666665555555741,1.3228756555322954,0.0,0.0,0.5,4
8,29,0,1,4,0.984375,1,1.0,0.9921567416492215,0.0,0.0,3.625,0
6,12,1,4,4,3.75,1,1.0,1.9364916731037085,0.46153846153846156,0.0,1.5,0
5,21,0,2,4,3.234375,1,1.0,1.79843682124227,0.0,0.0,2.625,0
4,16,0,3,4,4.0,1,1.0,2.0,0.0,0.5,2.0,0
6,0,0,6,0,0.0,0,0.0,0.0,0.0,0.0,0.0,1
6,17,1,3,4,2.359375,1,1.0,1.5360257159305635,0.2777777777777778,0.0,2.125,0
4,3,0,5,3,0.984375,0,0.7499998125000469,0.9921567416492215,0.0,0.0,0.375,1
5,17,0,3,4,2.359375,1,1.0,1.5360257159305635,0.0,0.0,2.125,0
5,5,0,5,3,1.234375,1,0.99999980000004,1.1110243021644486,0.0,0.0,0.625,0
6,17,0,3,4,3.109375,1,1.0,1.7633419974582356,0.0,0.0,2.125,0
2,25,0,1,4,2.359375,1,1.0,1.5360257159305635,0.0,0.75,3.125,0
5,23,0,2,4,2.859375,1,1.0,1.6909686573085854,0.0,0.0,2.875,0
7,32,0,0,4,0.0,1,1.0,0.0,0.0,0.0,4.0,0
8,20,0,2,4,2.5,1,1.0,1.5811388300841898,0.0,0.0,2.5,0
1,17,0,2,4,3.109375,1,1.0,1.7633419974582356,0.0,0.625,2.125,0
4,31,0,1,4,0.109375,1,1.0,0.33071891388307384,0.0,0.875,3.875,0
2,16,0,4,4,3.25,1,1.0,1.8027756377319946,0.0,0.5,2.0,0
3,23,0,3,4,2.859375,1,1.0,1.6909686573085854,0.0,0.75,2.875,0
5,23,1,3,4,2.859375,1,1.0,1.6909686573085854,0.125,0.0,2.875,0
1,18,0,4,4,3.4375,1,1.0,1.8540496217739157,0.0,0.625,2.25,0
4,27,0,2,4,1.734375,1,1.0,1.3169567191065923,0.0,0.75,3.375,0
4,22,0,3,4,2.6875,1,1.0,1.6393596310755,0.0,0.5,2.75,0
6,24,0,2,4,2.25,1,1.0,1.5,0.0,0.0,3.0,0
8,19,0,2,4,2.734375,1,1.0,1.653594569415369,0.0,0.0,2.375,0
2,4,0,4,4,1.75,1,1.0,1.3228756555322954,0.0,0.125,0.5,0
7,18,0,3,4,3.4375,1,1.0,1.8540496217739157,0.0,0.0,2.25,0
6,15,1,3,4,3.109375,1,1.0,1.7633419974582356,0.3125,0.0,1.875,0
3,16,0,3,4,3.0,1,1.0,1.7320508075688772,0.0,0.375,2.0,0
5,3,0,6,3,0.984375,0,0.599999880000024,0.9921567416492215,0.0,0.0,0.375,1
7,11,0,3,4,3.234375,1,1.0,1.79843682124227,0.0,0.0,1.375,0
5,0,1,7,0,0.0,0,0.0,0.0,3.0,0.0,0.0,3
4,4,0,6,3,1.0,1,0.9999997500000625,1.0,0.0,0.0,0.5,0
1,3,3,6,3,0.984375,1,1.0,0.9921567416492215,3.5,0.125,0.375,4
5,4,0,5,4,1.75,0,0.799999840000032,1.3228756555322954,0.0,0.0,0.5,1
5,15,0,3,4,3.109375,1,1.0,1.7633419974582356,0.0,0.0,1.875,0
3,11,1,4,4,2.734375,1,1.0,1.653594569415369,0.4166666666666667,0.25,1.375,0
3,5,1,7,4,1.734375,1,1.0,1.3169567191065923,1.0,0.125,0.625,0
3,0,0,7,0,0.0,0,0.0,0.0,0.0,0.0,0.0,2
6,0,2,7,0,0.0,0,0.0,0.0,8.0,0.0,0.0,5
4,6,1,6,3,1.1875,1,1.0,1.0897247358851685,0.7142857142857143,0.0,0.75,2
6,0,2,7,0,0.0,0,0.0,0.0,7.0,0.0,0.0,9
5,1,0,7,1,0.109375,0,0.199999960000008,0.33071891388307384,0.0,0.0,0.125,1
4,5,0,6,2,0.484375,1,1.0,0.6959705453537527,0.0,0.0,0.625,0
3,4,0,6,3,1.0,1,1.0,1.0,0.0,0.125,0.5,0
3,32,0,0,4,0.0,1,1.0,0.0,0.0,1.0,4.0,0
8,23,0,3,4,2.859375,1,1.0,1.6909686573085854,0.0,0.0,2.875,0
4,32,2,0,4,0.0,1,1.0,0.0,0.15151515151515152,1.0,4.0,0
1,15,0,4,4,3.609375,1,1.0,1.899835519196333,0.0,0.5,1.875,0
7,29,0,2,4,0.234375,1,1.0,0.4841229182759271,0.0,0.0,3.625,0
2,32,1,0,4,0.0,1,1.0,0.0,0.09090909090909091,1.0,4.0,0
1,32,0,0,4,0.0,1,1.0,0.0,0.0,1.0,4.0,0
5,25,0,2,4,2.359375,1,1.0,1.5360257159305635,0.0,0.0,3.125,0
1,12,0,4,4,3.75,1,1.0,1.9364916731037085,0.0,0.375,1.5,0
6,31,0,1,4,0.109375,1,1.0,0.33071891388307384,0.0,0.0,3.875,0
8,25,1,2,4,2.359375,1,1.0,1.5360257159305635,0.19230769230769232,0.0,3.125,0
4,17,0,2,4,2.859375,1,1.0,1.6909686573085854,0.0,0.375,2.125,0
7,12,0,4,4,3.0,1,1.0,1.7320508075688772,0.0,0.0,1.5,0
6,17,0,2,4,2.859375,1,1.0,1.6909686573085854,0.0,0.0,2.125,0
3,23,1,2,4,2.859375,1,1.0,1.6909686573085854,0.20833333333333334,0.75,2.875,0
8,25,0,1,4,1.609375,1,1.0,1.2686114456365274,0.0,0.0,3.125,0
5,23,0,2,4,2.859375,1,1.0,1.6909686573085854,0.0,0.0,2.875,0
8,23,2,2,4,2.859375,1,1.0,1.6909686573085854,0.3333333333333333,0.0,2.875,0
7,3,0,6,3,0.984375,0,0.4285713673469475,0.9921567416492215,0.0,0.0,0.375,8
1,24,0,1,4,2.25,1,1.0,1.5,0.0,0.875,3.0,0
4,7,0,5,4,2.359375,1,1.0,1.5360257159305635,0.0,0.125,0.875,0
1,1,6,8,1,0.109375,1,0.9999990000010001,0.33071891388307384,15.0,0.125,0.125,0
2,1,7,8,1,0.109375,0,0.499999750000125,0.33071891388307384,15.5,0.0,0.125,2
4,3,1,6,3,0.984375,0,0.7499998125000469,0.9921567416492215,1.75,0.0,0.375,4
2,1,3,7,1,0.109375,0,0.499999750000125,0.33071891388307384,6.5,0.0,0.125,9
2,10,2,5,4,2.1875,1,1.0,1.479019945774904,1.3636363636363635,0.375,1.25,0
3,0,5,8,0,0.0,0,0.0,0.0,24.0,0.0,0.0,11
1,1,1,7,1,0.109375,1,0.9999990000010001,0.33071891388307384,4.0,0.125,0.125,0
4,1,2,7,1,0.109375,0,0.24999993750001562,0.33071891388307384,4.5,0.0,0.125,2
1,1,5,10,1,0.109375,1,0.9999990000010001,0.33071891388307384,16.0,0.125,0.125,0
8,3,2,6,3,0.984375,0,0.3749999531250059,0.9921567416492215,2.75,0.0,0.375,15
3,0,3,8,0,0.0,0,0.0,0.0,14.0,0.0,0.0,8
1,5,5,9,4,1.734375,1,1.0,1.3169567191065923,5.333333333333333,0.25,0.625,0
1,1,5,11,1,0.109375,1,0.9999990000010001,0.33071891388307384,17.0,0.125,0.125,0
8,9,6,7,4,2.109375,1,1.0,1.4523687548277813,3.0,0.0,1.125,24
2,0,6,12,0,0.0,0,0.0,0.0,41.0,0.0,0.0,2
7,0,4,8,0,0.0,0,0.0,0.0,17.0,0.0,0.0,23
5,1,4,11,1,0.109375,0,0.199999960000008,0.33071891388307384,14.5,0.0,0.125,4
7,9,5,7,4,2.109375,1,1.0,1.4523687548277813,2.3,0.0,1.125,23
7,0,4,11,0,0.0,0,0.0,0.0,25.0,0.0,0.0,27
7,0,5,12,0,0.0,0,0.0,0.0,34.0,0.0,0.0,25
2,32,0,0,4,0.0,1,1.0,0.0,0.0,1.0,4.0,0
7,10,0,4,4,2.9375,1,1.0,1.713913650100261,0.0,0.0,1.25,0
8,26,0,2,4,1.9375,1,1.0,1.3919410907075054,0.0,0.0,3.25,0
4,30,0,1,4,0.4375,1,1.0,0.6614378277661477,0.0,0.875,3.75,0
8,18,0,3,4,3.4375,1,1.0,1.8540496217739157,0.0,0.0,2.25,0
7,10,0,5,4,1.6875,1,1.0,1.299038105676658,0.0,0.0,1.25,0
1,3,0,5,3,0.984375,1,1.0,0.9921567416492215,0.0,0.125,0.375,0
3,2,0,6,2,0.4375,0,0.6666664444445185,0.6614378277661477,0.0,0.0,0.25,7
2,2,1,6,2,0.4375,1,0.99999950000025,0.6614378277661477,1.0,0.125,0.25,0
6,3,0,6,2,0.484375,0,0.49999991666668053,0.6959705453537527,0.0,0.0,0.375,1
3,5,0,6,2,0.734375,1,1.0,0.8569568250501305,0.0,0.0,0.625,0
8,18,0,4,4,2.1875,1,1.0,1.479019945774904,0.0,0.0,2.25,0
1,6,1,6,3,1.1875,1,1.0,1.0897247358851685,1.1428571428571428,0.375,0.75,0
8,6,0,6,3,1.1875,0,0.7499999062500118,1.0897247358851685,0.0,0.0,0.75,3
4,2,0,7,1,0.1875,0,0.49999987500003124,0.4330127018922193,0.0,0.0,0.25,1
8,11,0,7,4,1.734375,1,1.0,1.3169567191065923,0.0,0.0,1.375,0
2,0,0,7,0,0.0,0,0.0,0.0,0.0,0.0,0.0,2
3,0,1,7,0,0.0,0,0.0,0.0,2.0,0.0,0.0,2
5,4,0,7,3,1.0,0,0.799999840000032,1.0,0.0,0.0,0.5,3
8,4,1,7,3,1.0,0,0.4999999375000079,1.0,1.0,0.0,0.5,7
2,8,1,6,3,1.25,1,1.0,1.118033988749895,0.8888888888888888,0.375,1.0,4
1,0,2,7,0,0.0,0,0.0,0.0,5.0,0.0,0.0,1
3,32,1,0,4,0.0,1,1.0,0.0,0.06060606060606061,1.0,4.0,0
2,23,2,3,4,2.859375,1,1.0,1.6909686573085854,0.16666666666666666,0.75,2.875,0
4,27,0,2,4,1.734375,1,1.0,1.3169567191065923,0.0,0.75,3.375,0
2,32,0,0,4,0.0,1,1.0,0.0,0.0,1.0,4.0,0
1,23,1,3,4,2.859375,1,1.0,1.6909686573085854,0.125,0.75,2.875,0
3,23,0,3,4,2.859375,1,1.0,1.6909686573085854,0.0,0.75,2.875,0
7,16,0,6,4,3.0,1,1.0,1.7320508075688772,0.0,0.0,2.0,0
3,6,1,6,4,1.6875,1,1.0,1.299038105676658,0.8571428571428571,0.125,0.75,2
3,17,0,6,4,3.609375,1,1.0,1.899835519196333,0.0,0.5,2.125,0
3,8,0,6,4,2.0,1,1.0,1.4142135623730951,0.0,0.125,1.0,0
7,13,0,6,4,2.734375,1,1.0,1.653594569415369,0.0,0.0,1.625,0
3,19,0,5,4,1.984375,1,1.0,1.4086784586980805,0.0,0.375,2.375,0
4,6,3,6,4,1.6875,1,1.0,1.299038105676658,1.4285714285714286,0.125,0.75,6
4,0,4,7,0,0.0,0,0.0,0.0,15.0,0.0,0.0,6
1,6,2,6,4,1.6875,1,1.0,1.299038105676658,1.2857142857142858,0.375,0.75,6
7,6,4,6,4,1.6875,0,0.857142734693895,1.299038105676658,2.0,0.0,0.75,12
6,8,1,6,4,2.0,1,1.0,1.4142135623730951,0.3333333333333333,0.0,1.0,1
1,0,5,7,0,0.0,0,0.0,0.0,24.0,0.0,0.0,2
8,0,4,7,0,0.0,0,0.0,0.0,16.0,0.0,0.0,13
6,0,2,9,0,0.0,0,0.0,0.0,15.0,0.0,0.0,1
8,7,2,7,3,1.109375,0,0.8749998906250137,1.0532687216470449,1.875,0.0,0.875,7
1,32,0,0,4,0.0,1,1.0,0.0,0.0,1.0,4.0,0
8,31,0,1,4,0.109375,1,1.0,0.33071891388307384,0.0,0.0,3.875,0
4,23,0,2,4,2.859375,1,1.0,1.6909686573085854,0.0,0.625,2.875,0
5,19,0,3,4,3.484375,1,1.0,1.8666480653835098,0.0,0.0,2.375,0
7,14,0,4,4,3.4375,1,1.0,1.8540496217739157,0.0,0.0,1.75,0
8,8,0,4,4,2.25,1,0.9999998750000157,1.5,0.0,0.0,1.0,0
7,8,0,4,4,2.25,1,1.0,1.5,0.0,0.0,1.0,0
6,10,0,3,4,2.9375,1,1.0,1.713913650100261,0.0,0.0,1.25,0
5,19,0,2,4,2.984375,1,1.0,1.7275343701356567,0.0,0.0,2.375,0
4,14,0,3,4,3.4375,1,1.0,1.8540496217739157,0.0,0.375,1.75,0
6,21,0,2,4,2.734375,1,1.0,1.653594569415369,0.0,0.0,2.625,0
7,21,0,2,4,2.234375,1,1.0,1.4947825928876748,0.0,0.0,2.625,0
7,9,0,5,4,1.859375,1,1.0,1.3635890143294642,0.0,0.0,1.125,0
1,10,0,4,4,2.9375,1,1.0,1.713913650100261,0.0,0.375,1.25,0
2,9,0,5,3,1.609375,1,1.0,1.2686114456365274,0.0,0.375,1.125,0
2,21,0,4,4,2.234375,1,1.0,1.4947825928876748,0.0,0.75,2.625,0
3,2,0,6,2,0.4375,0,0.6666664444445185,0.6614378277661477,0.0,0.0,0.25,1
5,9,0,5,4,2.859375,1,1.0,1.6909686573085854,0.0,0.0,1.125,0
8,20,0,4,4,2.75,1,1.0,1.6583123951777,0.0,0.0,2.5,0
7,14,1,4,4,2.4375,1,1.0,1.5612494995995996,0.13333333333333333,0.0,1.75,0
2,14,0,4,4,2.4375,1,1.0,1.5612494995995996,0.0,0.625,1.75,0
5,10,0,4,4,1.9375,1,1.0,1.3919410907075054,0.0,0.0,1.25,0
3,4,0,6,4,1.75,1,1.0,1.3228756555322954,0.0,0.125,0.5,0
1,14,0,5,4,3.1875,1,1.0,1.7853571071357126,0.0,0.625,1.75,0
5,20,1,5,4,2.0,1,1.0,1.4142135623730951,0.047619047619047616,0.0,2.5,0
1,5,0,5,4,1.734375,1,1.0,1.3169567191065923,0.0,0.25,0.625,0
2,22,0,4,4,1.1875,1,1.0,1.0897247358851685,0.0,0.875,2.75,0
1,20,0,5,4,2.0,1,1.0,1.4142135623730951,0.0,0.875,2.5,0
2,10,2,8,4,2.1875,1,1.0,1.479019945774904,0.7272727272727273,0.375,1.25,0
5,14,0,7,4,2.1875,1,1.0,1.479019945774904,0.0,0.0,1.75,0
4,14,0,7,4,2.6875,1,1.0,1.6393596310755,0.0,0.25,1.75,0
6,10,0,8,4,2.1875,1,1.0,1.479019945774904,0.0,0.0,1.25,0
6,6,1,9,3,1.1875,1,0.9999998333333611,1.0897247358851685,1.0,0.0,0.75,0
2,10,1,8,4,2.1875,1,1.0,1.479019945774904,0.5454545454545454,0.375,1.25,0
3,0,0,11,0,0.0,0,0.0,0.0,0.0,0.0,0.0,1
3,1,2,9,1,0.109375,0,0.33333322222225925,0.33071891388307384,6.0,0.0,0.125,3
5,1,1,9,1,0.109375,0,0.199999960000008,0.33071891388307384,3.5,0.0,0.125,12
1,0,4,9,0,0.0,0,0.0,0.0,21.0,0.0,0.0,1
7,6,0,9,3,1.1875,0,0.857142734693895,1.0897247358851685,0.0,0.0,0.75,14
4,1,4,9,1,0.109375,0,0.24999993750001562,0.33071891388307384,10.0,0.0,0.125,11
3,0,5,9,0,0.0,0,0.0,0.0,22.0,0.0,0.0,13
5,1,3,9,1,0.109375,0,0.199999960000008,0.33071891388307384,7.5,0.0,0.125,11
7,32,0,0,4,0.0,1,1.0,0.0,0.0,0.0,4.0,0
6,14,0,4,4,3.4375,1,1.0,1.8540496217739157,0.0,0.0,1.75,0
2,19,0,2,4,3.484375,1,1.0,1.8666480653835098,0.0,0.625,2.375,0
6,32,1,0,4,0.0,1,1.0,0.0,0.21212121212121213,0.0,4.0,0
6,3,0,6,3,0.984375,0,0.49999991666668053,0.9921567416492215,0.0,0.0,0.375,2
3,17,0,3,4,3.609375,1,1.0,1.899835519196333,0.0,0.5,2.125,0
5,8,0,5,4,3.0,1,1.0,1.7320508075688772,0.0,0.0,1.0,0
2,10,0,5,4,2.1875,1,1.0,1.479019945774904,0.0,0.375,1.25,0
2,20,0,4,4,2.5,1,1.0,1.5811388300841898,0.0,0.75,2.5,0
3,25,0,2,4,1.609375,1,1.0,1.2686114456365274,0.0,0.875,3.125,0
2,22,0,3,4,1.9375,1,1.0,1.3919410907075054,0.0,0.75,2.75,0
7,25,0,3,4,2.359375,1,1.0,1.5360257159305635,0.0,0.0,3.125,0
4,21,0,2,4,2.734375,1,1.0,1.653594569415369,0.0,0.5,2.625,0
3,17,0,3,4,3.609375,1,1.0,1.899835519196333,0.0,0.5,2.125,0
8,25,0,1,4,1.859375,1,1.0,1.3635890143294642,0.0,0.0,3.125,0
8,9,0,6,4,2.859375,1,1.0,1.6909686573085854,0.0,0.0,1.125,0
3,24,0,1,4,2.25,1,1.0,1.5,0.0,0.75,3.0,0
2,14,0,4,4,3.4375,1,1.0,1.8540496217739157,0.0,0.5,1.75,0
1,1,0,7,1,0.109375,1,0.9999990000010001,0.33071891388307384,0.0,0.125,0.125,0
6,0,0,8,0,0.0,0,0.0,0.0,0.0,0.0,0.0,2
6,1,0,7,1,0.109375,0,0.16666663888889352,0.33071891388307384,0.0,0.0,0.125,1
3,12,0,5,4,3.75,1,1.0,1.9364916731037085,0.0,0.375,1.5,0
3,9,1,6,4,2.109375,1,1.0,1.4523687548277813,0.6,0.25,1.125,0
6,0,0,8,0,0.0,0,0.0,0.0,0.0,0.0,0.0,2
3,0,2,8,0,0.0,0,0.0,0.0,10.0,0.0,0.0,3
4,0,1,8,0,0.0,0,0.0,0.0,6.0,0.0,0.0,5
6,0,3,8,0,0.0,0,0.0,0.0,13.0,0.0,0.0,6
8,11,2,6,4,1.984375,1,1.0,1.4086784586980805,1.1666666666666667,0.0,1.375,5
2,8,5,7,4,2.25,1,1.0,1.5,3.0,0.25,1.0,0
8,0,4,8,0,0.0,0,0.0,0.0,19.0,0.0,0.0,9
2,1,2,6,1,0.109375,0,0.499999750000125,0.33071891388307384,7.0,0.0,0.125,6
8,5,2,7,3,0.984375,0,0.6249999218750099,0.9921567416492215,2.6666666666666665,0.0,0.625,9
6,8,3,6,3,1.5,1,1.0,1.224744871391589,2.6666666666666665,0.0,1.0,8
3,32,0,0,4,0.0,1,1.0,0.0,0.0,1.0,4.0,0
5,29,0,1,4,0.984375,1,1.0,0.9921567416492215,0.0,0.0,3.625,0
1,21,0,4,4,3.234375,1,1.0,1.79843682124227,0.0,0.75,2.625,0
2,20,0,5,4,3.0,1,1.0,1.7320508075688772,0.0,0.625,2.5,0
2,24,0,2,4,3.0,1,1.0,1.7320508075688772,0.0,0.75,3.0,0
1,22,0,3,4,2.9375,1,1.0,1.713913650100261,0.0,0.75,2.75,0
3,23,0,4,4,2.859375,1,1.0,1.6909686573085854,0.0,0.75,2.875,0
5,20,0,5,4,3.75,1,1.0,1.9364916731037085,0.0,0.0,2.5,0
5,18,0,6,4,3.1875,1,1.0,1.7853571071357126,0.0,0.0,2.25,0
8,19,0,3,4,2.734375,1,1.0,1.653594569415369,0.0,0.0,2.375,0
6,19,0,2,4,2.734375,1,1.0,1.653594569415369,0.0,0.0,2.375,0
4,13,0,3,4,2.734375,1,1.0,1.653594569415369,0.0,0.25,1.625,0
4,28,0,1,4,0.5,1,1.0,0.7071067811865476,0.0,0.625,3.5,0
5,24,0,2,4,1.75,1,1.0,1.3228756555322954,0.0,0.0,3.0,0
