job_gpu,total_free,queue_length,running_jobs,max_free_node,variance_free,can_fit_now,gpu_fit_ratio,fragmentation,queue_pressure,node_availability,avg_free_per_node,wait_time
5,25,0,2,4,2.359375,1,4.9999990000002,2.499999375293882e-07,0.0,0.0,3.125,0
7,25,1,2,4,2.359375,1,3.571428061224563,2.499999375293882e-07,0.2692307692307692,0.0,3.125,0
6,11,1,5,4,3.234375,1,1.8333330277778286,2.499999375293882e-07,0.5,0.0,1.375,0
5,11,0,5,4,3.234375,1,2.199999560000088,2.499999375293882e-07,0.0,0.0,1.375,0
2,13,0,4,4,3.484375,1,6.499996750001625,2.499999375293882e-07,0.0,0.375,1.625,0
1,26,0,1,4,1.9375,1,25.999974000026,2.499999375293882e-07,0.0,0.875,3.25,0
6,32,0,0,4,0.0,1,5.333332444444593,2.499999375293882e-07,0.0,0.0,4.0,0
6,11,0,5,4,3.234375,1,1.8333330277778286,2.499999375293882e-07,0.0,0.0,1.375,0
5,12,1,5,4,3.0,1,2.399999520000096,2.499999375293882e-07,0.38461538461538464,0.0,1.5,0
7,12,0,5,4,3.0,1,1.71428546938779,2.499999375293882e-07,0.0,0.0,1.5,0
1,1,1,5,1,0.109375,1,0.9999990000010001,0.7500000624999844,0.5,0.125,0.125,0
6,6,0,6,3,1.6875,1,0.9999998333333611,0.2500001874999531,0.0,0.0,0.75,0
2,7,1,5,4,1.609375,1,3.499998250000875,2.499999375293882e-07,0.25,0.125,0.875,2
7,5,0,6,4,1.734375,0,0.7142856122449125,2.499999375293882e-07,0.0,0.0,0.625,1
4,1,2,5,1,0.109375,0,0.24999993750001562,0.7500000624999844,4.0,0.0,0.125,1
5,0,3,7,0,0.0,0,0.0,1.0,15.0,0.0,0.0,1
6,6,1,6,3,1.6875,1,0.9999998333333611,0.2500001874999531,0.8571428571428571,0.0,0.75,9
8,0,1,7,0,0.0,0,0.0,1.0,8.0,0.0,0.0,8
4,5,5,6,3,1.234375,1,1.249999687500078,0.2500001874999531,3.3333333333333335,0.0,0.625,6
7,0,2,7,0,0.0,0,0.0,1.0,14.0,0.0,0.0,10
2,4,3,5,2,0.5,1,1.9999990000005,0.5000001249999688,1.2,0.125,0.5,0
2,2,2,6,2,0.4375,1,0.99999950000025,0.5000001249999688,1.3333333333333333,0.125,0.25,0
5,13,4,3,4,2.234375,1,2.599999480000104,2.499999375293882e-07,1.4285714285714286,0.0,1.625,6
4,2,3,5,2,0.4375,0,0.49999987500003124,0.5000001249999688,4.0,0.0,0.25,4
8,0,4,7,0,0.0,0,0.0,1.0,32.0,0.0,0.0,13
4,2,3,5,2,0.4375,0,0.49999987500003124,0.5000001249999688,4.0,0.0,0.25,7
7,2,4,5,2,0.4375,0,0.285714244897965,0.5000001249999688,9.333333333333334,0.0,0.25,8
6,2,5,5,2,0.4375,0,0.33333327777778704,0.5000001249999688,10.0,0.0,0.25,15
7,4,2,5,2,0.5,0,0.57142848979593,0.5000001249999688,2.8,0.0,0.5,12
5,0,2,7,0,0.0,0,0.0,1.0,10.0,0.0,0.0,12
2,12,6,3,4,2.75,1,5.9999970000015,2.499999375293882e-07,0.9230769230769231,0.5,1.5,0
7,0,4,7,0,0.0,0,0.0,1.0,28.0,0.0,0.0,12
5,0,3,7,0,0.0,0,0.0,1.0,15.0,0.0,0.0,11
4,0,5,6,0,0.0,0,0.0,1.0,20.0,0.0,0.0,4
1,0,7,6,0,0.0,0,0.0,1.0,7.0,0.0,0.0,3
1,0,4,8,0,0.0,0,0.0,1.0,4.0,0.0,0.0,2
4,8,7,7,4,2.0,1,1.999999500000125,2.499999375293882e-07,3.111111111111111,0.125,1.0,3
8,3,6,5,2,0.484375,0,0.3749999531250059,0.5000001249999688,12.0,0.0,0.375,16
6,9,6,4,4,1.859375,1,1.4999997500000417,2.499999375293882e-07,3.6,0.0,1.125,11
2,0,4,6,0,0.0,0,0.0,1.0,8.0,0.0,0.0,3
5,0,5,7,0,0.0,0,0.0,1.0,25.0,0.0,0.0,15
1,1,6,8,1,0.109375,1,0.9999990000010001,0.7500000624999844,3.0,0.125,0.125,0
2,0,5,8,0,0.0,0,0.0,1.0,10.0,0.0,0.0,5
6,12,7,3,4,2.75,1,1.9999996666667221,2.499999375293882e-07,3.230769230769231,0.0,1.5,22
3,0,6,6,0,0.0,0,0.0,1.0,18.0,0.0,0.0,10
4,0,6,9,0,0.0,0,0.0,1.0,24.0,0.0,0.0,2
2,0,5,9,0,0.0,0,0.0,1.0,10.0,0.0,0.0,4
6,0,3,8,0,0.0,0,0.0,1.0,18.0,0.0,0.0,17
6,2,7,7,2,0.4375,0,0.33333327777778704,0.5000001249999688,14.0,0.0,0.25,20
8,0,6,8,0,0.0,0,0.0,1.0,48.0,0.0,0.0,16
8,0,5,9,0,0.0,0,0.0,1.0,40.0,0.0,0.0,24
3,1,10,7,1,0.109375,0,0.33333322222225925,0.7500000624999844,15.0,0.0,0.125,1
7,5,7,7,2,0.734375,0,0.7142856122449125,0.5000001249999688,8.166666666666666,0.0,0.625,14
5,0,7,8,0,0.0,0,0.0,1.0,35.0,0.0,0.0,15
8,5,8,7,2,0.734375,0,0.6249999218750099,0.5000001249999688,10.666666666666666,0.0,0.625,22
8,1,6,9,1,0.109375,0,0.12499998437500197,0.7500000624999844,24.0,0.0,0.125,21
4,1,9,7,1,0.109375,0,0.24999993750001562,0.7500000624999844,18.0,0.0,0.125,20
3,1,10,5,1,0.109375,0,0.33333322222225925,0.7500000624999844,15.0,0.0,0.125,10
6,3,9,6,2,0.484375,0,0.49999991666668053,0.5000001249999688,13.5,0.0,0.375,29
7,1,7,9,1,0.109375,0,0.1428571224489825,0.7500000624999844,24.5,0.0,0.125,29
8,9,8,7,4,2.859375,1,1.1249998593750177,2.499999375293882e-07,6.4,0.0,1.125,30
8,1,8,7,1,0.109375,0,0.12499998437500197,0.7500000624999844,32.0,0.0,0.125,31
8,0,9,5,0,0.0,0,0.0,1.0,72.0,0.0,0.0,35
3,9,12,4,4,2.109375,1,2.9999990000003334,2.499999375293882e-07,3.6,0.25,1.125,20
7,3,10,6,2,0.484375,0,0.4285713673469475,0.5000001249999688,17.5,0.0,0.375,40
6,9,11,4,4,2.109375,1,1.4999997500000417,2.499999375293882e-07,6.6,0.0,1.125,28
1,0,20,5,0,0.0,0,0.0,1.0,20.0,0.0,0.0,8
6,9,13,4,4,1.859375,1,1.4999997500000417,2.499999375293882e-07,7.8,0.0,1.125,40
1,8,26,4,4,2.25,1,7.9999920000080005,2.499999375293882e-07,2.888888888888889,0.375,1.0,10
5,1,14,5,1,0.109375,0,0.199999960000008,0.7500000624999844,35.0,0.0,0.125,39
7,6,10,4,4,1.9375,0,0.857142734693895,2.499999375293882e-07,10.0,0.0,0.75,35
3,4,15,4,2,0.5,1,1.333332888889037,0.5000001249999688,9.0,0.0,0.5,36
3,2,16,5,2,0.4375,0,0.6666664444445185,0.5000001249999688,16.0,0.0,0.25,36
8,9,12,4,4,1.859375,1,1.1249998593750177,2.499999375293882e-07,9.6,0.0,1.125,37
2,0,18,5,0,0.0,0,0.0,1.0,36.0,0.0,0.0,33
3,0,15,5,0,0.0,0,0.0,1.0,45.0,0.0,0.0,44
2,7,26,4,4,1.859375,1,3.499998250000875,2.499999375293882e-07,6.5,0.25,0.875,30
3,0,17,5,0,0.0,0,0.0,1.0,51.0,0.0,0.0,33
8,9,14,4,4,1.859375,1,1.1249998593750177,2.499999375293882e-07,11.2,0.0,1.125,46
3,0,21,5,0,0.0,0,0.0,1.0,63.0,0.0,0.0,30
4,12,16,3,4,2.0,1,2.9999992500001875,2.499999375293882e-07,4.923076923076923,0.125,1.5,42
3,0,23,5,0,0.0,0,0.0,1.0,69.0,0.0,0.0,36
2,8,28,4,4,1.75,1,3.999998000001,2.499999375293882e-07,6.222222222222222,0.25,1.0,32
2,0,25,5,0,0.0,0,0.0,1.0,50.0,0.0,0.0,31
3,9,31,4,4,1.859375,1,2.9999990000003334,2.499999375293882e-07,9.3,0.125,1.125,21
5,2,15,5,2,0.4375,0,0.399999920000016,0.5000001249999688,25.0,0.0,0.25,54
2,1,32,5,1,0.109375,0,0.499999750000125,0.7500000624999844,32.0,0.0,0.125,21
2,0,28,6,0,0.0,0,0.0,1.0,56.0,0.0,0.0,29
7,2,14,5,2,0.4375,0,0.285714244897965,0.5000001249999688,32.666666666666664,0.0,0.25,46
4,3,28,5,2,0.484375,0,0.7499998125000469,0.5000001249999688,28.0,0.0,0.375,27
4,3,29,5,2,0.484375,0,0.7499998125000469,0.5000001249999688,29.0,0.0,0.375,31
6,6,17,4,3,1.1875,1,0.9999998333333611,0.2500001874999531,14.571428571428571,0.0,0.75,58
3,1,35,5,1,0.109375,0,0.33333322222225925,0.7500000624999844,52.5,0.0,0.125,27
5,2,16,5,2,0.4375,0,0.399999920000016,0.5000001249999688,26.666666666666668,0.0,0.25,53
7,0,19,5,0,0.0,0,0.0,1.0,133.0,0.0,0.0,54
3,1,33,5,1,0.109375,0,0.33333322222225925,0.7500000624999844,49.5,0.0,0.125,25
5,0,26,5,0,0.0,0,0.0,1.0,130.0,0.0,0.0,57
8,0,22,5,0,0.0,0,0.0,1.0,176.0,0.0,0.0,58
8,0,17,5,0,0.0,0,0.0,1.0,136.0,0.0,0.0,61
5,0,26,5,0,0.0,0,0.0,1.0,130.0,0.0,0.0,59
7,0,27,6,0,0.0,0,0.0,1.0,189.0,0.0,0.0,60
8,0,24,5,0,0.0,0,0.0,1.0,192.0,0.0,0.0,59
7,0,27,5,0,0.0,0,0.0,1.0,189.0,0.0,0.0,62
5,6,27,6,3,1.1875,1,1.199999760000048,0.2500001874999531,19.285714285714285,0.0,0.75,54
5,1,29,7,1,0.109375,0,0.199999960000008,0.7500000624999844,72.5,0.0,0.125,59
4,1,28,7,1,0.109375,0,0.24999993750001562,0.7500000624999844,56.0,0.0,0.125,51
4,9,32,4,4,1.859375,1,2.2499994375001404,2.499999375293882e-07,12.8,0.125,1.125,57
7,1,27,7,1,0.109375,0,0.1428571224489825,0.7500000624999844,94.5,0.0,0.125,58
6,1,30,7,1,0.109375,0,0.16666663888889352,0.7500000624999844,90.0,0.0,0.125,63
6,1,34,5,1,0.109375,0,0.16666663888889352,0.7500000624999844,102.0,0.0,0.125,60
3,32,0,0,4,0.0,1,10.666663111112296,2.499999375293882e-07,0.0,1.0,4.0,0
3,32,1,0,4,0.0,1,10.666663111112296,2.499999375293882e-07,0.09090909090909091,1.0,4.0,0
2,20,0,3,4,3.75,1,9.9999950000025,2.499999375293882e-07,0.0,0.625,2.5,0
6,11,0,4,4,1.734375,1,1.8333330277778286,2.499999375293882e-07,0.0,0.0,1.375,0
6,26,0,2,4,1.9375,1,4.333332611111231,2.499999375293882e-07,0.0,0.0,3.25,0
6,11,1,4,4,1.734375,1,1.8333330277778286,2.499999375293882e-07,0.5,0.0,1.375,5
8,19,0,4,4,2.984375,1,2.374999703125037,2.499999375293882e-07,0.0,0.0,2.375,0
6,5,1,5,4,1.734375,0,0.8333331944444675,2.499999375293882e-07,1.0,0.0,0.625,5
2,21,0,3,4,2.734375,1,10.499994750002624,2.499999375293882e-07,0.0,0.75,2.625,0
6,5,2,5,4,1.734375,0,0.8333331944444675,2.499999375293882e-07,2.0,0.0,0.625,7
2,2,1,4,2,0.4375,1,0.99999950000025,0.5000001249999688,0.6666666666666666,0.125,0.25,0
8,5,3,5,4,1.734375,0,0.6249999218750099,2.499999375293882e-07,4.0,0.0,0.625,9
8,5,4,5,4,1.734375,0,0.6249999218750099,2.499999375293882e-07,5.333333333333333,0.0,0.625,9
8,19,2,3,4,1.734375,1,2.374999703125037,2.499999375293882e-07,0.8,0.0,2.375,1
1,2,7,5,2,0.4375,1,1.9999980000020001,0.5000001249999688,2.3333333333333335,0.125,0.25,3
1,1,4,5,1,0.109375,1,0.9999990000010001,0.7500000624999844,2.0,0.125,0.125,0
5,0,0,5,0,0.0,0,0.0,1.0,0.0,0.0,0.0,4
7,1,5,5,1,0.109375,0,0.1428571224489825,0.7500000624999844,17.5,0.0,0.125,6
2,1,0,5,1,0.109375,0,0.499999750000125,0.7500000624999844,0.0,0.0,0.125,6
8,1,2,5,1,0.109375,0,0.12499998437500197,0.7500000624999844,8.0,0.0,0.125,7
2,1,3,5,1,0.109375,0,0.499999750000125,0.7500000624999844,3.0,0.0,0.125,6
6,1,1,5,1,0.109375,0,0.16666663888889352,0.7500000624999844,3.0,0.0,0.125,6
5,0,6,6,0,0.0,0,0.0,1.0,30.0,0.0,0.0,13
3,0,8,6,0,0.0,0,0.0,1.0,24.0,0.0,0.0,10
3,0,8,8,0,0.0,0,0.0,1.0,24.0,0.0,0.0,8
1,0,7,8,0,0.0,0,0.0,1.0,7.0,0.0,0.0,3
8,2,8,5,2,0.4375,0,0.24999996875000394,0.5000001249999688,21.333333333333332,0.0,0.25,13
3,0,5,6,0,0.0,0,0.0,1.0,15.0,0.0,0.0,13
2,16,7,5,4,3.25,1,7.999996000002,2.499999375293882e-07,0.8235294117647058,0.5,2.0,8
7,0,5,8,0,0.0,0,0.0,1.0,35.0,0.0,0.0,12
7,2,5,8,2,0.4375,0,0.285714244897965,0.5000001249999688,11.666666666666666,0.0,0.25,15
3,9,9,5,4,1.609375,1,2.9999990000003334,2.499999375293882e-07,2.7,0.125,1.125,3
7,0,6,8,0,0.0,0,0.0,1.0,42.0,0.0,0.0,16
4,13,9,5,4,1.734375,1,3.2499991875002032,2.499999375293882e-07,2.5714285714285716,0.125,1.625,11
6,0,9,8,0,0.0,0,0.0,1.0,54.0,0.0,0.0,18
7,0,6,8,0,0.0,0,0.0,1.0,42.0,0.0,0.0,17
3,0,5,8,0,0.0,0,0.0,1.0,15.0,0.0,0.0,8
6,0,7,8,0,0.0,0,0.0,1.0,42.0,0.0,0.0,20
1,9,10,5,3,1.109375,1,8.999991000009,0.2500001874999531,1.0,0.625,1.125,0
1,1,12,7,1,0.109375,1,0.9999990000010001,0.7500000624999844,6.0,0.125,0.125,0
3,1,10,7,1,0.109375,0,0.33333322222225925,0.7500000624999844,15.0,0.0,0.125,5
1,0,12,8,0,0.0,0,0.0,1.0,12.0,0.0,0.0,4
6,0,8,8,0,0.0,0,0.0,1.0,48.0,0.0,0.0,24
8,7,5,7,3,1.109375,0,0.8749998906250137,0.2500001874999531,5.0,0.0,0.875,25
1,6,12,10,3,1.1875,1,5.999994000006001,0.2500001874999531,1.7142857142857142,0.375,0.75,0
1,3,12,7,2,0.484375,1,2.9999970000030003,0.5000001249999688,3.0,0.25,0.375,2
1,7,14,7,4,1.859375,1,6.9999930000070005,2.499999375293882e-07,1.75,0.375,0.875,3
1,10,15,7,3,0.9375,1,9.999990000010001,0.2500001874999531,1.3636363636363635,0.75,1.25,1
3,2,11,11,1,0.1875,0,0.6666664444445185,0.7500000624999844,11.0,0.0,0.25,2
4,0,8,7,0,0.0,0,0.0,1.0,32.0,0.0,0.0,27
3,7,15,7,4,1.859375,1,2.3333325555558146,2.499999375293882e-07,5.625,0.125,0.875,5
4,4,8,6,1,0.25,1,0.9999997500000625,0.7500000624999844,6.4,0.0,0.5,23
6,9,10,5,4,1.609375,1,1.4999997500000417,2.499999375293882e-07,6.0,0.0,1.125,29
4,3,9,6,2,0.484375,0,0.7499998125000469,0.5000001249999688,9.0,0.0,0.375,27
7,0,13,8,0,0.0,0,0.0,1.0,91.0,0.0,0.0,23
4,1,9,7,1,0.109375,0,0.24999993750001562,0.7500000624999844,18.0,0.0,0.125,25
6,7,12,7,3,1.109375,1,1.1666664722222546,0.2500001874999531,9.0,0.0,0.875,23
8,1,11,7,1,0.109375,0,0.12499998437500197,0.7500000624999844,44.0,0.0,0.125,34
1,3,13,10,2,0.484375,1,2.9999970000030003,0.5000001249999688,3.25,0.25,0.375,8
8,9,9,5,3,1.109375,1,1.1249998593750177,0.2500001874999531,7.2,0.0,1.125,38
6,10,14,7,3,0.9375,1,1.666666388888935,0.2500001874999531,7.636363636363637,0.0,1.25,29
4,4,13,9,2,0.5,1,0.9999997500000625,0.5000001249999688,10.4,0.0,0.5,9
5,10,16,7,3,0.9375,1,1.99999960000008,0.2500001874999531,7.2727272727272725,0.0,1.25,33
4,4,14,9,2,0.5,1,0.9999997500000625,0.5000001249999688,11.2,0.0,0.5,20
6,7,14,9,3,1.109375,1,1.1666664722222546,0.2500001874999531,10.5,0.0,0.875,34
1,0,14,7,0,0.0,0,0.0,1.0,14.0,0.0,0.0,2
3,0,14,10,0,0.0,0,0.0,1.0,42.0,0.0,0.0,22
1,2,14,8,2,0.4375,1,1.9999980000020001,0.5000001249999688,4.666666666666667,0.125,0.25,0
1,0,16,7,0,0.0,0,0.0,1.0,16.0,0.0,0.0,2
7,8,14,9,3,1.25,1,1.14285697959186,0.2500001874999531,10.88888888888889,0.0,1.0,24
1,7,15,8,3,0.859375,1,6.9999930000070005,0.2500001874999531,1.875,0.625,0.875,1
7,2,12,11,1,0.1875,0,0.285714244897965,0.7500000624999844,28.0,0.0,0.25,32
5,1,14,10,1,0.109375,0,0.199999960000008,0.7500000624999844,35.0,0.0,0.125,24
6,0,12,7,0,0.0,0,0.0,1.0,72.0,0.0,0.0,23
2,6,16,8,3,1.1875,1,2.99999850000075,0.2500001874999531,4.571428571428571,0.25,0.75,3
6,1,13,10,1,0.109375,0,0.16666663888889352,0.7500000624999844,39.0,0.0,0.125,25
3,17,16,4,4,1.109375,1,5.666664777778407,2.499999375293882e-07,2.6666666666666665,0.375,2.125,26
4,0,11,7,0,0.0,0,0.0,1.0,44.0,0.0,0.0,22
3,0,13,7,0,0.0,0,0.0,1.0,39.0,0.0,0.0,29
7,17,15,4,4,1.109375,1,2.4285710816327026,2.499999375293882e-07,5.833333333333333,0.0,2.125,26
4,0,14,7,0,0.0,0,0.0,1.0,56.0,0.0,0.0,28
7,0,14,7,0,0.0,0,0.0,1.0,98.0,0.0,0.0,24
7,10,15,5,3,1.4375,1,1.428571224489825,0.2500001874999531,9.545454545454545,0.0,1.25,30
4,0,15,7,0,0.0,0,0.0,1.0,60.0,0.0,0.0,17
3,8,14,7,3,1.75,1,2.666665777778074,0.2500001874999531,4.666666666666667,0.25,1.0,25
1,0,21,6,0,0.0,0,0.0,1.0,21.0,0.0,0.0,7
3,0,17,7,0,0.0,0,0.0,1.0,51.0,0.0,0.0,10
8,0,15,7,0,0.0,0,0.0,1.0,120.0,0.0,0.0,33
3,11,18,4,3,1.234375,1,3.6666654444448517,0.2500001874999531,4.5,0.25,1.375,18
1,0,21,6,0,0.0,0,0.0,1.0,21.0,0.0,0.0,14
5,5,15,8,3,0.984375,1,0.99999980000004,0.2500001874999531,12.5,0.0,0.625,35
6,7,14,8,3,0.859375,1,1.1666664722222546,0.2500001874999531,10.5,0.0,0.875,34
2,4,17,5,2,0.5,1,1.9999990000005,0.5000001249999688,6.8,0.125,0.5,21
6,5,13,8,3,0.984375,0,0.8333331944444675,0.2500001874999531,13.0,0.0,0.625,35
2,0,17,6,0,0.0,0,0.0,1.0,34.0,0.0,0.0,22
7,5,14,8,3,0.984375,0,0.7142856122449125,0.2500001874999531,16.333333333333332,0.0,0.625,45
5,6,15,8,3,1.1875,1,1.199999760000048,0.2500001874999531,10.714285714285714,0.0,0.75,48
6,5,16,6,2,0.484375,0,0.8333331944444675,0.5000001249999688,16.0,0.0,0.625,47
7,7,16,6,3,1.109375,1,0.9999998571428775,0.2500001874999531,14.0,0.0,0.875,47
4,0,15,7,0,0.0,0,0.0,1.0,60.0,0.0,0.0,32
6,2,18,6,1,0.1875,0,0.33333327777778704,0.7500000624999844,36.0,0.0,0.25,51
6,2,17,6,1,0.1875,0,0.33333327777778704,0.7500000624999844,34.0,0.0,0.25,55
7,2,16,6,1,0.1875,0,0.285714244897965,0.7500000624999844,37.333333333333336,0.0,0.25,49
5,0,19,6,0,0.0,0,0.0,1.0,95.0,0.0,0.0,44
4,0,16,7,0,0.0,0,0.0,1.0,64.0,0.0,0.0,50
7,0,20,6,0,0.0,0,0.0,1.0,140.0,0.0,0.0,48
8,0,20,6,0,0.0,0,0.0,1.0,160.0,0.0,0.0,48
4,4,16,5,2,0.5,1,0.9999997500000625,0.5000001249999688,12.8,0.0,0.5,43
4,0,18,6,0,0.0,0,0.0,1.0,72.0,0.0,0.0,44
3,32,2,0,4,0.0,1,10.666663111112296,2.499999375293882e-07,0.18181818181818182,1.0,4.0,0
7,32,1,0,4,0.0,1,4.57142791836744,2.499999375293882e-07,0.21212121212121213,0.0,4.0,0
1,32,3,0,4,0.0,1,31.999968000032002,2.499999375293882e-07,0.09090909090909091,1.0,4.0,0
6,14,0,5,4,3.4375,1,2.3333329444445092,2.499999375293882e-07,0.0,0.0,1.75,0
2,9,1,6,4,1.859375,1,4.499997750001125,2.499999375293882e-07,0.2,0.375,1.125,0
1,9,2,6,4,1.859375,1,8.999991000009,2.499999375293882e-07,0.2,0.5,1.125,0
4,32,4,0,4,0.0,1,7.9999980000005,2.499999375293882e-07,0.48484848484848486,1.0,4.0,0
6,5,0,7,4,1.734375,0,0.8333331944444675,2.499999375293882e-07,0.0,0.0,0.625,2
3,14,1,5,4,3.4375,1,4.666665111111629,2.499999375293882e-07,0.2,0.375,1.75,0
5,13,0,4,3,1.234375,1,2.599999480000104,0.2500001874999531,0.0,0.0,1.625,0
2,3,0,5,3,0.984375,1,1.499999250000375,0.2500001874999531,0.0,0.125,0.375,0
5,2,0,9,2,0.4375,0,0.399999920000016,0.5000001249999688,0.0,0.0,0.25,1
8,13,1,4,3,1.234375,1,1.6249997968750256,0.2500001874999531,0.5714285714285714,0.0,1.625,0
4,9,0,6,4,1.859375,1,2.2499994375001404,2.499999375293882e-07,0.0,0.125,1.125,0
7,10,0,5,4,1.6875,1,1.428571224489825,2.499999375293882e-07,0.0,0.0,1.25,0
5,18,0,3,4,2.1875,1,3.599999280000144,2.499999375293882e-07,0.0,0.0,2.25,0
6,3,1,5,3,0.984375,0,0.49999991666668053,0.2500001874999531,1.5,0.0,0.375,4
1,2,0,5,2,0.4375,1,1.9999980000020001,0.5000001249999688,0.0,0.125,0.25,0
7,8,0,6,4,2.0,1,1.14285697959186,2.499999375293882e-07,0.0,0.0,1.0,0
1,1,0,7,1,0.109375,1,0.9999990000010001,0.7500000624999844,0.0,0.125,0.125,0
2,13,0,4,4,1.984375,1,6.499996750001625,2.499999375293882e-07,0.0,0.625,1.625,0
3,13,1,4,4,1.984375,1,4.33333188888937,2.499999375293882e-07,0.21428571428571427,0.25,1.625,0
6,6,0,7,3,1.6875,1,0.9999998333333611,0.2500001874999531,0.0,0.0,0.75,0
2,12,0,6,4,1.5,1,5.9999970000015,2.499999375293882e-07,0.0,0.5,1.5,0
8,16,1,6,4,1.75,1,1.9999997500000315,2.499999375293882e-07,0.47058823529411764,0.0,2.0,0
5,16,0,6,4,1.75,1,3.199999360000128,2.499999375293882e-07,0.0,0.0,2.0,0
5,11,0,6,4,2.484375,1,2.199999560000088,2.499999375293882e-07,0.0,0.0,1.375,0
4,0,1,8,0,0.0,0,0.0,1.0,4.0,0.0,0.0,6
1,1,3,7,1,0.109375,1,0.9999990000010001,0.7500000624999844,1.5,0.125,0.125,0
5,1,3,7,1,0.109375,0,0.199999960000008,0.7500000624999844,7.5,0.0,0.125,6
3,1,2,7,1,0.109375,0,0.33333322222225925,0.7500000624999844,3.0,0.0,0.125,9
1,12,3,5,3,0.75,1,11.999988000012001,0.2500001874999531,0.23076923076923078,0.875,1.5,0
1,3,7,6,2,0.484375,1,2.9999970000030003,0.5000001249999688,1.75,0.25,0.375,0
8,1,4,7,1,0.109375,0,0.12499998437500197,0.7500000624999844,16.0,0.0,0.125,11
3,1,4,7,1,0.109375,0,0.33333322222225925,0.7500000624999844,6.0,0.0,0.125,8
7,0,0,8,0,0.0,0,0.0,1.0,0.0,0.0,0.0,12
7,0,1,8,0,0.0,0,0.0,1.0,7.0,0.0,0.0,14
3,2,7,7,1,0.1875,0,0.6666664444445185,0.7500000624999844,7.0,0.0,0.25,4
7,2,2,7,1,0.1875,0,0.285714244897965,0.7500000624999844,4.666666666666667,0.0,0.25,7
5,3,6,6,2,0.484375,0,0.599999880000024,0.5000001249999688,7.5,0.0,0.375,5
8,4,2,7,2,0.75,0,0.4999999375000079,0.5000001249999688,3.2,0.0,0.5,14
4,1,8,6,1,0.109375,0,0.24999993750001562,0.7500000624999844,16.0,0.0,0.125,11
1,1,9,6,1,0.109375,1,0.9999990000010001,0.7500000624999844,4.5,0.125,0.125,0
1,2,9,5,1,0.1875,1,1.9999980000020001,0.7500000624999844,3.0,0.25,0.25,0
6,10,5,5,3,1.1875,1,1.666666388888935,0.2500001874999531,2.727272727272727,0.0,1.25,22
6,10,4,5,3,1.1875,1,1.666666388888935,0.2500001874999531,2.1818181818181817,0.0,1.25,15
2,3,9,5,2,0.484375,1,1.499999250000375,0.5000001249999688,4.5,0.125,0.375,0
4,1,8,6,1,0.109375,0,0.24999993750001562,0.7500000624999844,16.0,0.0,0.125,6
8,4,3,7,2,0.75,0,0.4999999375000079,0.5000001249999688,4.8,0.0,0.5,23
7,5,8,6,2,0.484375,0,0.7142856122449125,0.5000001249999688,9.333333333333334,0.0,0.625,24
5,1,7,6,1,0.109375,0,0.199999960000008,0.7500000624999844,17.5,0.0,0.125,21
5,12,9,4,3,0.75,1,2.399999520000096,0.2500001874999531,3.4615384615384617,0.0,1.5,15
6,1,8,7,1,0.109375,0,0.16666663888889352,0.7500000624999844,24.0,0.0,0.125,20
2,1,13,5,1,0.109375,0,0.499999750000125,0.7500000624999844,13.0,0.0,0.125,1
4,1,9,6,1,0.109375,0,0.24999993750001562,0.7500000624999844,18.0,0.0,0.125,6
6,0,8,7,0,0.0,0,0.0,1.0,48.0,0.0,0.0,20
6,3,8,5,2,0.484375,0,0.49999991666668053,0.5000001249999688,12.0,0.0,0.375,16
6,12,8,5,3,1.25,1,1.9999996666667221,0.2500001874999531,3.6923076923076925,0.0,1.5,18
8,3,5,6,2,0.484375,0,0.3749999531250059,0.5000001249999688,10.0,0.0,0.375,37
7,1,7,7,1,0.109375,0,0.1428571224489825,0.7500000624999844,24.5,0.0,0.125,25
8,0,7,7,0,0.0,0,0.0,1.0,56.0,0.0,0.0,26
2,0,13,6,0,0.0,0,0.0,1.0,26.0,0.0,0.0,2
6,3,10,5,2,0.484375,0,0.49999991666668053,0.5000001249999688,15.0,0.0,0.375,28
6,1,10,6,1,0.109375,0,0.16666663888889352,0.7500000624999844,30.0,0.0,0.125,26
8,6,9,5,2,0.6875,0,0.7499999062500118,0.5000001249999688,10.285714285714286,0.0,0.75,26
2,8,21,4,3,1.25,1,3.999998000001,0.2500001874999531,4.666666666666667,0.375,1.0,3
2,1,17,5,1,0.109375,0,0.499999750000125,0.7500000624999844,17.0,0.0,0.125,6
5,3,12,5,1,0.234375,0,0.599999880000024,0.7500000624999844,15.0,0.0,0.375,32
6,1,11,6,1,0.109375,0,0.16666663888889352,0.7500000624999844,33.0,0.0,0.125,29
3,16,14,3,4,1.25,1,5.333331555556148,2.499999375293882e-07,2.4705882352941178,0.25,2.0,29
8,1,12,5,1,0.109375,0,0.12499998437500197,0.7500000624999844,48.0,0.0,0.125,40
6,6,11,5,2,0.6875,1,0.9999998333333611,0.5000001249999688,9.428571428571429,0.0,0.75,32
1,0,19,7,0,0.0,0,0.0,1.0,19.0,0.0,0.0,10
3,0,11,6,0,0.0,0,0.0,1.0,33.0,0.0,0.0,37
3,2,16,5,1,0.1875,0,0.6666664444445185,0.7500000624999844,16.0,0.0,0.25,31
3,2,14,5,1,0.1875,0,0.6666664444445185,0.7500000624999844,14.0,0.0,0.25,30
1,8,24,7,3,1.25,1,7.9999920000080005,0.2500001874999531,2.6666666666666665,0.5,1.0,1
2,0,25,7,0,0.0,0,0.0,1.0,50.0,0.0,0.0,11
1,8,23,7,3,1.25,1,7.9999920000080005,0.2500001874999531,2.5555555555555554,0.5,1.0,0
2,0,22,7,0,0.0,0,0.0,1.0,44.0,0.0,0.0,5
1,0,22,9,0,0.0,0,0.0,1.0,22.0,0.0,0.0,8
6,6,14,5,3,1.1875,1,0.9999998333333611,0.2500001874999531,12.0,0.0,0.75,36
1,0,21,9,0,0.0,0,0.0,1.0,21.0,0.0,0.0,6
7,0,12,6,0,0.0,0,0.0,1.0,84.0,0.0,0.0,40
2,0,23,9,0,0.0,0,0.0,1.0,46.0,0.0,0.0,10
6,6,15,5,3,1.1875,1,0.9999998333333611,0.2500001874999531,12.857142857142858,0.0,0.75,39
3,0,20,7,0,0.0,0,0.0,1.0,60.0,0.0,0.0,18
4,2,15,5,1,0.1875,0,0.49999987500003124,0.7500000624999844,20.0,0.0,0.25,36
3,0,24,7,0,0.0,0,0.0,1.0,72.0,0.0,0.0,23
7,2,13,5,1,0.1875,0,0.285714244897965,0.7500000624999844,30.333333333333332,0.0,0.25,52
4,8,17,4,3,1.25,1,1.999999500000125,0.2500001874999531,7.555555555555555,0.0,1.0,47
7,1,18,5,1,0.109375,0,0.1428571224489825,0.7500000624999844,63.0,0.0,0.125,49
3,6,23,7,2,0.6875,1,1.9999993333335555,0.5000001249999688,9.857142857142858,0.0,0.75,19
6,7,20,4,4,1.859375,1,1.1666664722222546,2.499999375293882e-07,15.0,0.0,0.875,50
4,0,25,9,0,0.0,0,0.0,1.0,100.0,0.0,0.0,19
7,1,19,5,1,0.109375,0,0.1428571224489825,0.7500000624999844,66.5,0.0,0.125,48
5,2,19,6,2,0.4375,0,0.399999920000016,0.5000001249999688,31.666666666666668,0.0,0.25,42
6,8,20,4,3,1.25,1,1.3333331111111482,0.2500001874999531,13.333333333333334,0.0,1.0,60
7,8,19,4,3,1.25,1,1.14285697959186,0.2500001874999531,14.777777777777779,0.0,1.0,54
7,8,20,5,4,2.0,1,1.14285697959186,2.499999375293882e-07,15.555555555555555,0.0,1.0,54
5,0,21,7,0,0.0,0,0.0,1.0,105.0,0.0,0.0,53
6,0,23,7,0,0.0,0,0.0,1.0,138.0,0.0,0.0,54
6,0,20,6,0,0.0,0,0.0,1.0,120.0,0.0,0.0,59
5,6,24,7,2,0.6875,1,1.199999760000048,0.5000001249999688,17.142857142857142,0.0,0.75,49
8,2,26,6,1,0.1875,0,0.24999996875000394,0.7500000624999844,69.33333333333333,0.0,0.25,57
5,0,26,7,0,0.0,0,0.0,1.0,130.0,0.0,0.0,53
5,0,26,9,0,0.0,0,0.0,1.0,130.0,0.0,0.0,55
6,0,24,9,0,0.0,0,0.0,1.0,144.0,0.0,0.0,54
8,0,22,7,0,0.0,0,0.0,1.0,176.0,0.0,0.0,59
6,28,1,1,4,1.75,1,4.6666658888890185,2.499999375293882e-07,0.20689655172413793,0.0,3.5,0
4,32,0,0,4,0.0,1,7.9999980000005,2.499999375293882e-07,0.0,1.0,4.0,0
2,28,0,1,4,1.75,1,13.9999930000035,2.499999375293882e-07,0.0,0.875,3.5,0
5,1,1,7,1,0.109375,0,0.199999960000008,0.7500000624999844,2.5,0.0,0.125,1
3,6,2,7,4,1.9375,1,1.9999993333335555,2.499999375293882e-07,0.8571428571428571,0.125,0.75,2
1,2,7,8,2,0.4375,1,1.9999980000020001,0.5000001249999688,2.3333333333333335,0.125,0.25,0
5,20,0,3,4,3.75,1,3.99999920000016,2.499999375293882e-07,0.0,0.0,2.5,0
1,1,2,7,1,0.109375,1,0.9999990000010001,0.7500000624999844,1.0,0.125,0.125,0
2,2,7,8,1,0.1875,1,0.99999950000025,0.7500000624999844,4.666666666666667,0.0,0.25,0
3,1,2,8,1,0.109375,0,0.33333322222225925,0.7500000624999844,3.0,0.0,0.125,6
7,15,0,4,4,3.609375,1,2.1428568367347376,2.499999375293882e-07,0.0,0.0,1.875,0
3,8,0,5,4,3.0,1,2.666665777778074,2.499999375293882e-07,0.0,0.25,1.0,0
4,1,3,8,1,0.109375,0,0.24999993750001562,0.7500000624999844,6.0,0.0,0.125,8
4,5,0,6,4,1.734375,1,1.249999687500078,2.499999375293882e-07,0.0,0.125,0.625,0
7,5,1,6,4,1.734375,0,0.7142856122449125,2.499999375293882e-07,1.1666666666666667,0.0,0.625,14
1,7,6,6,3,0.859375,1,6.9999930000070005,0.2500001874999531,0.75,0.625,0.875,2
2,7,5,6,3,1.609375,1,3.499998250000875,0.2500001874999531,1.25,0.25,0.875,2
3,6,9,8,3,1.6875,1,1.9999993333335555,0.2500001874999531,3.857142857142857,0.25,0.75,0
6,5,7,7,4,1.734375,0,0.8333331944444675,2.499999375293882e-07,7.0,0.0,0.625,12
4,5,6,7,4,1.734375,1,1.249999687500078,2.499999375293882e-07,4.0,0.125,0.625,8
8,1,4,8,1,0.109375,0,0.12499998437500197,0.7500000624999844,16.0,0.0,0.125,16
7,1,7,9,1,0.109375,0,0.1428571224489825,0.7500000624999844,24.5,0.0,0.125,10
7,1,8,9,1,0.109375,0,0.1428571224489825,0.7500000624999844,28.0,0.0,0.125,21
4,7,6,4,3,1.609375,1,1.7499995625001092,0.2500001874999531,3.0,0.0,0.875,2
5,0,6,7,0,0.0,0,0.0,1.0,30.0,0.0,0.0,14
8,1,5,8,1,0.109375,0,0.12499998437500197,0.7500000624999844,20.0,0.0,0.125,27
6,4,4,5,3,1.0,0,0.6666665555555741,0.2500001874999531,4.8,0.0,0.5,7
1,7,5,4,3,1.609375,1,6.9999930000070005,0.2500001874999531,0.625,0.375,0.875,1
1,9,4,5,3,1.609375,1,8.999991000009,0.2500001874999531,0.4,0.5,1.125,3
5,1,3,7,1,0.109375,0,0.199999960000008,0.7500000624999844,7.5,0.0,0.125,11
3,2,3,6,2,0.4375,0,0.6666664444445185,0.5000001249999688,3.0,0.0,0.25,1
3,0,4,7,0,0.0,0,0.0,1.0,12.0,0.0,0.0,1
4,0,3,7,0,0.0,0,0.0,1.0,12.0,0.0,0.0,8
6,6,6,4,3,1.6875,1,0.9999998333333611,0.2500001874999531,5.142857142857143,0.0,0.75,14
1,0,6,8,0,0.0,0,0.0,1.0,6.0,0.0,0.0,3
1,2,8,7,1,0.1875,1,1.9999980000020001,0.7500000624999844,2.6666666666666665,0.25,0.25,0
6,0,5,8,0,0.0,0,0.0,1.0,30.0,0.0,0.0,11
8,2,2,6,2,0.4375,0,0.24999996875000394,0.5000001249999688,5.333333333333333,0.0,0.25,12
7,4,5,6,1,0.25,0,0.57142848979593,0.7500000624999844,7.0,0.0,0.5,12
7,0,7,8,0,0.0,0,0.0,1.0,49.0,0.0,0.0,16
2,2,9,7,1,0.1875,1,0.99999950000025,0.7500000624999844,6.0,0.0,0.25,3
8,0,4,8,0,0.0,0,0.0,1.0,32.0,0.0,0.0,15
6,2,6,7,1,0.1875,0,0.33333327777778704,0.7500000624999844,12.0,0.0,0.25,18
1,7,16,4,3,1.609375,1,6.9999930000070005,0.2500001874999531,2.0,0.375,0.875,5
7,0,9,8,0,0.0,0,0.0,1.0,63.0,0.0,0.0,20
2,1,10,7,1,0.109375,0,0.499999750000125,0.7500000624999844,10.0,0.0,0.125,14
4,2,7,7,1,0.1875,0,0.49999987500003124,0.7500000624999844,9.333333333333334,0.0,0.25,22
8,0,8,8,0,0.0,0,0.0,1.0,64.0,0.0,0.0,18
2,1,9,7,1,0.109375,0,0.499999750000125,0.7500000624999844,9.0,0.0,0.125,13
7,9,10,6,3,1.359375,1,1.2857141020408425,0.2500001874999531,7.0,0.0,1.125,22
6,1,9,8,1,0.109375,0,0.16666663888889352,0.7500000624999844,27.0,0.0,0.125,21
1,2,15,7,1,0.1875,1,1.9999980000020001,0.7500000624999844,5.0,0.25,0.25,3
1,0,13,6,0,0.0,0,0.0,1.0,13.0,0.0,0.0,3
2,8,13,6,3,1.5,1,3.999998000001,0.2500001874999531,2.888888888888889,0.25,1.0,0
2,2,14,7,1,0.1875,1,0.99999950000025,0.7500000624999844,9.333333333333334,0.0,0.25,0
1,8,18,7,3,1.75,1,7.9999920000080005,0.2500001874999531,2.0,0.375,1.0,0
3,1,15,5,1,0.109375,0,0.33333322222225925,0.7500000624999844,22.5,0.0,0.125,23
4,1,14,5,1,0.109375,0,0.24999993750001562,0.7500000624999844,28.0,0.0,0.125,19
6,8,13,5,3,0.75,1,1.3333331111111482,0.2500001874999531,8.666666666666666,0.0,1.0,29
6,7,9,6,3,1.109375,1,1.1666664722222546,0.2500001874999531,6.75,0.0,0.875,26
6,8,11,5,3,0.75,1,1.3333331111111482,0.2500001874999531,7.333333333333333,0.0,1.0,26
3,8,17,7,3,1.75,1,2.666665777778074,0.2500001874999531,5.666666666666667,0.25,1.0,12
7,8,12,5,3,0.75,1,1.14285697959186,0.2500001874999531,9.333333333333334,0.0,1.0,33
4,0,14,6,0,0.0,0,0.0,1.0,56.0,0.0,0.0,26
6,1,13,5,1,0.109375,0,0.16666663888889352,0.7500000624999844,39.0,0.0,0.125,39
5,0,12,8,0,0.0,0,0.0,1.0,60.0,0.0,0.0,27
7,0,15,5,0,0.0,0,0.0,1.0,105.0,0.0,0.0,35
3,1,14,9,1,0.109375,0,0.33333322222225925,0.7500000624999844,21.0,0.0,0.125,15
5,0,15,8,0,0.0,0,0.0,1.0,75.0,0.0,0.0,31
6,0,15,6,0,0.0,0,0.0,1.0,90.0,0.0,0.0,38
1,7,15,5,3,0.859375,1,6.9999930000070005,0.2500001874999531,1.875,0.625,0.875,15
7,0,15,6,0,0.0,0,0.0,1.0,105.0,0.0,0.0,38
1,0,18,6,0,0.0,0,0.0,1.0,18.0,0.0,0.0,4
2,0,16,6,0,0.0,0,0.0,1.0,32.0,0.0,0.0,16
7,0,12,8,0,0.0,0,0.0,1.0,84.0,0.0,0.0,42
1,10,18,5,3,1.9375,1,9.999990000010001,0.2500001874999531,1.6363636363636365,0.5,1.25,10
4,4,17,7,3,1.0,1,0.9999997500000625,0.2500001874999531,13.6,0.0,0.5,40
3,0,15,8,0,0.0,0,0.0,1.0,45.0,0.0,0.0,14
1,10,17,5,3,1.9375,1,9.999990000010001,0.2500001874999531,1.5454545454545454,0.5,1.25,10
8,4,16,7,3,1.0,0,0.4999999375000079,0.2500001874999531,25.6,0.0,0.5,45
6,2,13,7,1,0.1875,0,0.33333327777778704,0.7500000624999844,26.0,0.0,0.25,42
7,0,16,10,0,0.0,0,0.0,1.0,112.0,0.0,0.0,45
8,4,17,5,3,1.0,0,0.4999999375000079,0.2500001874999531,27.2,0.0,0.5,45
3,0,20,8,0,0.0,0,0.0,1.0,60.0,0.0,0.0,17
3,2,18,9,2,0.4375,0,0.6666664444445185,0.5000001249999688,18.0,0.0,0.25,16
4,0,18,6,0,0.0,0,0.0,1.0,72.0,0.0,0.0,42
1,7,16,5,3,0.859375,1,6.9999930000070005,0.2500001874999531,2.0,0.625,0.875,9
6,12,18,4,4,2.25,1,1.9999996666667221,2.499999375293882e-07,8.307692307692308,0.0,1.5,44
6,3,17,5,3,0.984375,0,0.49999991666668053,0.2500001874999531,25.5,0.0,0.375,45
4,0,17,8,0,0.0,0,0.0,1.0,68.0,0.0,0.0,33
4,3,20,5,1,0.234375,0,0.7499998125000469,0.7500000624999844,20.0,0.0,0.375,18
4,2,17,9,2,0.4375,0,0.49999987500003124,0.5000001249999688,22.666666666666668,0.0,0.25,27
7,0,17,6,0,0.0,0,0.0,1.0,119.0,0.0,0.0,47
5,6,17,8,3,0.9375,1,1.199999760000048,0.2500001874999531,12.142857142857142,0.0,0.75,39
8,0,16,8,0,0.0,0,0.0,1.0,128.0,0.0,0.0,49
5,0,18,8,0,0.0,0,0.0,1.0,90.0,0.0,0.0,42
8,0,17,6,0,0.0,0,0.0,1.0,136.0,0.0,0.0,56
6,7,18,5,3,0.859375,1,1.1666664722222546,0.2500001874999531,13.5,0.0,0.875,48
7,0,19,8,0,0.0,0,0.0,1.0,133.0,0.0,0.0,52
5,0,18,6,0,0.0,0,0.0,1.0,90.0,0.0,0.0,37
8,0,17,6,0,0.0,0,0.0,1.0,136.0,0.0,0.0,38
6,7,17,5,3,0.859375,1,1.1666664722222546,0.2500001874999531,12.75,0.0,0.875,38
4,13,22,4,4,1.734375,1,3.2499991875002032,2.499999375293882e-07,6.285714285714286,0.125,1.625,37
7,0,21,6,0,0.0,0,0.0,1.0,147.0,0.0,0.0,44
8,0,19,6,0,0.0,0,0.0,1.0,152.0,0.0,0.0,42
7,0,20,6,0,0.0,0,0.0,1.0,140.0,0.0,0.0,43
5,9,22,4,3,1.359375,1,1.799999640000072,0.2500001874999531,11.0,0.0,1.125,34
5,13,23,4,4,1.734375,1,2.599999480000104,2.499999375293882e-07,8.214285714285714,0.0,1.625,44
8,9,23,4,3,1.359375,1,1.1249998593750177,0.2500001874999531,18.4,0.0,1.125,51
5,32,0,0,4,0.0,1,6.399998720000256,2.499999375293882e-07,0.0,0.0,4.0,0
7,27,0,1,4,1.734375,1,3.857142306122528,2.499999375293882e-07,0.0,0.0,3.375,0
6,23,1,3,4,2.859375,1,3.8333326944445507,2.499999375293882e-07,0.25,0.0,2.875,0
1,20,0,2,4,3.75,1,19.999980000020003,2.499999375293882e-07,0.0,0.625,2.5,0
6,11,0,6,4,3.234375,1,1.8333330277778286,2.499999375293882e-07,0.0,0.0,1.375,0
2,13,0,5,4,3.484375,1,6.499996750001625,2.499999375293882e-07,0.0,0.375,1.625,0
5,28,0,2,4,1.0,1,5.599998880000224,2.499999375293882e-07,0.0,0.0,3.5,0
3,24,0,2,4,2.25,1,7.999997333334222,2.499999375293882e-07,0.0,0.75,3.0,0
4,23,0,3,4,2.859375,1,5.749998562500359,2.499999375293882e-07,0.0,0.625,2.875,0
6,2,1,8,2,0.4375,0,0.33333327777778704,0.5000001249999688,2.0,0.0,0.25,4
1,5,0,7,4,1.734375,1,4.999995000005001,2.499999375293882e-07,0.0,0.25,0.625,0
2,4,1,6,2,0.5,1,1.9999990000005,0.5000001249999688,0.4,0.125,0.5,0
1,2,2,7,2,0.4375,1,1.9999980000020001,0.5000001249999688,0.6666666666666666,0.125,0.25,0
8,10,0,7,4,2.6875,1,1.2499998437500197,2.499999375293882e-07,0.0,0.0,1.25,0
7,10,1,7,4,2.6875,1,1.428571224489825,2.499999375293882e-07,0.6363636363636364,0.0,1.25,5
5,4,2,6,2,0.5,0,0.799999840000032,0.5000001249999688,2.0,0.0,0.5,3
4,1,4,8,1,0.109375,0,0.24999993750001562,0.7500000624999844,8.0,0.0,0.125,8
5,3,8,6,1,0.234375,0,0.599999880000024,0.7500000624999844,10.0,0.0,0.375,3
4,4,3,6,2,0.5,1,0.9999997500000625,0.5000001249999688,2.4,0.0,0.5,9
4,1,3,8,1,0.109375,0,0.24999993750001562,0.7500000624999844,6.0,0.0,0.125,4
8,7,3,6,4,1.859375,0,0.8749998906250137,2.499999375293882e-07,3.0,0.0,0.875,13
6,2,3,7,2,0.4375,0,0.33333327777778704,0.5000001249999688,6.0,0.0,0.25,12
2,2,8,6,2,0.4375,1,0.99999950000025,0.5000001249999688,5.333333333333333,0.125,0.25,0
3,12,10,4,4,2.25,1,3.999998666667111,2.499999375293882e-07,2.3076923076923075,0.375,1.5,5
7,1,5,8,1,0.109375,0,0.1428571224489825,0.7500000624999844,17.5,0.0,0.125,22
6,0,10,7,0,0.0,0,0.0,1.0,60.0,0.0,0.0,6
4,0,9,7,0,0.0,0,0.0,1.0,36.0,0.0,0.0,5
3,1,8,6,1,0.109375,0,0.33333322222225925,0.7500000624999844,12.0,0.0,0.125,11
1,6,10,6,3,1.1875,1,5.999994000006001,0.2500001874999531,1.4285714285714286,0.375,0.75,0
1,6,9,7,3,1.1875,1,5.999994000006001,0.2500001874999531,1.2857142857142858,0.375,0.75,0
8,0,6,8,0,0.0,0,0.0,1.0,48.0,0.0,0.0,28
7,1,6,8,1,0.109375,0,0.1428571224489825,0.7500000624999844,21.0,0.0,0.125,25
2,0,9,7,0,0.0,0,0.0,1.0,18.0,0.0,0.0,1
8,7,7,7,4,1.609375,0,0.8749998906250137,2.499999375293882e-07,7.0,0.0,0.875,29
8,0,7,8,0,0.0,0,0.0,1.0,56.0,0.0,0.0,36
7,0,8,7,0,0.0,0,0.0,1.0,56.0,0.0,0.0,31
4,4,9,6,3,1.0,1,0.9999997500000625,0.2500001874999531,7.2,0.0,0.5,0
1,8,13,5,3,1.75,1,7.9999920000080005,0.2500001874999531,1.4444444444444444,0.375,1.0,8
8,3,9,6,1,0.234375,0,0.3749999531250059,0.7500000624999844,18.0,0.0,0.375,44
1,3,12,5,1,0.234375,1,2.9999970000030003,0.7500000624999844,3.0,0.375,0.375,9
3,4,10,5,3,1.0,1,1.333332888889037,0.2500001874999531,6.0,0.125,0.5,2
4,0,14,6,0,0.0,0,0.0,1.0,56.0,0.0,0.0,13
8,12,11,4,4,2.25,1,1.4999998125000236,2.499999375293882e-07,6.769230769230769,0.0,1.5,44
7,6,8,7,3,1.1875,0,0.857142734693895,0.2500001874999531,8.0,0.0,0.75,29
2,7,17,5,2,0.859375,1,3.499998250000875,0.5000001249999688,4.25,0.375,0.875,12
8,6,11,6,3,1.1875,0,0.7499999062500118,0.2500001874999531,12.571428571428571,0.0,0.75,35
7,6,10,7,3,1.1875,0,0.857142734693895,0.2500001874999531,10.0,0.0,0.75,34
2,0,15,7,0,0.0,0,0.0,1.0,30.0,0.0,0.0,10
5,0,9,8,0,0.0,0,0.0,1.0,45.0,0.0,0.0,33
2,1,15,6,1,0.109375,0,0.499999750000125,0.7500000624999844,15.0,0.0,0.125,6
8,4,11,5,3,1.0,0,0.4999999375000079,0.2500001874999531,17.6,0.0,0.5,37
7,0,8,7,0,0.0,0,0.0,1.0,56.0,0.0,0.0,35
5,7,15,5,2,0.859375,1,1.399999720000056,0.5000001249999688,9.375,0.0,0.875,35
1,1,20,6,1,0.109375,1,0.9999990000010001,0.7500000624999844,10.0,0.125,0.125,0
2,2,18,9,2,0.4375,1,0.99999950000025,0.5000001249999688,12.0,0.125,0.25,0
2,1,16,6,1,0.109375,0,0.499999750000125,0.7500000624999844,16.0,0.0,0.125,10
5,2,11,6,1,0.1875,0,0.399999920000016,0.7500000624999844,18.333333333333332,0.0,0.25,39
1,8,21,6,3,1.0,1,7.9999920000080005,0.2500001874999531,2.3333333333333335,0.625,1.0,4
1,7,22,6,3,1.109375,1,6.9999930000070005,0.2500001874999531,2.75,0.5,0.875,1
7,8,12,5,3,1.75,1,1.14285697959186,0.2500001874999531,9.333333333333334,0.0,1.0,39
1,1,18,8,1,0.109375,1,0.9999990000010001,0.7500000624999844,9.0,0.125,0.125,0
6,2,17,5,2,0.4375,0,0.33333327777778704,0.5000001249999688,34.0,0.0,0.25,44
7,8,14,5,3,1.75,1,1.14285697959186,0.2500001874999531,10.88888888888889,0.0,1.0,39
5,7,16,5,2,0.859375,1,1.399999720000056,0.5000001249999688,10.0,0.0,0.875,40
3,2,20,6,2,0.4375,0,0.6666664444445185,0.5000001249999688,20.0,0.0,0.25,22
3,15,19,6,4,1.859375,1,4.999998333333888,2.499999375293882e-07,3.5625,0.375,1.875,19
4,0,13,5,0,0.0,0,0.0,1.0,52.0,0.0,0.0,38
7,0,16,7,0,0.0,0,0.0,1.0,112.0,0.0,0.0,45
3,0,14,5,0,0.0,0,0.0,1.0,42.0,0.0,0.0,29
4,0,20,7,0,0.0,0,0.0,1.0,80.0,0.0,0.0,32
4,1,14,6,1,0.109375,0,0.24999993750001562,0.7500000624999844,28.0,0.0,0.125,36
6,0,15,5,0,0.0,0,0.0,1.0,90.0,0.0,0.0,43
7,8,16,6,3,1.0,1,1.14285697959186,0.2500001874999531,12.444444444444445,0.0,1.0,46
1,3,21,6,2,0.484375,1,2.9999970000030003,0.5000001249999688,5.25,0.25,0.375,7
4,7,21,6,3,1.109375,1,1.7499995625001092,0.2500001874999531,10.5,0.0,0.875,11
4,7,20,5,3,1.609375,1,1.7499995625001092,0.2500001874999531,10.0,0.0,0.875,12
5,1,17,6,1,0.109375,0,0.199999960000008,0.7500000624999844,42.5,0.0,0.125,39
3,6,19,6,3,1.1875,1,1.9999993333335555,0.2500001874999531,8.142857142857142,0.125,0.75,8
8,1,18,6,1,0.109375,0,0.12499998437500197,0.7500000624999844,72.0,0.0,0.125,48
1,7,21,6,3,1.109375,1,6.9999930000070005,0.2500001874999531,2.625,0.5,0.875,0
6,1,19,6,1,0.109375,0,0.16666663888889352,0.7500000624999844,57.0,0.0,0.125,45
8,7,13,4,3,1.109375,0,0.8749998906250137,0.2500001874999531,13.0,0.0,0.875,57
1,0,23,8,0,0.0,0,0.0,1.0,23.0,0.0,0.0,1
6,1,19,6,1,0.109375,0,0.16666663888889352,0.7500000624999844,57.0,0.0,0.125,53
5,1,19,8,1,0.109375,0,0.199999960000008,0.7500000624999844,47.5,0.0,0.125,40
6,2,17,8,1,0.1875,0,0.33333327777778704,0.7500000624999844,34.0,0.0,0.25,42
5,7,20,6,3,1.109375,1,1.399999720000056,0.2500001874999531,12.5,0.0,0.875,17
7,0,21,7,0,0.0,0,0.0,1.0,147.0,0.0,0.0,51
8,3,17,8,3,0.984375,0,0.3749999531250059,0.2500001874999531,34.0,0.0,0.375,40
2,4,21,7,3,1.0,1,1.9999990000005,0.2500001874999531,8.4,0.125,0.5,25
6,2,19,8,1,0.1875,0,0.33333327777778704,0.7500000624999844,38.0,0.0,0.25,46
3,0,19,8,0,0.0,0,0.0,1.0,57.0,0.0,0.0,27
5,0,21,8,0,0.0,0,0.0,1.0,105.0,0.0,0.0,30
1,0,24,8,0,0.0,0,0.0,1.0,24.0,0.0,0.0,21
7,8,20,6,3,1.25,1,1.14285697959186,0.2500001874999531,15.555555555555555,0.0,1.0,53
4,4,25,7,2,0.75,1,0.9999997500000625,0.5000001249999688,20.0,0.0,0.5,34
6,2,20,7,2,0.4375,0,0.33333327777778704,0.5000001249999688,40.0,0.0,0.25,52
5,0,25,7,0,0.0,0,0.0,1.0,125.0,0.0,0.0,34
2,0,22,8,0,0.0,0,0.0,1.0,44.0,0.0,0.0,34
7,2,18,8,1,0.1875,0,0.285714244897965,0.7500000624999844,42.0,0.0,0.25,53
4,16,25,5,4,2.0,1,3.99999900000025,2.499999375293882e-07,5.882352941176471,0.25,2.0,34
6,4,20,7,3,1.0,0,0.6666665555555741,0.2500001874999531,24.0,0.0,0.5,43
7,4,19,6,3,1.0,0,0.57142848979593,0.2500001874999531,26.6,0.0,0.5,54
8,7,21,5,3,1.609375,0,0.8749998906250137,0.2500001874999531,21.0,0.0,0.875,54
8,0,20,7,0,0.0,0,0.0,1.0,160.0,0.0,0.0,60
8,4,20,6,3,1.0,0,0.4999999375000079,0.2500001874999531,32.0,0.0,0.5,57
8,0,24,7,0,0.0,0,0.0,1.0,192.0,0.0,0.0,59
7,6,24,8,3,1.1875,0,0.857142734693895,0.2500001874999531,24.0,0.0,0.75,53
7,0,24,9,0,0.0,0,0.0,1.0,168.0,0.0,0.0,54
4,24,0,1,4,3.0,1,5.999998500000375,2.499999375293882e-07,0.0,0.75,3.0,0
8,32,0,0,4,0.0,1,3.999999500000063,2.499999375293882e-07,0.0,0.0,4.0,0
2,20,0,2,4,3.75,1,9.9999950000025,2.499999375293882e-07,0.0,0.625,2.5,0
2,18,0,3,4,3.4375,1,8.99999550000225,2.499999375293882e-07,0.0,0.625,2.25,0
2,16,0,4,4,4.0,1,7.999996000002,2.499999375293882e-07,0.0,0.5,2.0,0
7,18,0,4,4,3.1875,1,2.571428204081685,2.499999375293882e-07,0.0,0.0,2.25,0
3,8,0,6,4,3.0,1,2.666665777778074,2.499999375293882e-07,0.0,0.25,1.0,0
3,19,0,4,4,2.984375,1,6.333331222222926,2.499999375293882e-07,0.0,0.5,2.375,0
6,13,1,4,4,2.484375,1,2.1666663055556157,2.499999375293882e-07,0.42857142857142855,0.0,1.625,0
4,6,1,7,3,1.1875,1,1.4999996250000938,0.2500001874999531,0.5714285714285714,0.0,0.75,1
5,6,2,7,3,1.1875,1,1.199999760000048,0.2500001874999531,1.4285714285714286,0.0,0.75,2
2,6,3,7,3,1.1875,1,2.99999850000075,0.2500001874999531,0.8571428571428571,0.25,0.75,2
5,8,2,6,4,1.75,1,1.599999680000064,2.499999375293882e-07,1.1111111111111112,0.0,1.0,1
5,4,2,7,3,1.0,0,0.799999840000032,0.2500001874999531,2.0,0.0,0.5,3
3,8,1,6,4,1.75,1,2.666665777778074,2.499999375293882e-07,0.3333333333333333,0.125,1.0,0
4,1,5,8,1,0.109375,0,0.24999993750001562,0.7500000624999844,10.0,0.0,0.125,4
3,13,0,4,4,2.484375,1,4.33333188888937,2.499999375293882e-07,0.0,0.25,1.625,0
3,4,0,6,4,1.75,1,1.333332888889037,2.499999375293882e-07,0.0,0.125,0.5,0
2,4,1,6,4,1.75,1,1.9999990000005,2.499999375293882e-07,0.4,0.125,0.5,1
8,6,4,7,3,1.1875,0,0.7499999062500118,0.2500001874999531,4.571428571428571,0.0,0.75,10
1,4,7,8,3,1.0,1,3.9999960000040002,0.2500001874999531,1.4,0.25,0.5,4
5,10,8,7,3,1.6875,1,1.99999960000008,0.2500001874999531,3.6363636363636362,0.0,1.25,1
6,4,3,7,3,1.0,0,0.6666665555555741,0.2500001874999531,3.6,0.0,0.5,10
1,1,10,7,1,0.109375,1,0.9999990000010001,0.7500000624999844,5.0,0.125,0.125,0
4,7,10,6,3,1.109375,1,1.7499995625001092,0.2500001874999531,5.0,0.0,0.875,3
6,0,6,9,0,0.0,0,0.0,1.0,36.0,0.0,0.0,19
6,1,4,8,1,0.109375,0,0.16666663888889352,0.7500000624999844,12.0,0.0,0.125,12
6,7,9,7,3,1.109375,1,1.1666664722222546,0.2500001874999531,6.75,0.0,0.875,19
8,7,6,7,4,1.859375,0,0.8749998906250137,2.499999375293882e-07,6.0,0.0,0.875,17
2,5,11,6,3,0.984375,1,2.499998750000625,0.2500001874999531,3.6666666666666665,0.125,0.625,7
1,1,17,6,1,0.109375,1,0.9999990000010001,0.7500000624999844,8.5,0.125,0.125,0
6,0,5,9,0,0.0,0,0.0,1.0,30.0,0.0,0.0,18
1,6,19,6,3,1.1875,1,5.999994000006001,0.2500001874999531,2.7142857142857144,0.375,0.75,5
6,4,8,7,3,1.0,0,0.6666665555555741,0.2500001874999531,9.6,0.0,0.5,19
5,1,12,7,1,0.109375,0,0.199999960000008,0.7500000624999844,30.0,0.0,0.125,16
3,5,10,6,3,0.984375,1,1.6666661111112961,0.2500001874999531,5.0,0.125,0.625,9
1,0,24,8,0,0.0,0,0.0,1.0,24.0,0.0,0.0,3
7,0,7,9,0,0.0,0,0.0,1.0,49.0,0.0,0.0,30
4,7,15,5,3,1.609375,1,1.7499995625001092,0.2500001874999531,7.5,0.0,0.875,21
3,1,13,7,1,0.109375,0,0.33333322222225925,0.7500000624999844,19.5,0.0,0.125,22
2,6,20,6,3,1.1875,1,2.99999850000075,0.2500001874999531,5.714285714285714,0.25,0.75,17
3,1,14,7,1,0.109375,0,0.33333322222225925,0.7500000624999844,21.0,0.0,0.125,23
3,0,16,6,0,0.0,0,0.0,1.0,48.0,0.0,0.0,17
2,1,16,6,1,0.109375,0,0.499999750000125,0.7500000624999844,16.0,0.0,0.125,16
3,6,17,6,3,1.1875,1,1.9999993333335555,0.2500001874999531,7.285714285714286,0.125,0.75,21
7,7,9,6,3,1.109375,1,0.9999998571428775,0.2500001874999531,7.875,0.0,0.875,27
1,0,24,9,0,0.0,0,0.0,1.0,24.0,0.0,0.0,4
8,7,8,7,3,1.109375,0,0.8749998906250137,0.2500001874999531,8.0,0.0,0.875,40
4,0,21,7,0,0.0,0,0.0,1.0,84.0,0.0,0.0,25
8,10,9,7,3,1.6875,1,1.2499998437500197,0.2500001874999531,6.545454545454546,0.0,1.25,46
4,2,14,5,2,0.4375,0,0.49999987500003124,0.5000001249999688,18.666666666666668,0.0,0.25,28
1,0,22,9,0,0.0,0,0.0,1.0,22.0,0.0,0.0,1
7,9,15,6,3,1.109375,1,1.2857141020408425,0.2500001874999531,10.5,0.0,1.125,43
6,0,15,6,0,0.0,0,0.0,1.0,90.0,0.0,0.0,29
8,1,11,7,1,0.109375,0,0.12499998437500197,0.7500000624999844,44.0,0.0,0.125,42
8,0,14,6,0,0.0,0,0.0,1.0,112.0,0.0,0.0,44
6,6,18,6,3,1.1875,1,0.9999998333333611,0.2500001874999531,15.428571428571429,0.0,0.75,34
2,0,22,7,0,0.0,0,0.0,1.0,44.0,0.0,0.0,34
2,0,24,7,0,0.0,0,0.0,1.0,48.0,0.0,0.0,31
5,0,23,7,0,0.0,0,0.0,1.0,115.0,0.0,0.0,46
3,3,25,7,3,0.984375,1,0.9999996666667778,0.2500001874999531,18.75,0.125,0.375,40
6,0,20,7,0,0.0,0,0.0,1.0,120.0,0.0,0.0,44
3,7,26,6,3,1.609375,1,2.3333325555558146,0.2500001874999531,9.75,0.25,0.875,39
4,0,23,7,0,0.0,0,0.0,1.0,92.0,0.0,0.0,44
1,0,27,6,0,0.0,0,0.0,1.0,27.0,0.0,0.0,10
7,6,25,6,3,1.1875,0,0.857142734693895,0.2500001874999531,25.0,0.0,0.75,43
1,0,26,6,0,0.0,0,0.0,1.0,26.0,0.0,0.0,11
4,6,26,6,3,1.1875,1,1.4999996250000938,0.2500001874999531,14.857142857142858,0.0,0.75,40
4,0,21,9,0,0.0,0,0.0,1.0,84.0,0.0,0.0,36
5,0,23,9,0,0.0,0,0.0,1.0,115.0,0.0,0.0,36
4,5,24,7,4,1.734375,1,1.249999687500078,2.499999375293882e-07,16.0,0.125,0.625,39
7,8,25,7,3,1.25,1,1.14285697959186,0.2500001874999531,19.444444444444443,0.0,1.0,59
2,11,23,7,3,1.984375,1,5.499997250001375,0.2500001874999531,3.8333333333333335,0.5,1.375,36
3,1,22,7,1,0.109375,0,0.33333322222225925,0.7500000624999844,33.0,0.0,0.125,37
5,1,25,6,1,0.109375,0,0.199999960000008,0.7500000624999844,62.5,0.0,0.125,38
2,0,26,6,0,0.0,0,0.0,1.0,52.0,0.0,0.0,20
6,1,24,7,1,0.109375,0,0.16666663888889352,0.7500000624999844,72.0,0.0,0.125,48
4,1,23,7,1,0.109375,0,0.24999993750001562,0.7500000624999844,46.0,0.0,0.125,43
2,6,27,6,3,1.6875,1,2.99999850000075,0.2500001874999531,7.714285714285714,0.25,0.75,22
5,1,25,6,1,0.109375,0,0.199999960000008,0.7500000624999844,62.5,0.0,0.125,48
7,7,25,6,3,1.609375,1,0.9999998571428775,0.2500001874999531,21.875,0.0,0.875,61
2,3,24,7,3,0.984375,1,1.499999250000375,0.2500001874999531,12.0,0.125,0.375,20
5,1,23,6,1,0.109375,0,0.199999960000008,0.7500000624999844,57.5,0.0,0.125,44
4,0,25,6,0,0.0,0,0.0,1.0,100.0,0.0,0.0,34
8,11,22,7,3,1.984375,1,1.3749998281250215,0.2500001874999531,14.666666666666666,0.0,1.375,64
1,1,19,6,1,0.109375,1,0.9999990000010001,0.7500000624999844,9.5,0.125,0.125,0
6,0,26,7,0,0.0,0,0.0,1.0,156.0,0.0,0.0,45
7,0,24,7,0,0.0,0,0.0,1.0,168.0,0.0,0.0,66
5,3,23,7,3,0.984375,0,0.599999880000024,0.2500001874999531,28.75,0.0,0.375,35
6,0,25,7,0,0.0,0,0.0,1.0,150.0,0.0,0.0,43
8,6,23,7,3,1.1875,0,0.7499999062500118,0.2500001874999531,26.285714285714285,0.0,0.75,68
7,0,25,7,0,0.0,0,0.0,1.0,175.0,0.0,0.0,80
7,13,26,4,4,2.734375,1,1.8571425918367725,2.499999375293882e-07,13.0,0.0,1.625,78
6,1,22,9,1,0.109375,0,0.16666663888889352,0.7500000624999844,66.0,0.0,0.125,45
2,4,24,8,3,1.0,1,1.9999990000005,0.2500001874999531,9.6,0.125,0.5,50
8,1,24,6,1,0.109375,0,0.12499998437500197,0.7500000624999844,96.0,0.0,0.125,75
2,1,21,8,1,0.109375,0,0.499999750000125,0.7500000624999844,21.0,0.0,0.125,43
4,1,22,6,1,0.109375,0,0.24999993750001562,0.7500000624999844,44.0,0.0,0.125,32
3,5,21,7,3,0.984375,1,1.6666661111112961,0.2500001874999531,10.5,0.125,0.625,49
2,0,22,7,0,0.0,0,0.0,1.0,44.0,0.0,0.0,36
7,9,21,6,3,1.609375,1,1.2857141020408425,0.2500001874999531,14.7,0.0,1.125,49
6,1,20,6,1,0.109375,0,0.16666663888889352,0.7500000624999844,60.0,0.0,0.125,45
6,0,20,8,0,0.0,0,0.0,1.0,120.0,0.0,0.0,49
5,5,21,7,3,0.984375,1,0.99999980000004,0.2500001874999531,17.5,0.0,0.625,50
8,1,23,9,1,0.109375,0,0.12499998437500197,0.7500000624999844,92.0,0.0,0.125,69
7,0,21,8,0,0.0,0,0.0,1.0,147.0,0.0,0.0,62
5,1,21,6,1,0.109375,0,0.199999960000008,0.7500000624999844,52.5,0.0,0.125,50
8,1,21,8,1,0.109375,0,0.12499998437500197,0.7500000624999844,84.0,0.0,0.125,72
7,3,22,7,2,0.484375,0,0.4285713673469475,0.5000001249999688,38.5,0.0,0.375,63
7,22,0,2,4,2.9375,1,3.142856693877615,2.499999375293882e-07,0.0,0.0,2.75,0
4,11,0,5,4,3.234375,1,2.749999312500172,2.499999375293882e-07,0.0,0.25,1.375,0
3,15,0,3,4,3.609375,1,4.999998333333888,2.499999375293882e-07,0.0,0.5,1.875,0
1,15,1,3,4,3.609375,1,14.999985000015002,2.499999375293882e-07,0.0625,0.5,1.875,0
5,27,0,1,4,1.734375,1,5.399998920000216,2.499999375293882e-07,0.0,0.0,3.375,0
3,6,1,6,3,1.1875,1,1.9999993333335555,0.2500001874999531,0.42857142857142855,0.125,0.75,0
1,1,1,7,1,0.109375,1,0.9999990000010001,0.7500000624999844,0.5,0.125,0.125,0
3,3,2,7,2,0.484375,1,0.9999996666667778,0.5000001249999688,1.5,0.0,0.375,0
8,1,0,7,1,0.109375,0,0.12499998437500197,0.7500000624999844,0.0,0.0,0.125,4
2,0,2,8,0,0.0,0,0.0,1.0,4.0,0.0,0.0,6
6,0,4,8,0,0.0,0,0.0,1.0,24.0,0.0,0.0,6
4,3,1,7,2,0.484375,0,0.7499998125000469,0.5000001249999688,1.0,0.0,0.375,7
8,3,0,7,2,0.484375,0,0.3749999531250059,0.5000001249999688,0.0,0.0,0.375,11
8,0,3,8,0,0.0,0,0.0,1.0,24.0,0.0,0.0,13
3,9,8,5,4,1.609375,1,2.9999990000003334,2.499999375293882e-07,2.4,0.125,1.125,5
1,1,7,7,1,0.109375,1,0.9999990000010001,0.7500000624999844,3.5,0.125,0.125,0
1,0,10,8,0,0.0,0,0.0,1.0,10.0,0.0,0.0,3
3,0,5,8,0,0.0,0,0.0,1.0,15.0,0.0,0.0,9
3,6,7,6,4,1.6875,1,1.9999993333335555,2.499999375293882e-07,3.0,0.125,0.75,11
3,8,6,6,3,1.75,1,2.666665777778074,0.2500001874999531,2.0,0.25,1.0,10
7,1,5,6,1,0.109375,0,0.1428571224489825,0.7500000624999844,17.5,0.0,0.125,13
3,0,6,8,0,0.0,0,0.0,1.0,18.0,0.0,0.0,13
7,1,6,6,1,0.109375,0,0.1428571224489825,0.7500000624999844,21.0,0.0,0.125,14
5,9,9,5,4,1.609375,1,1.799999640000072,2.499999375293882e-07,4.5,0.0,1.125,17
7,4,8,5,2,0.5,0,0.57142848979593,0.5000001249999688,11.2,0.0,0.5,19
8,4,7,5,2,0.5,0,0.4999999375000079,0.5000001249999688,11.2,0.0,0.5,21
3,1,13,9,1,0.109375,0,0.33333322222225925,0.7500000624999844,19.5,0.0,0.125,6
6,1,6,7,1,0.109375,0,0.16666663888889352,0.7500000624999844,18.0,0.0,0.125,18
1,1,12,6,1,0.109375,1,0.9999990000010001,0.7500000624999844,6.0,0.125,0.125,0
2,0,13,8,0,0.0,0,0.0,1.0,26.0,0.0,0.0,9
2,0,9,6,0,0.0,0,0.0,1.0,18.0,0.0,0.0,11
1,1,11,7,1,0.109375,1,0.9999990000010001,0.7500000624999844,5.5,0.125,0.125,0
5,0,8,8,0,0.0,0,0.0,1.0,40.0,0.0,0.0,21
6,0,11,8,0,0.0,0,0.0,1.0,66.0,0.0,0.0,24
2,4,10,6,3,1.0,1,1.9999990000005,0.2500001874999531,4.0,0.125,0.5,0
8,9,9,4,4,2.109375,1,1.1249998593750177,2.499999375293882e-07,7.2,0.0,1.125,31
6,0,12,8,0,0.0,0,0.0,1.0,72.0,0.0,0.0,28
5,1,9,8,1,0.109375,0,0.199999960000008,0.7500000624999844,22.5,0.0,0.125,9
8,0,7,8,0,0.0,0,0.0,1.0,56.0,0.0,0.0,43
7,1,12,9,1,0.109375,0,0.1428571224489825,0.7500000624999844,42.0,0.0,0.125,41
2,0,11,6,0,0.0,0,0.0,1.0,22.0,0.0,0.0,2
6,1,10,6,1,0.109375,0,0.16666663888889352,0.7500000624999844,30.0,0.0,0.125,28
8,0,9,8,0,0.0,0,0.0,1.0,72.0,0.0,0.0,43
2,14,10,3,4,2.6875,1,6.99999650000175,2.499999375293882e-07,1.3333333333333333,0.5,1.75,11
7,1,11,6,1,0.109375,0,0.1428571224489825,0.7500000624999844,38.5,0.0,0.125,38
8,1,11,9,1,0.109375,0,0.12499998437500197,0.7500000624999844,44.0,0.0,0.125,39
7,7,10,5,4,1.859375,1,0.9999998571428775,2.499999375293882e-07,8.75,0.0,0.875,39
7,0,11,7,0,0.0,0,0.0,1.0,77.0,0.0,0.0,37
3,1,10,5,1,0.109375,0,0.33333322222225925,0.7500000624999844,15.0,0.0,0.125,13
5,3,11,6,2,0.484375,0,0.599999880000024,0.5000001249999688,13.75,0.0,0.375,30
1,0,15,5,0,0.0,0,0.0,1.0,15.0,0.0,0.0,8
6,8,9,4,3,1.25,1,1.3333331111111482,0.2500001874999531,6.0,0.0,1.0,27
7,2,11,7,2,0.4375,0,0.285714244897965,0.5000001249999688,25.666666666666668,0.0,0.25,30
8,7,10,7,4,1.859375,0,0.8749998906250137,2.499999375293882e-07,10.0,0.0,0.875,37
5,8,10,4,3,1.25,1,1.599999680000064,0.2500001874999531,5.555555555555555,0.0,1.0,33
1,0,14,5,0,0.0,0,0.0,1.0,14.0,0.0,0.0,8
6,1,12,5,1,0.109375,0,0.16666663888889352,0.7500000624999844,36.0,0.0,0.125,28
1,0,18,5,0,0.0,0,0.0,1.0,18.0,0.0,0.0,14
1,0,19,5,0,0.0,0,0.0,1.0,19.0,0.0,0.0,15
8,2,10,7,2,0.4375,0,0.24999996875000394,0.5000001249999688,26.666666666666668,0.0,0.25,54
4,7,11,4,4,2.359375,1,1.7499995625001092,2.499999375293882e-07,5.5,0.125,0.875,26
3,3,12,4,2,0.484375,1,0.9999996666667778,0.5000001249999688,9.0,0.0,0.375,16
2,7,21,4,3,1.359375,1,3.499998250000875,0.2500001874999531,5.25,0.375,0.875,16
1,0,21,11,0,0.0,0,0.0,1.0,21.0,0.0,0.0,2
4,8,11,4,4,2.0,1,1.999999500000125,2.499999375293882e-07,4.888888888888889,0.125,1.0,25
8,1,11,5,1,0.109375,0,0.12499998437500197,0.7500000624999844,44.0,0.0,0.125,42
2,0,20,5,0,0.0,0,0.0,1.0,40.0,0.0,0.0,13
1,1,21,9,1,0.109375,1,0.9999990000010001,0.7500000624999844,10.5,0.125,0.125,1
1,0,20,8,0,0.0,0,0.0,1.0,20.0,0.0,0.0,6
5,3,11,4,2,0.484375,0,0.599999880000024,0.5000001249999688,13.75,0.0,0.375,26
1,0,23,11,0,0.0,0,0.0,1.0,23.0,0.0,0.0,2
1,13,21,8,4,1.484375,1,12.999987000013,2.499999375293882e-07,1.5,0.75,1.625,5
5,0,19,8,0,0.0,0,0.0,1.0,95.0,0.0,0.0,23
4,0,14,5,0,0.0,0,0.0,1.0,56.0,0.0,0.0,26
6,0,12,5,0,0.0,0,0.0,1.0,72.0,0.0,0.0,36
3,7,23,7,4,2.359375,1,2.3333325555558146,2.499999375293882e-07,8.625,0.25,0.875,14
2,7,20,6,4,1.859375,1,3.499998250000875,2.499999375293882e-07,5.0,0.25,0.875,22
1,1,23,7,1,0.109375,1,0.9999990000010001,0.7500000624999844,11.5,0.125,0.125,0
2,1,22,10,1,0.109375,0,0.499999750000125,0.7500000624999844,22.0,0.0,0.125,17
3,1,24,10,1,0.109375,0,0.33333322222225925,0.7500000624999844,36.0,0.0,0.125,18
4,0,21,8,0,0.0,0,0.0,1.0,84.0,0.0,0.0,17
2,1,21,9,1,0.109375,0,0.499999750000125,0.7500000624999844,21.0,0.0,0.125,11
8,0,16,5,0,0.0,0,0.0,1.0,128.0,0.0,0.0,42
7,0,13,5,0,0.0,0,0.0,1.0,91.0,0.0,0.0,40
2,7,20,9,4,1.859375,1,3.499998250000875,2.499999375293882e-07,5.0,0.25,0.875,20
2,9,25,9,4,1.859375,1,4.499997750001125,2.499999375293882e-07,5.0,0.375,1.125,19
1,3,20,8,1,0.234375,1,2.9999970000030003,0.7500000624999844,5.0,0.375,0.375,0
6,0,21,8,0,0.0,0,0.0,1.0,126.0,0.0,0.0,35
4,0,20,11,0,0.0,0,0.0,1.0,80.0,0.0,0.0,29
1,2,19,9,2,0.4375,1,1.9999980000020001,0.5000001249999688,6.333333333333333,0.125,0.25,7
8,0,19,7,0,0.0,0,0.0,1.0,152.0,0.0,0.0,50
6,7,22,7,4,2.359375,1,1.1666664722222546,2.499999375293882e-07,16.5,0.0,0.875,48
8,0,17,5,0,0.0,0,0.0,1.0,136.0,0.0,0.0,55
7,0,19,8,0,0.0,0,0.0,1.0,133.0,0.0,0.0,56
5,9,24,9,4,1.859375,1,1.799999640000072,2.499999375293882e-07,12.0,0.0,1.125,39
6,1,23,10,1,0.109375,0,0.16666663888889352,0.7500000624999844,69.0,0.0,0.125,44
7,0,19,11,0,0.0,0,0.0,1.0,133.0,0.0,0.0,55
3,7,22,7,4,1.859375,1,2.3333325555558146,2.499999375293882e-07,8.25,0.125,0.875,35
8,7,21,6,4,1.859375,0,0.8749998906250137,2.499999375293882e-07,21.0,0.0,0.875,57
3,12,22,9,4,1.75,1,3.999998666667111,2.499999375293882e-07,5.076923076923077,0.125,1.5,39
8,0,20,8,0,0.0,0,0.0,1.0,160.0,0.0,0.0,64
8,0,19,11,0,0.0,0,0.0,1.0,152.0,0.0,0.0,66
7,3,22,10,1,0.234375,0,0.4285713673469475,0.7500000624999844,38.5,0.0,0.375,59
6,3,19,8,1,0.234375,0,0.49999991666668053,0.7500000624999844,28.5,0.0,0.375,46
8,4,21,9,2,0.5,0,0.4999999375000079,0.5000001249999688,33.6,0.0,0.5,67
7,1,22,7,1,0.109375,0,0.1428571224489825,0.7500000624999844,77.0,0.0,0.125,65
6,0,18,8,0,0.0,0,0.0,1.0,108.0,0.0,0.0,56
2,7,0,4,4,2.359375,1,3.499998250000875,2.499999375293882e-07,0.0,0.25,0.875,0
6,32,1,0,4,0.0,1,5.333332444444593,2.499999375293882e-07,0.18181818181818182,0.0,4.0,0
4,5,0,5,4,1.734375,1,1.249999687500078,2.499999375293882e-07,0.0,0.125,0.625,0
3,1,1,6,1,0.109375,0,0.33333322222225925,0.7500000624999844,1.5,0.0,0.125,3
5,23,0,2,4,2.859375,1,4.599999080000184,2.499999375293882e-07,0.0,0.0,2.875,0
8,18,0,3,4,3.4375,1,2.2499997187500353,2.499999375293882e-07,0.0,0.0,2.25,0
3,1,2,6,1,0.109375,0,0.33333322222225925,0.7500000624999844,3.0,0.0,0.125,6
6,10,0,4,4,2.9375,1,1.666666388888935,2.499999375293882e-07,0.0,0.0,1.25,0
2,6,4,5,4,1.6875,1,2.99999850000075,2.499999375293882e-07,1.1428571428571428,0.125,0.75,2
4,6,3,5,4,1.6875,1,1.4999996250000938,2.499999375293882e-07,1.7142857142857142,0.125,0.75,7
4,1,0,6,1,0.109375,0,0.24999993750001562,0.7500000624999844,0.0,0.0,0.125,7
1,5,3,6,3,0.984375,1,4.999995000005001,0.2500001874999531,0.5,0.375,0.625,4
7,0,4,8,0,0.0,0,0.0,1.0,28.0,0.0,0.0,3
1,11,2,7,4,1.984375,1,10.999989000011,2.499999375293882e-07,0.16666666666666666,0.625,1.375,0
1,0,2,6,0,0.0,0,0.0,1.0,2.0,0.0,0.0,2
2,0,2,8,0,0.0,0,0.0,1.0,4.0,0.0,0.0,3
5,11,3,7,4,1.984375,1,2.199999560000088,2.499999375293882e-07,1.25,0.0,1.375,0
3,0,2,11,0,0.0,0,0.0,1.0,6.0,0.0,0.0,2
1,1,2,10,1,0.109375,1,0.9999990000010001,0.7500000624999844,1.0,0.125,0.125,0
2,0,3,8,0,0.0,0,0.0,1.0,6.0,0.0,0.0,3
8,13,4,7,4,2.984375,1,1.6249997968750256,2.499999375293882e-07,2.2857142857142856,0.0,1.625,9
4,3,5,7,2,0.484375,0,0.7499998125000469,0.5000001249999688,5.0,0.0,0.375,3
3,0,1,8,0,0.0,0,0.0,1.0,3.0,0.0,0.0,1
4,0,3,11,0,0.0,0,0.0,1.0,12.0,0.0,0.0,2
3,4,4,10,3,1.0,1,1.333332888889037,0.2500001874999531,2.4,0.125,0.5,6
7,2,2,9,1,0.1875,0,0.285714244897965,0.7500000624999844,4.666666666666667,0.0,0.25,3
8,1,1,10,1,0.109375,0,0.12499998437500197,0.7500000624999844,4.0,0.0,0.125,18
8,0,1,8,0,0.0,0,0.0,1.0,8.0,0.0,0.0,6
1,1,3,6,1,0.109375,1,0.9999990000010001,0.7500000624999844,1.5,0.125,0.125,0
2,5,2,7,2,0.734375,1,2.499998750000625,0.5000001249999688,0.6666666666666666,0.25,0.625,0
4,11,2,5,4,2.484375,1,2.749999312500172,2.499999375293882e-07,0.6666666666666666,0.25,1.375,3
4,6,3,4,2,0.6875,1,1.4999996250000938,0.5000001249999688,1.7142857142857142,0.0,0.75,5
6,9,1,6,4,2.109375,1,1.4999997500000417,2.499999375293882e-07,0.6,0.0,1.125,4
1,2,3,5,1,0.1875,1,1.9999980000020001,0.7500000624999844,1.0,0.25,0.25,0
3,5,2,7,3,0.984375,1,1.6666661111112961,0.2500001874999531,1.0,0.125,0.625,0
5,10,2,4,4,1.9375,1,1.99999960000008,2.499999375293882e-07,0.9090909090909091,0.0,1.25,6
4,2,2,5,1,0.1875,0,0.49999987500003124,0.7500000624999844,2.6666666666666665,0.0,0.25,5
4,1,3,9,1,0.109375,0,0.24999993750001562,0.7500000624999844,6.0,0.0,0.125,3
2,3,2,8,2,0.484375,1,1.499999250000375,0.5000001249999688,1.0,0.125,0.375,0
3,3,6,8,1,0.234375,1,0.9999996666667778,0.7500000624999844,4.5,0.0,0.375,2
6,5,1,7,3,0.984375,0,0.8333331944444675,0.2500001874999531,1.0,0.0,0.625,12
3,1,2,9,1,0.109375,0,0.33333322222225925,0.7500000624999844,3.0,0.0,0.125,2
2,2,6,6,1,0.1875,1,0.99999950000025,0.7500000624999844,4.0,0.0,0.25,0
7,5,1,7,2,0.734375,0,0.7142856122449125,0.5000001249999688,1.1666666666666667,0.0,0.625,13
6,1,5,9,1,0.109375,0,0.16666663888889352,0.7500000624999844,15.0,0.0,0.125,8
3,2,2,6,1,0.1875,0,0.6666664444445185,0.7500000624999844,2.0,0.0,0.25,9
6,2,3,6,1,0.1875,0,0.33333327777778704,0.7500000624999844,6.0,0.0,0.25,9
8,1,4,9,1,0.109375,0,0.12499998437500197,0.7500000624999844,16.0,0.0,0.125,12
5,14,3,5,4,1.4375,1,2.799999440000112,2.499999375293882e-07,1.0,0.0,1.75,6
3,0,8,6,0,0.0,0,0.0,1.0,24.0,0.0,0.0,7
4,9,2,5,3,1.109375,1,2.2499994375001404,0.2500001874999531,0.8,0.0,1.125,9
5,2,1,6,1,0.1875,0,0.399999920000016,0.7500000624999844,1.6666666666666667,0.0,0.25,9
8,2,4,6,1,0.1875,0,0.24999996875000394,0.7500000624999844,10.666666666666666,0.0,0.25,16
6,1,6,6,1,0.109375,0,0.16666663888889352,0.7500000624999844,18.0,0.0,0.125,16
3,7,8,5,4,1.859375,1,2.3333325555558146,2.499999375293882e-07,3.0,0.125,0.875,11
6,2,5,6,1,0.1875,0,0.33333327777778704,0.7500000624999844,10.0,0.0,0.25,14
1,0,11,6,0,0.0,0,0.0,1.0,11.0,0.0,0.0,10
5,9,9,4,3,0.609375,1,1.799999640000072,0.2500001874999531,4.5,0.0,1.125,21
4,7,8,5,4,1.859375,1,1.7499995625001092,2.499999375293882e-07,4.0,0.125,0.875,9
1,13,14,4,4,1.984375,1,12.999987000013,2.499999375293882e-07,1.0,0.75,1.625,5
6,4,7,5,2,0.5,0,0.6666665555555741,0.5000001249999688,8.4,0.0,0.5,21
2,9,9,5,3,1.109375,1,4.499997750001125,0.2500001874999531,1.8,0.375,1.125,15
7,0,7,6,0,0.0,0,0.0,1.0,49.0,0.0,0.0,20
4,9,10,5,3,1.109375,1,2.2499994375001404,0.2500001874999531,4.0,0.0,1.125,19
1,1,13,8,1,0.109375,1,0.9999990000010001,0.7500000624999844,6.5,0.125,0.125,0
2,0,14,7,0,0.0,0,0.0,1.0,28.0,0.0,0.0,5
1,5,16,7,2,0.734375,1,4.999995000005001,0.5000001249999688,2.6666666666666665,0.375,0.625,0
4,0,13,6,0,0.0,0,0.0,1.0,52.0,0.0,0.0,21
5,4,8,5,2,0.5,0,0.799999840000032,0.5000001249999688,8.0,0.0,0.5,19
8,1,8,6,1,0.109375,0,0.12499998437500197,0.7500000624999844,32.0,0.0,0.125,26
3,3,12,5,2,0.484375,1,0.9999996666667778,0.5000001249999688,9.0,0.0,0.375,22
5,1,11,6,1,0.109375,0,0.199999960000008,0.7500000624999844,27.5,0.0,0.125,25
6,3,13,5,2,0.484375,0,0.49999991666668053,0.5000001249999688,19.5,0.0,0.375,31
2,0,13,9,0,0.0,0,0.0,1.0,26.0,0.0,0.0,4
3,9,11,5,3,1.109375,1,2.9999990000003334,0.2500001874999531,3.3,0.125,1.125,24
4,0,12,9,0,0.0,0,0.0,1.0,48.0,0.0,0.0,17
3,1,15,8,1,0.109375,0,0.33333322222225925,0.7500000624999844,22.5,0.0,0.125,13
7,13,15,4,4,1.984375,1,1.8571425918367725,2.499999375293882e-07,7.5,0.0,1.625,27
4,0,11,9,0,0.0,0,0.0,1.0,44.0,0.0,0.0,18
5,0,13,6,0,0.0,0,0.0,1.0,65.0,0.0,0.0,27
7,0,14,6,0,0.0,0,0.0,1.0,98.0,0.0,0.0,29
2,8,19,6,3,1.75,1,3.999998000001,0.2500001874999531,4.222222222222222,0.375,1.0,4
4,2,16,7,2,0.4375,0,0.49999987500003124,0.5000001249999688,21.333333333333332,0.0,0.25,17
2,2,17,6,1,0.1875,1,0.99999950000025,0.7500000624999844,11.333333333333334,0.0,0.25,11
1,0,17,7,0,0.0,0,0.0,1.0,17.0,0.0,0.0,7
8,0,15,6,0,0.0,0,0.0,1.0,120.0,0.0,0.0,40
5,0,14,9,0,0.0,0,0.0,1.0,70.0,0.0,0.0,31
2,4,21,6,3,1.0,1,1.9999990000005,0.2500001874999531,8.4,0.125,0.5,12
3,2,19,7,2,0.4375,0,0.6666664444445185,0.5000001249999688,19.0,0.0,0.25,17
6,6,13,7,4,1.6875,1,0.9999998333333611,2.499999375293882e-07,11.142857142857142,0.0,0.75,43
6,5,17,7,2,0.734375,0,0.8333331944444675,0.5000001249999688,17.0,0.0,0.625,41
2,0,19,7,0,0.0,0,0.0,1.0,38.0,0.0,0.0,13
8,0,13,9,0,0.0,0,0.0,1.0,104.0,0.0,0.0,40
5,5,15,7,2,0.734375,1,0.99999980000004,0.5000001249999688,12.5,0.0,0.625,36
5,9,16,7,3,1.609375,1,1.799999640000072,0.2500001874999531,8.0,0.0,1.125,49
3,3,21,6,2,0.484375,1,0.9999996666667778,0.5000001249999688,15.75,0.0,0.375,18
2,11,21,5,3,1.984375,1,5.499997250001375,0.2500001874999531,3.5,0.5,1.375,16
8,3,16,7,2,0.484375,0,0.3749999531250059,0.5000001249999688,32.0,0.0,0.375,47
6,1,14,8,1,0.109375,0,0.16666663888889352,0.7500000624999844,42.0,0.0,0.125,44
4,2,17,7,2,0.4375,0,0.49999987500003124,0.5000001249999688,22.666666666666668,0.0,0.25,45
4,2,18,7,2,0.4375,0,0.49999987500003124,0.5000001249999688,24.0,0.0,0.25,45
5,0,20,7,0,0.0,0,0.0,1.0,100.0,0.0,0.0,36
5,0,19,8,0,0.0,0,0.0,1.0,95.0,0.0,0.0,38
4,6,20,6,3,0.9375,1,1.4999996250000938,0.2500001874999531,11.428571428571429,0.0,0.75,47
7,0,18,7,0,0.0,0,0.0,1.0,126.0,0.0,0.0,43
4,0,16,7,0,0.0,0,0.0,1.0,64.0,0.0,0.0,39
5,8,20,6,3,1.75,1,1.599999680000064,0.2500001874999531,11.11111111111111,0.0,1.0,48
5,0,20,8,0,0.0,0,0.0,1.0,100.0,0.0,0.0,41
6,23,0,2,4,2.859375,1,3.8333326944445507,2.499999375293882e-07,0.0,0.0,2.875,0
4,17,0,3,4,3.609375,1,4.249998937500266,2.499999375293882e-07,0.0,0.5,2.125,0
1,32,1,0,4,0.0,1,31.999968000032002,2.499999375293882e-07,0.030303030303030304,1.0,4.0,0
8,11,1,5,4,3.234375,1,1.3749998281250215,2.499999375293882e-07,0.6666666666666666,0.0,1.375,8
8,11,0,5,4,3.234375,1,1.3749998281250215,2.499999375293882e-07,0.0,0.0,1.375,0
2,3,1,6,3,0.984375,1,1.499999250000375,0.2500001874999531,0.5,0.125,0.375,0
3,2,2,7,1,0.1875,0,0.6666664444445185,0.7500000624999844,2.0,0.0,0.25,2
3,6,4,6,3,1.1875,1,1.9999993333335555,0.2500001874999531,1.7142857142857142,0.125,0.75,4
3,0,4,8,0,0.0,0,0.0,1.0,12.0,0.0,0.0,5
7,0,3,8,0,0.0,0,0.0,1.0,21.0,0.0,0.0,8
3,1,2,7,1,0.109375,0,0.33333322222225925,0.7500000624999844,3.0,0.0,0.125,4
3,2,3,7,1,0.1875,0,0.6666664444445185,0.7500000624999844,3.0,0.0,0.25,4
1,1,7,8,1,0.109375,1,0.9999990000010001,0.7500000624999844,3.5,0.125,0.125,0
3,1,5,8,1,0.109375,0,0.33333322222225925,0.7500000624999844,7.5,0.0,0.125,1
7,0,2,8,0,0.0,0,0.0,1.0,14.0,0.0,0.0,5
1,0,7,9,0,0.0,0,0.0,1.0,7.0,0.0,0.0,1
4,7,5,8,3,1.109375,1,1.7499995625001092,0.2500001874999531,2.5,0.0,0.875,2
2,0,4,8,0,0.0,0,0.0,1.0,8.0,0.0,0.0,1
7,0,1,8,0,0.0,0,0.0,1.0,7.0,0.0,0.0,9
1,2,4,8,2,0.4375,1,1.9999980000020001,0.5000001249999688,1.3333333333333333,0.125,0.25,0
5,10,5,6,4,2.6875,1,1.99999960000008,2.499999375293882e-07,2.272727272727273,0.0,1.25,16
2,1,6,8,1,0.109375,0,0.499999750000125,0.7500000624999844,6.0,0.0,0.125,3
2,0,6,9,0,0.0,0,0.0,1.0,12.0,0.0,0.0,2
1,8,5,6,4,1.75,1,7.9999920000080005,2.499999375293882e-07,0.5555555555555556,0.5,1.0,0
4,0,2,8,0,0.0,0,0.0,1.0,8.0,0.0,0.0,10
7,1,4,8,1,0.109375,0,0.1428571224489825,0.7500000624999844,14.0,0.0,0.125,17
7,0,3,8,0,0.0,0,0.0,1.0,21.0,0.0,0.0,14
3,3,3,8,3,0.984375,1,0.9999996666667778,0.2500001874999531,2.25,0.125,0.375,0
2,1,4,8,1,0.109375,0,0.499999750000125,0.7500000624999844,4.0,0.0,0.125,2
2,5,3,6,3,0.984375,1,2.499998750000625,0.2500001874999531,1.0,0.125,0.625,0
6,3,8,8,2,0.484375,0,0.49999991666668053,0.5000001249999688,12.0,0.0,0.375,19
3,5,5,5,3,1.234375,1,1.6666661111112961,0.2500001874999531,2.5,0.125,0.625,0
7,0,4,9,0,0.0,0,0.0,1.0,28.0,0.0,0.0,17
6,4,4,7,3,1.0,0,0.6666665555555741,0.2500001874999531,4.8,0.0,0.5,15
6,0,3,9,0,0.0,0,0.0,1.0,18.0,0.0,0.0,21
1,3,6,7,2,0.484375,1,2.9999970000030003,0.5000001249999688,1.5,0.25,0.375,0
3,5,6,7,3,0.984375,1,1.6666661111112961,0.2500001874999531,3.0,0.125,0.625,0
2,2,8,8,2,0.4375,1,0.99999950000025,0.5000001249999688,5.333333333333333,0.125,0.25,0
4,4,8,7,2,0.5,1,0.9999997500000625,0.5000001249999688,6.4,0.0,0.5,0
5,0,8,8,0,0.0,0,0.0,1.0,40.0,0.0,0.0,8
3,9,9,6,4,2.109375,1,2.9999990000003334,2.499999375293882e-07,2.7,0.25,1.125,0
3,7,9,7,4,1.609375,1,2.3333325555558146,2.499999375293882e-07,3.375,0.125,0.875,6
3,6,9,7,4,1.9375,1,1.9999993333335555,2.499999375293882e-07,3.857142857142857,0.125,0.75,3
7,5,4,5,3,1.234375,0,0.7142856122449125,0.2500001874999531,4.666666666666667,0.0,0.625,19
7,3,3,7,2,0.484375,0,0.4285713673469475,0.5000001249999688,5.25,0.0,0.375,19
2,4,9,6,2,0.5,1,1.9999990000005,0.5000001249999688,3.6,0.125,0.5,6
7,3,4,7,2,0.484375,0,0.4285713673469475,0.5000001249999688,7.0,0.0,0.375,28
7,3,5,7,2,0.484375,0,0.4285713673469475,0.5000001249999688,8.75,0.0,0.375,32
3,3,10,6,3,0.984375,1,0.9999996666667778,0.2500001874999531,7.5,0.125,0.375,4
4,1,9,7,1,0.109375,0,0.24999993750001562,0.7500000624999844,18.0,0.0,0.125,9
8,4,4,6,3,1.0,0,0.4999999375000079,0.2500001874999531,6.4,0.0,0.5,38
2,1,10,6,1,0.109375,0,0.499999750000125,0.7500000624999844,10.0,0.0,0.125,1
7,9,10,6,4,2.109375,1,1.2857141020408425,2.499999375293882e-07,7.0,0.0,1.125,39
7,2,6,8,2,0.4375,0,0.285714244897965,0.5000001249999688,14.0,0.0,0.25,37
3,3,11,5,1,0.234375,1,0.9999996666667778,0.7500000624999844,8.25,0.0,0.375,6
4,8,8,5,4,1.5,1,1.999999500000125,2.499999375293882e-07,3.5555555555555554,0.125,1.0,14
8,2,7,8,2,0.4375,0,0.24999996875000394,0.5000001249999688,18.666666666666668,0.0,0.25,37
8,9,7,5,4,1.609375,1,1.1249998593750177,2.499999375293882e-07,5.6,0.0,1.125,26
3,1,12,6,1,0.109375,0,0.33333322222225925,0.7500000624999844,18.0,0.0,0.125,9
6,0,10,7,0,0.0,0,0.0,1.0,60.0,0.0,0.0,31
7,0,8,8,0,0.0,0,0.0,1.0,56.0,0.0,0.0,40
8,8,7,5,4,1.5,1,0.9999998750000157,2.499999375293882e-07,6.222222222222222,0.0,1.0,26
6,3,12,5,2,0.484375,0,0.49999991666668053,0.5000001249999688,18.0,0.0,0.375,27
7,1,8,6,1,0.109375,0,0.1428571224489825,0.7500000624999844,28.0,0.0,0.125,25
7,1,9,6,1,0.109375,0,0.1428571224489825,0.7500000624999844,31.5,0.0,0.125,34
2,8,12,5,4,1.5,1,3.999998000001,2.499999375293882e-07,2.6666666666666665,0.125,1.0,24
6,3,12,5,1,0.234375,0,0.49999991666668053,0.7500000624999844,18.0,0.0,0.375,30
4,0,15,6,0,0.0,0,0.0,1.0,60.0,0.0,0.0,27
2,0,13,6,0,0.0,0,0.0,1.0,26.0,0.0,0.0,16
1,0,20,7,0,0.0,0,0.0,1.0,20.0,0.0,0.0,3
2,8,18,4,4,1.5,1,3.999998000001,2.499999375293882e-07,4.0,0.125,1.0,21
2,1,18,6,1,0.109375,0,0.499999750000125,0.7500000624999844,18.0,0.0,0.125,16
3,8,12,5,4,1.5,1,2.666665777778074,2.499999375293882e-07,4.0,0.125,1.0,30
2,4,21,4,2,0.5,1,1.9999990000005,0.5000001249999688,8.4,0.125,0.5,15
5,1,12,6,1,0.109375,0,0.199999960000008,0.7500000624999844,30.0,0.0,0.125,30
5,0,17,6,0,0.0,0,0.0,1.0,85.0,0.0,0.0,34
5,3,13,5,2,0.484375,0,0.599999880000024,0.5000001249999688,16.25,0.0,0.375,32
5,0,14,6,0,0.0,0,0.0,1.0,70.0,0.0,0.0,32
5,7,17,5,4,1.609375,1,1.399999720000056,2.499999375293882e-07,10.625,0.0,0.875,32
1,2,24,9,2,0.4375,1,1.9999980000020001,0.5000001249999688,8.0,0.125,0.25,4
2,5,24,9,3,0.984375,1,2.499998750000625,0.2500001874999531,8.0,0.125,0.625,1
3,1,20,5,1,0.109375,0,0.33333322222225925,0.7500000624999844,30.0,0.0,0.125,21
6,0,19,5,0,0.0,0,0.0,1.0,114.0,0.0,0.0,31
7,0,18,6,0,0.0,0,0.0,1.0,126.0,0.0,0.0,45
3,7,22,5,4,1.609375,1,2.3333325555558146,2.499999375293882e-07,8.25,0.125,0.875,29
8,3,13,5,1,0.234375,0,0.3749999531250059,0.7500000624999844,26.0,0.0,0.375,57
5,0,20,6,0,0.0,0,0.0,1.0,100.0,0.0,0.0,25
3,6,21,5,4,1.6875,1,1.9999993333335555,2.499999375293882e-07,9.0,0.125,0.75,27
3,7,24,7,3,1.609375,1,2.3333325555558146,0.2500001874999531,9.0,0.25,0.875,23
4,6,23,6,4,1.6875,1,1.4999996250000938,2.499999375293882e-07,13.142857142857142,0.125,0.75,32
6,0,21,6,0,0.0,0,0.0,1.0,126.0,0.0,0.0,43
8,0,16,6,0,0.0,0,0.0,1.0,128.0,0.0,0.0,55
7,0,18,5,0,0.0,0,0.0,1.0,126.0,0.0,0.0,53
4,7,27,7,3,1.609375,1,1.7499995625001092,0.2500001874999531,13.5,0.0,0.875,37
8,0,21,7,0,0.0,0,0.0,1.0,168.0,0.0,0.0,50
6,0,22,7,0,0.0,0,0.0,1.0,132.0,0.0,0.0,44
5,7,23,7,3,1.609375,1,1.399999720000056,0.2500001874999531,14.375,0.0,0.875,53
8,0,20,5,0,0.0,0,0.0,1.0,160.0,0.0,0.0,64
7,6,24,6,4,1.6875,0,0.857142734693895,2.499999375293882e-07,24.0,0.0,0.75,45
7,7,26,7,3,1.609375,1,0.9999998571428775,0.2500001874999531,22.75,0.0,0.875,57
5,7,26,8,4,1.609375,1,1.399999720000056,2.499999375293882e-07,16.25,0.0,0.875,58
4,7,27,8,4,1.609375,1,1.7499995625001092,2.499999375293882e-07,13.5,0.125,0.875,59
5,7,25,7,3,1.609375,1,1.399999720000056,0.2500001874999531,15.625,0.0,0.875,53
8,5,24,7,3,0.984375,0,0.6249999218750099,0.2500001874999531,32.0,0.0,0.625,55
6,2,25,7,1,0.1875,0,0.33333327777778704,0.7500000624999844,50.0,0.0,0.25,60
8,3,24,8,1,0.234375,0,0.3749999531250059,0.7500000624999844,48.0,0.0,0.375,53
5,2,24,7,1,0.1875,0,0.399999920000016,0.7500000624999844,40.0,0.0,0.25,56
4,32,2,0,4,0.0,1,7.9999980000005,2.499999375293882e-07,0.24242424242424243,1.0,4.0,0
4,32,3,0,4,0.0,1,7.9999980000005,2.499999375293882e-07,0.36363636363636365,1.0,4.0,0
3,18,0,4,4,3.4375,1,5.999998000000667,2.499999375293882e-07,0.0,0.5,2.25,0
4,17,1,4,4,2.609375,1,4.249998937500266,2.499999375293882e-07,0.2222222222222222,0.375,2.125,0
5,17,2,4,4,2.609375,1,3.399999320000136,2.499999375293882e-07,0.5555555555555556,0.0,2.125,0
3,21,0,3,4,2.734375,1,6.999997666667444,2.499999375293882e-07,0.0,0.625,2.625,0
7,6,0,6,3,1.1875,0,0.857142734693895,0.2500001874999531,0.0,0.0,0.75,1
8,6,1,6,3,1.1875,0,0.7499999062500118,0.2500001874999531,1.1428571428571428,0.0,0.75,1
5,18,0,4,4,2.6875,1,3.599999280000144,2.499999375293882e-07,0.0,0.0,2.25,0
5,17,0,4,4,2.609375,1,3.399999320000136,2.499999375293882e-07,0.0,0.0,2.125,0
6,0,0,6,0,0.0,0,0.0,1.0,0.0,0.0,0.0,4
1,10,1,4,4,2.1875,1,9.999990000010001,2.499999375293882e-07,0.09090909090909091,0.5,1.25,0
7,16,0,5,4,2.25,1,2.28571395918372,2.499999375293882e-07,0.0,0.0,2.0,0
4,3,0,7,3,0.984375,0,0.7499998125000469,0.2500001874999531,0.0,0.0,0.375,2
4,3,0,6,3,0.984375,0,0.7499998125000469,0.2500001874999531,0.0,0.0,0.375,2
4,23,1,3,4,1.359375,1,5.749998562500359,2.499999375293882e-07,0.16666666666666666,0.5,2.875,0
1,16,0,4,4,2.25,1,15.999984000016001,2.499999375293882e-07,0.0,0.75,2.0,0
7,19,1,4,4,2.734375,1,2.7142853265306677,2.499999375293882e-07,0.35,0.0,2.375,0
1,11,1,5,4,3.234375,1,10.999989000011,2.499999375293882e-07,0.08333333333333333,0.375,1.375,0
7,23,0,3,4,1.359375,1,3.2857138163265978,2.499999375293882e-07,0.0,0.0,2.875,0
3,10,1,4,4,2.1875,1,3.3333322222225923,2.499999375293882e-07,0.2727272727272727,0.25,1.25,0
8,19,0,4,4,2.734375,1,2.374999703125037,2.499999375293882e-07,0.0,0.0,2.375,0
6,4,0,6,4,1.75,0,0.6666665555555741,2.499999375293882e-07,0.0,0.0,0.5,2
7,4,1,6,4,1.75,0,0.57142848979593,2.499999375293882e-07,1.4,0.0,0.5,3
1,7,5,5,4,2.359375,1,6.9999930000070005,2.499999375293882e-07,0.625,0.25,0.875,0
2,0,4,8,0,0.0,0,0.0,1.0,8.0,0.0,0.0,2
2,3,6,7,2,0.484375,1,1.499999250000375,0.5000001249999688,3.0,0.125,0.375,2
5,1,3,5,1,0.109375,0,0.199999960000008,0.7500000624999844,7.5,0.0,0.125,12
4,10,2,4,4,2.1875,1,2.499999375000156,2.499999375293882e-07,0.7272727272727273,0.125,1.25,4
2,1,2,5,1,0.109375,0,0.499999750000125,0.7500000624999844,2.0,0.0,0.125,2
1,5,4,9,2,0.734375,1,4.999995000005001,0.5000001249999688,0.6666666666666666,0.375,0.625,0
4,7,4,5,4,2.359375,1,1.7499995625001092,2.499999375293882e-07,2.0,0.125,0.875,10
3,5,5,9,2,0.734375,1,1.6666661111112961,0.5000001249999688,2.5,0.0,0.625,0
1,0,3,8,0,0.0,0,0.0,1.0,3.0,0.0,0.0,5
7,0,5,8,0,0.0,0,0.0,1.0,35.0,0.0,0.0,10
6,1,1,5,1,0.109375,0,0.16666663888889352,0.7500000624999844,3.0,0.0,0.125,10
2,2,6,8,2,0.4375,1,0.99999950000025,0.5000001249999688,4.0,0.125,0.25,0
6,3,7,7,2,0.484375,0,0.49999991666668053,0.5000001249999688,10.5,0.0,0.375,12
6,8,7,8,4,2.25,1,1.3333331111111482,2.499999375293882e-07,4.666666666666667,0.0,1.0,18
2,11,4,7,3,1.484375,1,5.499997250001375,0.2500001874999531,0.6666666666666666,0.5,1.375,0
8,2,3,9,2,0.4375,0,0.24999996875000394,0.5000001249999688,8.0,0.0,0.25,11
4,2,3,8,2,0.4375,0,0.49999987500003124,0.5000001249999688,4.0,0.0,0.25,12
5,2,5,8,2,0.4375,0,0.399999920000016,0.5000001249999688,8.333333333333334,0.0,0.25,16
8,0,6,9,0,0.0,0,0.0,1.0,48.0,0.0,0.0,16
1,1,9,7,1,0.109375,1,0.9999990000010001,0.7500000624999844,4.5,0.125,0.125,0
3,8,11,4,4,2.0,1,2.666665777778074,2.499999375293882e-07,3.6666666666666665,0.125,1.0,3
4,0,6,7,0,0.0,0,0.0,1.0,24.0,0.0,0.0,8
1,9,12,6,4,2.109375,1,8.999991000009,2.499999375293882e-07,1.2,0.5,1.125,0
6,0,7,7,0,0.0,0,0.0,1.0,42.0,0.0,0.0,19
5,2,4,8,2,0.4375,0,0.399999920000016,0.5000001249999688,6.666666666666667,0.0,0.25,13
8,8,6,6,4,1.75,1,0.9999998750000157,2.499999375293882e-07,5.333333333333333,0.0,1.0,18
2,8,11,7,4,1.75,1,3.999998000001,2.499999375293882e-07,2.4444444444444446,0.25,1.0,0
2,8,12,4,4,2.0,1,3.999998000001,2.499999375293882e-07,2.6666666666666665,0.375,1.0,4
3,3,10,5,1,0.234375,1,0.9999996666667778,0.7500000624999844,7.5,0.0,0.375,10
1,1,12,8,1,0.109375,1,0.9999990000010001,0.7500000624999844,6.0,0.125,0.125,0
6,1,8,6,1,0.109375,0,0.16666663888889352,0.7500000624999844,24.0,0.0,0.125,24
2,1,10,8,1,0.109375,0,0.499999750000125,0.7500000624999844,10.0,0.0,0.125,9
4,1,10,7,1,0.109375,0,0.24999993750001562,0.7500000624999844,20.0,0.0,0.125,13
5,8,9,5,3,1.25,1,1.599999680000064,0.2500001874999531,5.0,0.0,1.0,20
2,0,14,8,0,0.0,0,0.0,1.0,28.0,0.0,0.0,6
8,8,10,4,4,2.0,1,0.9999998750000157,2.499999375293882e-07,8.88888888888889,0.0,1.0,28
7,2,8,5,2,0.4375,0,0.285714244897965,0.5000001249999688,18.666666666666668,0.0,0.25,20
1,11,17,6,4,1.984375,1,10.999989000011,2.499999375293882e-07,1.4166666666666667,0.625,1.375,3
4,2,9,5,2,0.4375,0,0.49999987500003124,0.5000001249999688,12.0,0.0,0.25,19
4,0,13,9,0,0.0,0,0.0,1.0,52.0,0.0,0.0,9
5,0,13,8,0,0.0,0,0.0,1.0,65.0,0.0,0.0,16
3,0,15,8,0,0.0,0,0.0,1.0,45.0,0.0,0.0,16
7,8,10,5,3,1.5,1,1.14285697959186,0.2500001874999531,7.777777777777778,0.0,1.0,32
5,5,16,7,3,1.234375,1,0.99999980000004,0.2500001874999531,13.333333333333334,0.0,0.625,25
1,5,22,5,2,0.734375,1,4.999995000005001,0.5000001249999688,3.6666666666666665,0.375,0.625,1
6,1,11,7,1,0.109375,0,0.16666663888889352,0.7500000624999844,33.0,0.0,0.125,31
3,9,20,5,4,1.609375,1,2.9999990000003334,2.499999375293882e-07,6.0,0.125,1.125,0
6,1,11,8,1,0.109375,0,0.16666663888889352,0.7500000624999844,33.0,0.0,0.125,36
8,0,11,8,0,0.0,0,0.0,1.0,88.0,0.0,0.0,31
6,3,13,8,1,0.234375,0,0.49999991666668053,0.7500000624999844,19.5,0.0,0.375,39
3,3,22,5,2,0.484375,1,0.9999996666667778,0.5000001249999688,16.5,0.0,0.375,8
1,0,20,6,0,0.0,0,0.0,1.0,20.0,0.0,0.0,5
7,1,13,8,1,0.109375,0,0.1428571224489825,0.7500000624999844,45.5,0.0,0.125,36
5,1,16,8,1,0.109375,0,0.199999960000008,0.7500000624999844,40.0,0.0,0.125,28
1,0,21,7,0,0.0,0,0.0,1.0,21.0,0.0,0.0,1
2,0,21,7,0,0.0,0,0.0,1.0,42.0,0.0,0.0,7
7,6,16,7,4,1.6875,0,0.857142734693895,2.499999375293882e-07,16.0,0.0,0.75,44
7,11,16,6,4,1.984375,1,1.5714283469388075,2.499999375293882e-07,9.333333333333334,0.0,1.375,43
4,5,21,6,2,0.734375,1,1.249999687500078,0.5000001249999688,14.0,0.0,0.625,34
7,5,13,7,2,0.734375,0,0.7142856122449125,0.5000001249999688,15.166666666666666,0.0,0.625,43
2,0,20,7,0,0.0,0,0.0,1.0,40.0,0.0,0.0,8
1,9,21,6,2,0.859375,1,8.999991000009,0.5000001249999688,2.1,0.625,1.125,2
4,1,20,7,1,0.109375,0,0.24999993750001562,0.7500000624999844,40.0,0.0,0.125,29
7,1,15,8,1,0.109375,0,0.1428571224489825,0.7500000624999844,52.5,0.0,0.125,42
4,0,19,6,0,0.0,0,0.0,1.0,76.0,0.0,0.0,32
4,6,20,6,3,1.6875,1,1.4999996250000938,0.2500001874999531,11.428571428571429,0.0,0.75,24
7,9,17,6,4,1.859375,1,1.2857141020408425,2.499999375293882e-07,11.9,0.0,1.125,42
7,1,19,7,1,0.109375,0,0.1428571224489825,0.7500000624999844,66.5,0.0,0.125,52
7,9,19,6,4,1.859375,1,1.2857141020408425,2.499999375293882e-07,13.3,0.0,1.125,45
3,8,17,7,3,1.25,1,2.666665777778074,0.2500001874999531,5.666666666666667,0.125,1.0,15
8,9,18,6,4,1.859375,1,1.1249998593750177,2.499999375293882e-07,14.4,0.0,1.125,61
6,5,21,6,2,0.734375,0,0.8333331944444675,0.5000001249999688,21.0,0.0,0.625,54
8,1,14,8,1,0.109375,0,0.12499998437500197,0.7500000624999844,56.0,0.0,0.125,59
6,8,19,5,2,0.75,1,1.3333331111111482,0.5000001249999688,12.666666666666666,0.0,1.0,61
4,6,21,6,3,1.6875,1,1.4999996250000938,0.2500001874999531,12.0,0.0,0.75,42
5,5,22,6,2,0.734375,1,0.99999980000004,0.5000001249999688,18.333333333333332,0.0,0.625,59
8,0,21,6,0,0.0,0,0.0,1.0,168.0,0.0,0.0,61
5,3,18,8,1,0.234375,0,0.599999880000024,0.7500000624999844,22.5,0.0,0.375,47
8,13,21,5,4,2.234375,1,1.6249997968750256,2.499999375293882e-07,12.0,0.0,1.625,54
5,2,18,7,1,0.1875,0,0.399999920000016,0.7500000624999844,30.0,0.0,0.25,44
5,2,17,7,1,0.1875,0,0.399999920000016,0.7500000624999844,28.333333333333332,0.0,0.25,44
6,2,19,7,1,0.1875,0,0.33333327777778704,0.7500000624999844,38.0,0.0,0.25,50
2,18,0,2,4,3.4375,1,8.99999550000225,2.499999375293882e-07,0.0,0.625,2.25,0
6,29,0,1,4,0.984375,1,4.833332527777912,2.499999375293882e-07,0.0,0.0,3.625,0
8,26,0,1,4,1.6875,1,3.249999593750051,2.499999375293882e-07,0.0,0.0,3.25,0
4,16,0,3,4,4.0,1,3.99999900000025,2.499999375293882e-07,0.0,0.5,2.0,0
5,11,0,5,4,1.984375,1,2.199999560000088,2.499999375293882e-07,0.0,0.0,1.375,0
1,12,0,4,4,3.75,1,11.999988000012001,2.499999375293882e-07,0.0,0.375,1.5,0
2,5,0,6,4,1.734375,1,2.499998750000625,2.499999375293882e-07,0.0,0.125,0.625,0
4,6,1,7,3,1.6875,1,1.4999996250000938,0.2500001874999531,0.5714285714285714,0.0,0.75,0
1,6,0,6,3,1.1875,1,5.999994000006001,0.2500001874999531,0.0,0.375,0.75,0
7,6,1,6,3,1.1875,0,0.857142734693895,0.2500001874999531,1.0,0.0,0.75,1
8,6,0,7,3,1.6875,0,0.7499999062500118,0.2500001874999531,0.0,0.0,0.75,2
5,11,1,6,4,2.734375,1,2.199999560000088,2.499999375293882e-07,0.4166666666666667,0.0,1.375,5
6,11,3,6,4,2.734375,1,1.8333330277778286,2.499999375293882e-07,1.5,0.0,1.375,6
1,3,4,7,2,0.484375,1,2.9999970000030003,0.5000001249999688,1.0,0.25,0.375,0
4,11,2,6,4,2.734375,1,2.749999312500172,2.499999375293882e-07,0.6666666666666666,0.25,1.375,5
7,3,3,7,2,0.484375,0,0.4285713673469475,0.5000001249999688,5.25,0.0,0.375,6
1,1,2,6,1,0.109375,1,0.9999990000010001,0.7500000624999844,1.0,0.125,0.125,0
7,3,4,7,2,0.484375,0,0.4285713673469475,0.5000001249999688,7.0,0.0,0.375,7
7,8,2,6,4,2.25,1,1.14285697959186,2.499999375293882e-07,1.5555555555555556,0.0,1.0,2
4,1,1,6,1,0.109375,0,0.24999993750001562,0.7500000624999844,2.0,0.0,0.125,3
2,1,6,7,1,0.109375,0,0.499999750000125,0.7500000624999844,6.0,0.0,0.125,2
6,1,1,7,1,0.109375,0,0.16666663888889352,0.7500000624999844,3.0,0.0,0.125,8
2,1,0,7,1,0.109375,0,0.499999750000125,0.7500000624999844,0.0,0.0,0.125,3
7,2,3,6,1,0.1875,0,0.285714244897965,0.7500000624999844,7.0,0.0,0.25,11
5,1,5,7,1,0.109375,0,0.199999960000008,0.7500000624999844,12.5,0.0,0.125,11
4,1,7,7,1,0.109375,0,0.24999993750001562,0.7500000624999844,14.0,0.0,0.125,10
1,1,6,7,1,0.109375,1,0.9999990000010001,0.7500000624999844,3.0,0.125,0.125,0
3,2,5,6,1,0.1875,0,0.6666664444445185,0.7500000624999844,5.0,0.0,0.25,12
4,2,4,6,1,0.1875,0,0.49999987500003124,0.7500000624999844,5.333333333333333,0.0,0.25,12
5,1,7,7,1,0.109375,0,0.199999960000008,0.7500000624999844,17.5,0.0,0.125,9
4,7,7,7,4,1.859375,1,1.7499995625001092,2.499999375293882e-07,3.5,0.125,0.875,9
8,1,4,7,1,0.109375,0,0.12499998437500197,0.7500000624999844,16.0,0.0,0.125,15
4,4,6,7,2,0.5,1,0.9999997500000625,0.5000001249999688,4.8,0.0,0.5,6
4,2,8,7,1,0.1875,0,0.49999987500003124,0.7500000624999844,10.666666666666666,0.0,0.25,9
2,2,9,7,1,0.1875,1,0.99999950000025,0.7500000624999844,6.0,0.0,0.25,0
8,7,7,7,4,1.859375,0,0.8749998906250137,2.499999375293882e-07,7.0,0.0,0.875,22
1,5,10,7,3,0.984375,1,4.999995000005001,0.2500001874999531,1.6666666666666667,0.375,0.625,0
3,1,9,8,1,0.109375,0,0.33333322222225925,0.7500000624999844,13.5,0.0,0.125,13
4,10,8,6,4,1.9375,1,2.499999375000156,2.499999375293882e-07,2.909090909090909,0.125,1.25,7
7,6,7,7,3,1.6875,0,0.857142734693895,0.2500001874999531,7.0,0.0,0.75,21
2,1,8,8,1,0.109375,0,0.499999750000125,0.7500000624999844,8.0,0.0,0.125,8
5,0,6,9,0,0.0,0,0.0,1.0,30.0,0.0,0.0,17
2,4,10,7,4,1.75,1,1.9999990000005,2.499999375293882e-07,4.0,0.125,0.5,2
7,5,9,7,3,0.984375,0,0.7142856122449125,0.2500001874999531,10.5,0.0,0.625,25
4,8,8,7,4,1.75,1,1.999999500000125,2.499999375293882e-07,3.5555555555555554,0.125,1.0,3
7,6,8,7,3,1.6875,0,0.857142734693895,0.2500001874999531,8.0,0.0,0.75,26
7,0,6,8,0,0.0,0,0.0,1.0,42.0,0.0,0.0,18
2,7,8,5,3,1.359375,1,3.499998250000875,0.2500001874999531,2.0,0.375,0.875,2
5,4,9,7,3,1.0,0,0.799999840000032,0.2500001874999531,9.0,0.0,0.5,10
6,0,6,8,0,0.0,0,0.0,1.0,36.0,0.0,0.0,15
4,1,8,8,1,0.109375,0,0.24999993750001562,0.7500000624999844,16.0,0.0,0.125,12
6,0,9,8,0,0.0,0,0.0,1.0,54.0,0.0,0.0,23
8,8,7,7,4,1.75,1,0.9999998750000157,2.499999375293882e-07,6.222222222222222,0.0,1.0,17
4,0,9,6,0,0.0,0,0.0,1.0,36.0,0.0,0.0,15
5,0,7,8,0,0.0,0,0.0,1.0,35.0,0.0,0.0,23
2,1,9,6,1,0.109375,0,0.499999750000125,0.7500000624999844,9.0,0.0,0.125,9
4,5,9,6,2,0.734375,1,1.249999687500078,0.5000001249999688,6.0,0.0,0.625,22
6,7,8,6,4,1.609375,1,1.1666664722222546,2.499999375293882e-07,6.0,0.0,0.875,24
3,0,7,6,0,0.0,0,0.0,1.0,21.0,0.0,0.0,6
4,0,9,6,0,0.0,0,0.0,1.0,36.0,0.0,0.0,18
7,7,10,5,3,1.359375,1,0.9999998571428775,0.2500001874999531,8.75,0.0,0.875,21
2,0,13,6,0,0.0,0,0.0,1.0,26.0,0.0,0.0,17
8,0,8,6,0,0.0,0,0.0,1.0,64.0,0.0,0.0,18
3,7,9,5,4,1.859375,1,2.3333325555558146,2.499999375293882e-07,3.375,0.125,0.875,17
1,14,17,5,4,3.1875,1,13.999986000014001,2.499999375293882e-07,1.1333333333333333,0.5,1.75,7
1,0,16,7,0,0.0,0,0.0,1.0,16.0,0.0,0.0,3
6,7,8,5,4,1.859375,1,1.1666664722222546,2.499999375293882e-07,6.0,0.0,0.875,21
4,0,10,6,0,0.0,0,0.0,1.0,40.0,0.0,0.0,23
4,5,17,5,2,0.734375,1,1.249999687500078,0.5000001249999688,11.333333333333334,0.0,0.625,19
3,5,16,5,2,0.734375,1,1.6666661111112961,0.5000001249999688,8.0,0.0,0.625,19
1,1,16,9,1,0.109375,1,0.9999990000010001,0.7500000624999844,8.0,0.125,0.125,0
1,0,13,8,0,0.0,0,0.0,1.0,13.0,0.0,0.0,6
4,0,16,7,0,0.0,0,0.0,1.0,64.0,0.0,0.0,24
8,0,11,6,0,0.0,0,0.0,1.0,88.0,0.0,0.0,29
3,0,12,8,0,0.0,0,0.0,1.0,36.0,0.0,0.0,11
4,7,15,6,2,0.859375,1,1.7499995625001092,0.5000001249999688,7.5,0.0,0.875,21
1,0,17,9,0,0.0,0,0.0,1.0,17.0,0.0,0.0,2
4,6,17,5,4,1.6875,1,1.4999996250000938,2.499999375293882e-07,9.714285714285714,0.125,0.75,24
8,0,12,6,0,0.0,0,0.0,1.0,96.0,0.0,0.0,45
3,0,12,9,0,0.0,0,0.0,1.0,36.0,0.0,0.0,16
2,2,14,8,1,0.1875,1,0.99999950000025,0.7500000624999844,9.333333333333334,0.0,0.25,17
8,0,14,6,0,0.0,0,0.0,1.0,112.0,0.0,0.0,43
3,7,13,7,2,0.859375,1,2.3333325555558146,0.5000001249999688,4.875,0.0,0.875,14
3,1,14,9,1,0.109375,0,0.33333322222225925,0.7500000624999844,21.0,0.0,0.125,17
5,0,13,9,0,0.0,0,0.0,1.0,65.0,0.0,0.0,22
3,0,16,9,0,0.0,0,0.0,1.0,48.0,0.0,0.0,20
8,0,15,6,0,0.0,0,0.0,1.0,120.0,0.0,0.0,49
4,8,17,9,3,1.75,1,1.999999500000125,0.2500001874999531,7.555555555555555,0.0,1.0,25
8,3,13,6,1,0.234375,0,0.3749999531250059,0.7500000624999844,26.0,0.0,0.375,46
4,7,16,7,4,1.859375,1,1.7499995625001092,2.499999375293882e-07,8.0,0.125,0.875,24
8,0,16,7,0,0.0,0,0.0,1.0,128.0,0.0,0.0,42
3,4,20,8,4,1.75,1,1.333332888889037,2.499999375293882e-07,12.0,0.125,0.5,22
2,2,18,8,1,0.1875,1,0.99999950000025,0.7500000624999844,12.0,0.0,0.25,18
8,1,15,9,1,0.109375,0,0.12499998437500197,0.7500000624999844,60.0,0.0,0.125,42
4,0,15,9,0,0.0,0,0.0,1.0,60.0,0.0,0.0,27
2,5,21,6,2,0.734375,1,2.499998750000625,0.5000001249999688,7.0,0.25,0.625,14
4,9,20,8,3,1.609375,1,2.2499994375001404,0.2500001874999531,8.0,0.0,1.125,30
8,1,17,9,1,0.109375,0,0.12499998437500197,0.7500000624999844,68.0,0.0,0.125,44
5,4,19,8,4,1.75,0,0.799999840000032,2.499999375293882e-07,19.0,0.0,0.5,27
7,4,18,8,3,1.0,0,0.57142848979593,0.2500001874999531,25.2,0.0,0.5,40
4,5,20,6,2,0.734375,1,1.249999687500078,0.5000001249999688,13.333333333333334,0.0,0.625,34
7,4,19,8,3,1.0,0,0.57142848979593,0.2500001874999531,26.6,0.0,0.5,42
6,1,17,9,1,0.109375,0,0.16666663888889352,0.7500000624999844,51.0,0.0,0.125,47
8,4,18,8,4,1.75,0,0.4999999375000079,2.499999375293882e-07,28.8,0.0,0.5,47
6,1,16,9,1,0.109375,0,0.16666663888889352,0.7500000624999844,48.0,0.0,0.125,45
5,0,21,7,0,0.0,0,0.0,1.0,105.0,0.0,0.0,43
8,9,20,6,3,1.109375,1,1.1249998593750177,0.2500001874999531,16.0,0.0,1.125,49
3,19,0,4,4,3.484375,1,6.333331222222926,2.499999375293882e-07,0.0,0.625,2.375,0
1,22,0,2,4,2.9375,1,21.999978000022,2.499999375293882e-07,0.0,0.75,2.75,0
4,26,0,1,4,1.9375,1,6.4999983750004064,2.499999375293882e-07,0.0,0.75,3.25,0
2,21,0,3,4,3.234375,1,10.499994750002624,2.499999375293882e-07,0.0,0.625,2.625,0
2,20,0,6,4,2.75,1,9.9999950000025,2.499999375293882e-07,0.0,0.75,2.5,0
1,12,0,8,4,3.75,1,11.999988000012001,2.499999375293882e-07,0.0,0.375,1.5,0
1,22,0,4,4,2.9375,1,21.999978000022,2.499999375293882e-07,0.0,0.75,2.75,0
5,11,0,9,4,3.234375,1,2.199999560000088,2.499999375293882e-07,0.0,0.0,1.375,0
3,1,1,11,1,0.109375,0,0.33333322222225925,0.7500000624999844,1.5,0.0,0.125,1
1,21,0,5,4,2.734375,1,20.999979000021003,2.499999375293882e-07,0.0,0.75,2.625,0
6,20,1,6,4,2.75,1,3.33333277777787,2.499999375293882e-07,0.2857142857142857,0.0,2.5,0
5,4,3,10,3,1.0,0,0.799999840000032,0.2500001874999531,3.0,0.0,0.5,9
5,6,0,10,4,1.9375,1,1.199999760000048,2.499999375293882e-07,0.0,0.0,0.75,0
6,4,2,10,3,1.0,0,0.6666665555555741,0.2500001874999531,2.4,0.0,0.5,8
8,1,0,11,1,0.109375,0,0.12499998437500197,0.7500000624999844,0.0,0.0,0.125,3
5,3,5,7,1,0.234375,0,0.599999880000024,0.7500000624999844,6.25,0.0,0.375,8
5,11,4,6,4,1.484375,1,2.199999560000088,2.499999375293882e-07,1.6666666666666667,0.0,1.375,9
7,2,3,10,1,0.1875,0,0.285714244897965,0.7500000624999844,7.0,0.0,0.25,19
2,3,6,7,1,0.234375,1,1.499999250000375,0.7500000624999844,3.0,0.0,0.375,0
1,0,7,7,0,0.0,0,0.0,1.0,7.0,0.0,0.0,1
8,3,4,7,1,0.234375,0,0.3749999531250059,0.7500000624999844,8.0,0.0,0.375,19
5,1,5,6,1,0.109375,0,0.199999960000008,0.7500000624999844,12.5,0.0,0.125,3
1,0,8,7,0,0.0,0,0.0,1.0,8.0,0.0,0.0,3
3,6,5,5,2,0.4375,1,1.9999993333335555,0.5000001249999688,2.142857142857143,0.0,0.75,2
3,6,8,5,4,1.9375,1,1.9999993333335555,2.499999375293882e-07,3.4285714285714284,0.125,0.75,0
4,6,7,5,4,1.9375,1,1.4999996250000938,2.499999375293882e-07,4.0,0.125,0.75,8
7,5,5,5,2,0.484375,0,0.7142856122449125,0.5000001249999688,5.833333333333333,0.0,0.625,21
6,1,6,6,1,0.109375,0,0.16666663888889352,0.7500000624999844,18.0,0.0,0.125,8
3,8,9,7,4,2.0,1,2.666665777778074,2.499999375293882e-07,3.0,0.125,1.0,6
6,6,8,6,3,1.1875,1,0.9999998333333611,0.2500001874999531,6.857142857142857,0.0,0.75,16
1,2,18,7,2,0.4375,1,1.9999980000020001,0.5000001249999688,6.0,0.125,0.25,0
2,1,11,8,1,0.109375,0,0.499999750000125,0.7500000624999844,11.0,0.0,0.125,15
7,8,7,7,4,2.0,1,1.14285697959186,2.499999375293882e-07,5.444444444444445,0.0,1.0,23
3,6,17,6,3,0.9375,1,1.9999993333335555,0.2500001874999531,7.285714285714286,0.125,0.75,8
8,1,4,6,1,0.109375,0,0.12499998437500197,0.7500000624999844,16.0,0.0,0.125,29
2,0,9,7,0,0.0,0,0.0,1.0,18.0,0.0,0.0,10
4,8,11,6,4,2.0,1,1.999999500000125,2.499999375293882e-07,4.888888888888889,0.125,1.0,17
3,0,10,7,0,0.0,0,0.0,1.0,30.0,0.0,0.0,14
5,1,9,8,1,0.109375,0,0.199999960000008,0.7500000624999844,22.5,0.0,0.125,24
7,8,8,7,4,2.0,1,1.14285697959186,2.499999375293882e-07,6.222222222222222,0.0,1.0,29
3,0,17,8,0,0.0,0,0.0,1.0,51.0,0.0,0.0,7
1,3,22,6,2,0.484375,1,2.9999970000030003,0.5000001249999688,5.5,0.25,0.375,3
2,0,24,7,0,0.0,0,0.0,1.0,48.0,0.0,0.0,4
4,0,11,8,0,0.0,0,0.0,1.0,44.0,0.0,0.0,24
7,8,12,6,4,2.0,1,1.14285697959186,2.499999375293882e-07,9.333333333333334,0.0,1.0,27
7,1,10,8,1,0.109375,0,0.1428571224489825,0.7500000624999844,35.0,0.0,0.125,33
3,4,20,6,2,0.5,1,1.333332888889037,0.5000001249999688,12.0,0.0,0.5,17
6,0,12,8,0,0.0,0,0.0,1.0,72.0,0.0,0.0,29
3,3,23,6,2,0.484375,1,0.9999996666667778,0.5000001249999688,17.25,0.0,0.375,14
1,0,23,7,0,0.0,0,0.0,1.0,23.0,0.0,0.0,2
8,0,13,8,0,0.0,0,0.0,1.0,104.0,0.0,0.0,34
4,3,17,6,2,0.484375,0,0.7499998125000469,0.5000001249999688,17.0,0.0,0.375,24
1,0,22,7,0,0.0,0,0.0,1.0,22.0,0.0,0.0,4
8,0,15,8,0,0.0,0,0.0,1.0,120.0,0.0,0.0,39
7,0,14,8,0,0.0,0,0.0,1.0,98.0,0.0,0.0,35
3,9,22,6,3,1.359375,1,2.9999990000003334,0.2500001874999531,6.6,0.25,1.125,13
1,9,23,6,3,1.359375,1,8.999991000009,0.2500001874999531,2.3,0.625,1.125,14
2,8,23,6,3,1.0,1,3.999998000001,0.2500001874999531,5.111111111111111,0.25,1.0,0
1,9,24,5,2,0.359375,1,8.999991000009,0.5000001249999688,2.4,0.875,1.125,2
3,3,21,6,1,0.234375,1,0.9999996666667778,0.7500000624999844,15.75,0.0,0.375,0
8,2,17,7,2,0.4375,0,0.24999996875000394,0.5000001249999688,45.333333333333336,0.0,0.25,40
4,10,17,6,3,0.6875,1,2.499999375000156,0.2500001874999531,6.181818181818182,0.0,1.25,32
4,0,16,8,0,0.0,0,0.0,1.0,64.0,0.0,0.0,37
5,0,16,8,0,0.0,0,0.0,1.0,80.0,0.0,0.0,40
7,2,16,7,2,0.4375,0,0.285714244897965,0.5000001249999688,37.333333333333336,0.0,0.25,41
1,1,21,6,1,0.109375,1,0.9999990000010001,0.7500000624999844,10.5,0.125,0.125,0
5,0,20,7,0,0.0,0,0.0,1.0,100.0,0.0,0.0,45
4,0,18,8,0,0.0,0,0.0,1.0,72.0,0.0,0.0,48
8,12,18,6,4,2.0,1,1.4999998125000236,2.499999375293882e-07,11.076923076923077,0.0,1.5,48
6,2,19,7,1,0.1875,0,0.33333327777778704,0.7500000624999844,38.0,0.0,0.25,53
2,2,20,5,1,0.1875,1,0.99999950000025,0.7500000624999844,13.333333333333334,0.0,0.25,0
7,6,19,7,3,0.9375,0,0.857142734693895,0.2500001874999531,19.0,0.0,0.75,47
4,11,23,5,3,0.734375,1,2.749999312500172,0.2500001874999531,7.666666666666667,0.0,1.375,41
7,0,20,7,0,0.0,0,0.0,1.0,140.0,0.0,0.0,57
5,0,21,7,0,0.0,0,0.0,1.0,105.0,0.0,0.0,55
7,0,25,7,0,0.0,0,0.0,1.0,175.0,0.0,0.0,57
7,3,23,6,1,0.234375,0,0.4285713673469475,0.7500000624999844,40.25,0.0,0.375,56
7,10,23,6,3,0.6875,1,1.428571224489825,0.2500001874999531,14.636363636363637,0.0,1.25,56
5,0,22,8,0,0.0,0,0.0,1.0,110.0,0.0,0.0,54
1,2,20,6,1,0.1875,1,1.9999980000020001,0.7500000624999844,6.666666666666667,0.25,0.25,0
1,9,18,4,3,1.109375,1,8.999991000009,0.2500001874999531,1.8,0.625,1.125,0
7,8,22,6,3,1.0,1,1.14285697959186,0.2500001874999531,17.11111111111111,0.0,1.0,53
5,10,24,6,3,0.6875,1,1.99999960000008,0.2500001874999531,10.909090909090908,0.0,1.25,57
5,0,22,7,0,0.0,0,0.0,1.0,110.0,0.0,0.0,55
5,9,23,5,2,0.359375,1,1.799999640000072,0.5000001249999688,11.5,0.0,1.125,54
2,2,21,8,2,0.4375,1,0.99999950000025,0.5000001249999688,14.0,0.125,0.25,0
5,1,20,8,1,0.109375,0,0.199999960000008,0.7500000624999844,50.0,0.0,0.125,54
1,2,19,6,1,0.1875,1,1.9999980000020001,0.7500000624999844,6.333333333333333,0.25,0.25,0
8,13,21,5,4,1.734375,1,1.6249997968750256,2.499999375293882e-07,12.0,0.0,1.625,56
5,1,18,6,1,0.109375,0,0.199999960000008,0.7500000624999844,45.0,0.0,0.125,29
6,9,21,7,2,0.359375,1,1.4999997500000417,0.5000001249999688,12.6,0.0,1.125,57
7,13,22,5,4,1.734375,1,1.8571425918367725,2.499999375293882e-07,11.0,0.0,1.625,59
5,9,20,4,4,2.859375,1,1.799999640000072,2.499999375293882e-07,10.0,0.0,1.125,28
6,3,21,6,1,0.234375,0,0.49999991666668053,0.7500000624999844,31.5,0.0,0.375,58
8,11,21,4,4,2.234375,1,1.3749998281250215,2.499999375293882e-07,14.0,0.0,1.375,56
5,9,19,4,3,1.109375,1,1.799999640000072,0.2500001874999531,9.5,0.0,1.125,34
7,0,19,6,0,0.0,0,0.0,1.0,133.0,0.0,0.0,58
6,9,20,4,3,1.109375,1,1.4999997500000417,0.2500001874999531,12.0,0.0,1.125,38
5,7,19,5,4,1.859375,1,1.399999720000056,2.499999375293882e-07,11.875,0.0,0.875,44
7,2,19,5,1,0.1875,0,0.285714244897965,0.7500000624999844,44.333333333333336,0.0,0.25,56
7,0,20,6,0,0.0,0,0.0,1.0,140.0,0.0,0.0,68
4,2,18,6,1,0.1875,0,0.49999987500003124,0.7500000624999844,24.0,0.0,0.25,47
8,5,20,5,3,0.984375,0,0.6249999218750099,0.2500001874999531,26.666666666666668,0.0,0.625,64
4,2,20,8,2,0.4375,0,0.49999987500003124,0.5000001249999688,26.666666666666668,0.0,0.25,55
8,2,18,8,2,0.4375,0,0.24999996875000394,0.5000001249999688,48.0,0.0,0.25,55
8,2,19,8,2,0.4375,0,0.24999996875000394,0.5000001249999688,50.666666666666664,0.0,0.25,56
4,9,18,7,4,1.859375,1,2.2499994375001404,2.499999375293882e-07,7.2,0.125,1.125,54
8,9,19,4,2,0.609375,1,1.1249998593750177,0.5000001249999688,15.2,0.0,1.125,71
4,29,0,1,4,0.984375,1,7.249998187500453,2.499999375293882e-07,0.0,0.875,3.625,0
4,25,0,2,4,2.359375,1,6.24999843750039,2.499999375293882e-07,0.0,0.75,3.125,0
5,25,0,2,4,1.609375,1,4.9999990000002,2.499999375293882e-07,0.0,0.0,3.125,0
8,20,1,3,4,3.75,1,2.4999996875000394,2.499999375293882e-07,0.38095238095238093,0.0,2.5,0
7,20,0,3,4,3.75,1,2.85714244897965,2.499999375293882e-07,0.0,0.0,2.5,0
1,3,8,5,3,0.984375,1,2.9999970000030003,0.2500001874999531,2.0,0.125,0.375,0
1,2,9,6,2,0.4375,1,1.9999980000020001,0.5000001249999688,3.0,0.125,0.25,0
8,5,1,5,4,1.734375,0,0.6249999218750099,2.499999375293882e-07,1.3333333333333333,0.0,0.625,7
6,5,0,5,4,1.734375,0,0.8333331944444675,2.499999375293882e-07,0.0,0.0,0.625,1
8,9,4,4,4,2.109375,1,1.1249998593750177,2.499999375293882e-07,3.2,0.0,1.125,15
8,5,2,5,4,1.734375,0,0.6249999218750099,2.499999375293882e-07,2.6666666666666665,0.0,0.625,8
6,3,4,5,3,0.984375,0,0.49999991666668053,0.2500001874999531,6.0,0.0,0.375,19
4,3,7,5,3,0.984375,0,0.7499998125000469,0.2500001874999531,7.0,0.0,0.375,7
5,9,3,4,4,2.109375,1,1.799999640000072,2.499999375293882e-07,1.5,0.0,1.125,10
2,9,8,4,4,2.359375,1,4.499997750001125,2.499999375293882e-07,1.6,0.375,1.125,16
1,1,13,5,1,0.109375,1,0.9999990000010001,0.7500000624999844,6.5,0.125,0.125,0
5,3,5,5,3,0.984375,0,0.599999880000024,0.2500001874999531,6.25,0.0,0.375,21
2,1,7,6,1,0.109375,0,0.499999750000125,0.7500000624999844,7.0,0.0,0.125,13
5,3,6,5,3,0.984375,0,0.599999880000024,0.2500001874999531,7.5,0.0,0.375,23
1,6,17,5,3,0.9375,1,5.999994000006001,0.2500001874999531,2.4285714285714284,0.5,0.75,2
5,2,8,6,2,0.4375,0,0.399999920000016,0.5000001249999688,13.333333333333334,0.0,0.25,23
4,1,8,5,1,0.109375,0,0.24999993750001562,0.7500000624999844,16.0,0.0,0.125,15
5,1,7,5,1,0.109375,0,0.199999960000008,0.7500000624999844,17.5,0.0,0.125,17
1,1,14,11,1,0.109375,1,0.9999990000010001,0.7500000624999844,7.0,0.125,0.125,0
2,0,14,6,0,0.0,0,0.0,1.0,28.0,0.0,0.0,10
1,0,17,10,0,0.0,0,0.0,1.0,17.0,0.0,0.0,3
2,0,19,8,0,0.0,0,0.0,1.0,38.0,0.0,0.0,8
1,5,16,9,4,1.734375,1,4.999995000005001,2.499999375293882e-07,2.6666666666666665,0.25,0.625,6
1,0,16,10,0,0.0,0,0.0,1.0,16.0,0.0,0.0,4
4,8,13,5,4,2.25,1,1.999999500000125,2.499999375293882e-07,5.777777777777778,0.125,1.0,24
3,1,11,5,1,0.109375,0,0.33333322222225925,0.7500000624999844,16.5,0.0,0.125,22
6,1,10,5,1,0.109375,0,0.16666663888889352,0.7500000624999844,30.0,0.0,0.125,20
5,0,17,6,0,0.0,0,0.0,1.0,85.0,0.0,0.0,22
3,8,20,5,4,2.25,1,2.666665777778074,2.499999375293882e-07,6.666666666666667,0.25,1.0,27
3,0,13,6,0,0.0,0,0.0,1.0,39.0,0.0,0.0,24
3,6,16,5,3,0.9375,1,1.9999993333335555,0.2500001874999531,6.857142857142857,0.125,0.75,20
3,8,19,5,4,2.25,1,2.666665777778074,2.499999375293882e-07,6.333333333333333,0.25,1.0,22
7,1,9,5,1,0.109375,0,0.1428571224489825,0.7500000624999844,31.5,0.0,0.125,40
2,6,14,10,2,0.6875,1,2.99999850000075,0.5000001249999688,4.0,0.25,0.75,10
4,8,18,5,4,2.25,1,1.999999500000125,2.499999375293882e-07,8.0,0.125,1.0,28
3,0,16,10,0,0.0,0,0.0,1.0,48.0,0.0,0.0,19
4,0,18,8,0,0.0,0,0.0,1.0,72.0,0.0,0.0,30
6,5,15,9,4,1.734375,0,0.8333331944444675,2.499999375293882e-07,15.0,0.0,0.625,30
3,0,18,10,0,0.0,0,0.0,1.0,54.0,0.0,0.0,22
4,1,15,11,1,0.109375,0,0.24999993750001562,0.7500000624999844,30.0,0.0,0.125,29
1,0,18,9,0,0.0,0,0.0,1.0,18.0,0.0,0.0,8
3,1,14,10,1,0.109375,0,0.33333322222225925,0.7500000624999844,21.0,0.0,0.125,12
4,3,15,8,2,0.484375,0,0.7499998125000469,0.5000001249999688,15.0,0.0,0.375,23
7,0,15,6,0,0.0,0,0.0,1.0,105.0,0.0,0.0,44
7,0,13,12,0,0.0,0,0.0,1.0,91.0,0.0,0.0,30
5,0,14,12,0,0.0,0,0.0,1.0,70.0,0.0,0.0,38
3,0,13,9,0,0.0,0,0.0,1.0,39.0,0.0,0.0,18
4,1,13,10,1,0.109375,0,0.24999993750001562,0.7500000624999844,26.0,0.0,0.125,22
1,7,15,7,3,1.109375,1,6.9999930000070005,0.2500001874999531,1.875,0.5,0.875,6
3,11,18,7,4,2.484375,1,3.6666654444448517,2.499999375293882e-07,4.5,0.25,1.375,21
2,1,17,8,1,0.109375,0,0.499999750000125,0.7500000624999844,17.0,0.0,0.125,15
4,11,15,7,4,2.484375,1,2.749999312500172,2.499999375293882e-07,5.0,0.25,1.375,32
8,1,12,5,1,0.109375,0,0.12499998437500197,0.7500000624999844,48.0,0.0,0.125,69
6,6,14,7,3,1.6875,1,0.9999998333333611,0.2500001874999531,12.0,0.0,0.75,32
4,3,17,8,2,0.484375,0,0.7499998125000469,0.5000001249999688,17.0,0.0,0.375,32
4,11,17,7,4,2.484375,1,2.749999312500172,2.499999375293882e-07,5.666666666666667,0.25,1.375,33
2,3,17,7,2,0.484375,1,1.499999250000375,0.5000001249999688,8.5,0.125,0.375,21
2,0,19,8,0,0.0,0,0.0,1.0,38.0,0.0,0.0,19
1,1,19,7,1,0.109375,1,0.9999990000010001,0.7500000624999844,9.5,0.125,0.125,0
2,7,16,7,3,1.109375,1,3.499998250000875,0.2500001874999531,4.0,0.25,0.875,21
3,6,19,7,2,0.6875,1,1.9999993333335555,0.5000001249999688,8.142857142857142,0.0,0.75,30
2,0,18,9,0,0.0,0,0.0,1.0,36.0,0.0,0.0,10
2,0,19,8,0,0.0,0,0.0,1.0,38.0,0.0,0.0,18
5,7,21,6,3,0.859375,1,1.399999720000056,0.2500001874999531,13.125,0.0,0.875,28
8,3,14,8,2,0.484375,0,0.3749999531250059,0.5000001249999688,28.0,0.0,0.375,46
3,0,16,10,0,0.0,0,0.0,1.0,48.0,0.0,0.0,6
6,11,16,7,4,2.484375,1,1.8333330277778286,2.499999375293882e-07,8.0,0.0,1.375,49
2,5,20,7,3,0.984375,1,2.499998750000625,0.2500001874999531,6.666666666666667,0.125,0.625,17
4,4,20,7,2,0.5,1,0.9999997500000625,0.5000001249999688,16.0,0.0,0.5,18
1,5,16,7,2,0.484375,1,4.999995000005001,0.5000001249999688,2.6666666666666665,0.5,0.625,4
8,0,18,8,0,0.0,0,0.0,1.0,144.0,0.0,0.0,54
2,8,14,6,3,1.0,1,3.999998000001,0.2500001874999531,3.111111111111111,0.25,1.0,4
8,0,17,9,0,0.0,0,0.0,1.0,136.0,0.0,0.0,58
5,5,20,6,2,0.734375,1,0.99999980000004,0.5000001249999688,16.666666666666668,0.0,0.625,36
2,0,15,7,0,0.0,0,0.0,1.0,30.0,0.0,0.0,6
6,0,18,8,0,0.0,0,0.0,1.0,108.0,0.0,0.0,54
7,0,16,8,0,0.0,0,0.0,1.0,112.0,0.0,0.0,49
1,5,17,5,2,0.484375,1,4.999995000005001,0.5000001249999688,2.8333333333333335,0.5,0.625,1
2,2,15,6,2,0.4375,1,0.99999950000025,0.5000001249999688,10.0,0.125,0.25,0
7,3,18,7,2,0.484375,0,0.4285713673469475,0.5000001249999688,31.5,0.0,0.375,50
7,1,20,7,1,0.109375,0,0.1428571224489825,0.7500000624999844,70.0,0.0,0.125,63
6,3,19,7,2,0.484375,0,0.49999991666668053,0.5000001249999688,28.5,0.0,0.375,54
8,0,20,8,0,0.0,0,0.0,1.0,160.0,0.0,0.0,63
6,0,17,9,0,0.0,0,0.0,1.0,102.0,0.0,0.0,51
2,7,16,6,2,0.359375,1,3.499998250000875,0.5000001249999688,4.0,0.125,0.875,7
7,0,17,10,0,0.0,0,0.0,1.0,119.0,0.0,0.0,50
5,3,16,7,2,0.484375,0,0.599999880000024,0.5000001249999688,20.0,0.0,0.375,41
6,1,20,7,1,0.109375,0,0.16666663888889352,0.7500000624999844,60.0,0.0,0.125,56
4,8,19,8,3,1.0,1,1.999999500000125,0.2500001874999531,8.444444444444445,0.0,1.0,52
5,0,17,7,0,0.0,0,0.0,1.0,85.0,0.0,0.0,45
8,0,16,7,0,0.0,0,0.0,1.0,128.0,0.0,0.0,43
7,9,18,5,4,1.359375,1,1.2857141020408425,2.499999375293882e-07,12.6,0.0,1.125,45
5,8,15,6,3,1.0,1,1.599999680000064,0.2500001874999531,8.333333333333334,0.0,1.0,41
3,1,21,7,1,0.109375,0,0.33333322222225925,0.7500000624999844,31.5,0.0,0.125,22
5,9,17,5,4,1.359375,1,1.799999640000072,2.499999375293882e-07,8.5,0.0,1.125,42
5,8,15,6,2,0.75,1,1.599999680000064,0.5000001249999688,8.333333333333334,0.0,1.0,43
7,7,17,6,2,0.359375,1,0.9999998571428775,0.5000001249999688,14.875,0.0,0.875,42
6,2,15,7,1,0.1875,0,0.33333327777778704,0.7500000624999844,30.0,0.0,0.25,42
7,1,18,7,1,0.109375,0,0.1428571224489825,0.7500000624999844,63.0,0.0,0.125,49
5,1,17,7,1,0.109375,0,0.199999960000008,0.7500000624999844,42.5,0.0,0.125,44
6,1,19,7,1,0.109375,0,0.16666663888889352,0.7500000624999844,57.0,0.0,0.125,49
6,1,22,7,1,0.109375,0,0.16666663888889352,0.7500000624999844,66.0,0.0,0.125,51
8,1,20,7,1,0.109375,0,0.12499998437500197,0.7500000624999844,80.0,0.0,0.125,50
1,17,0,4,4,3.609375,1,16.999983000017,2.499999375293882e-07,0.0,0.625,2.125,0
3,26,0,1,4,1.9375,1,8.66666377777874,2.499999375293882e-07,0.0,0.75,3.25,0
1,26,2,1,4,1.9375,1,25.999974000026,2.499999375293882e-07,0.07407407407407407,0.875,3.25,0
5,26,1,1,4,1.9375,1,5.199998960000208,2.499999375293882e-07,0.18518518518518517,0.0,3.25,0
8,17,1,4,4,3.609375,1,2.1249997343750335,2.499999375293882e-07,0.4444444444444444,0.0,2.125,0
4,3,0,7,3,0.984375,0,0.7499998125000469,0.2500001874999531,0.0,0.0,0.375,6
5,17,2,4,4,3.609375,1,3.399999320000136,2.499999375293882e-07,0.5555555555555556,0.0,2.125,0
1,3,3,7,3,0.984375,1,2.9999970000030003,0.2500001874999531,0.75,0.125,0.375,0
1,3,5,6,2,0.484375,1,2.9999970000030003,0.5000001249999688,1.25,0.25,0.375,0
8,3,1,7,3,0.984375,0,0.3749999531250059,0.2500001874999531,2.0,0.0,0.375,10
1,0,4,7,0,0.0,0,0.0,1.0,4.0,0.0,0.0,2
5,3,3,7,2,0.484375,0,0.599999880000024,0.5000001249999688,3.75,0.0,0.375,8
1,5,5,6,4,1.734375,1,4.999995000005001,2.499999375293882e-07,0.8333333333333334,0.25,0.625,4
5,3,2,7,3,0.984375,0,0.599999880000024,0.2500001874999531,2.5,0.0,0.375,10
6,7,5,5,2,0.859375,1,1.1666664722222546,0.5000001249999688,3.75,0.0,0.875,17
7,7,4,5,2,0.859375,1,0.9999998571428775,0.5000001249999688,3.5,0.0,0.875,8
4,2,5,7,2,0.4375,0,0.49999987500003124,0.5000001249999688,6.666666666666667,0.0,0.25,8
7,7,4,6,3,1.109375,1,0.9999998571428775,0.2500001874999531,3.5,0.0,0.875,17
4,0,5,8,0,0.0,0,0.0,1.0,20.0,0.0,0.0,14
3,2,5,6,1,0.1875,0,0.6666664444445185,0.7500000624999844,5.0,0.0,0.25,4
4,8,6,6,4,2.0,1,1.999999500000125,2.499999375293882e-07,2.6666666666666665,0.125,1.0,13
4,5,6,6,4,1.734375,1,1.249999687500078,2.499999375293882e-07,4.0,0.125,0.625,10
8,0,4,7,0,0.0,0,0.0,1.0,32.0,0.0,0.0,11
3,11,6,5,4,1.984375,1,3.6666654444448517,2.499999375293882e-07,1.5,0.25,1.375,0
6,0,3,7,0,0.0,0,0.0,1.0,18.0,0.0,0.0,7
3,4,5,6,4,1.75,1,1.333332888889037,2.499999375293882e-07,3.0,0.125,0.5,0
5,0,5,7,0,0.0,0,0.0,1.0,25.0,0.0,0.0,9
7,6,6,5,4,1.9375,0,0.857142734693895,2.499999375293882e-07,6.0,0.0,0.75,21
6,5,5,6,4,1.734375,0,0.8333331944444675,2.499999375293882e-07,5.0,0.0,0.625,16
7,2,6,6,1,0.1875,0,0.285714244897965,0.7500000624999844,14.0,0.0,0.25,15
5,4,6,6,4,1.75,0,0.799999840000032,2.499999375293882e-07,6.0,0.0,0.5,7
1,0,5,6,0,0.0,0,0.0,1.0,5.0,0.0,0.0,2
4,0,4,7,0,0.0,0,0.0,1.0,16.0,0.0,0.0,1
7,9,6,5,4,2.109375,1,1.2857141020408425,2.499999375293882e-07,4.2,0.0,1.125,25
1,12,5,4,4,2.0,1,11.999988000012001,2.499999375293882e-07,0.38461538461538464,0.625,1.5,7
6,6,6,5,4,1.6875,1,0.9999998333333611,2.499999375293882e-07,5.142857142857143,0.0,0.75,11
6,0,4,6,0,0.0,0,0.0,1.0,24.0,0.0,0.0,17
7,4,6,6,3,1.0,0,0.57142848979593,0.2500001874999531,8.4,0.0,0.5,23
1,7,8,5,3,1.109375,1,6.9999930000070005,0.2500001874999531,1.0,0.5,0.875,0
5,0,5,7,0,0.0,0,0.0,1.0,25.0,0.0,0.0,11
6,1,4,7,1,0.109375,0,0.16666663888889352,0.7500000624999844,12.0,0.0,0.125,7
6,12,5,5,4,2.0,1,1.9999996666667221,2.499999375293882e-07,2.3076923076923075,0.0,1.5,13
2,7,5,6,3,1.109375,1,3.499998250000875,0.2500001874999531,1.25,0.25,0.875,11
3,12,6,5,4,2.0,1,3.999998666667111,2.499999375293882e-07,1.3846153846153846,0.25,1.5,10
5,0,5,7,0,0.0,0,0.0,1.0,25.0,0.0,0.0,17
2,12,11,6,4,2.0,1,5.9999970000015,2.499999375293882e-07,1.6923076923076923,0.5,1.5,4
8,5,6,5,4,1.734375,0,0.6249999218750099,2.499999375293882e-07,8.0,0.0,0.625,18
1,6,10,7,4,1.6875,1,5.999994000006001,2.499999375293882e-07,1.4285714285714286,0.375,0.75,2
4,1,11,8,1,0.109375,0,0.24999993750001562,0.7500000624999844,22.0,0.0,0.125,4
3,7,7,5,3,1.109375,1,2.3333325555558146,0.2500001874999531,2.625,0.125,0.875,14
2,3,13,7,2,0.484375,1,1.499999250000375,0.5000001249999688,6.5,0.125,0.375,2
6,0,6,6,0,0.0,0,0.0,1.0,36.0,0.0,0.0,16
2,1,9,8,1,0.109375,0,0.499999750000125,0.7500000624999844,9.0,0.0,0.125,6
1,0,12,8,0,0.0,0,0.0,1.0,12.0,0.0,0.0,1
5,0,8,7,0,0.0,0,0.0,1.0,40.0,0.0,0.0,26
7,1,10,6,1,0.109375,0,0.1428571224489825,0.7500000624999844,35.0,0.0,0.125,35
6,7,9,5,3,1.109375,1,1.1666664722222546,0.2500001874999531,6.75,0.0,0.875,26
1,7,13,7,2,0.609375,1,6.9999930000070005,0.5000001249999688,1.625,0.625,0.875,0
1,2,11,9,1,0.1875,1,1.9999980000020001,0.7500000624999844,3.6666666666666665,0.25,0.25,0
6,0,10,7,0,0.0,0,0.0,1.0,60.0,0.0,0.0,32
5,6,11,7,4,1.6875,1,1.199999760000048,2.499999375293882e-07,7.857142857142857,0.0,0.75,16
5,1,10,8,1,0.109375,0,0.199999960000008,0.7500000624999844,25.0,0.0,0.125,15
1,6,15,8,4,1.6875,1,5.999994000006001,2.499999375293882e-07,2.142857142857143,0.375,0.75,1
7,1,9,8,1,0.109375,0,0.1428571224489825,0.7500000624999844,31.5,0.0,0.125,33
5,1,10,10,1,0.109375,0,0.199999960000008,0.7500000624999844,25.0,0.0,0.125,17
3,0,17,8,0,0.0,0,0.0,1.0,51.0,0.0,0.0,9
3,2,12,9,1,0.1875,0,0.6666664444445185,0.7500000624999844,12.0,0.0,0.25,19
8,6,11,6,4,1.9375,0,0.7499999062500118,2.499999375293882e-07,12.571428571428571,0.0,0.75,44
5,0,13,10,0,0.0,0,0.0,1.0,65.0,0.0,0.0,17
8,2,12,7,1,0.1875,0,0.24999996875000394,0.7500000624999844,32.0,0.0,0.25,48
7,1,10,8,1,0.109375,0,0.1428571224489825,0.7500000624999844,35.0,0.0,0.125,50
4,0,14,10,0,0.0,0,0.0,1.0,56.0,0.0,0.0,36
7,1,11,8,1,0.109375,0,0.1428571224489825,0.7500000624999844,38.5,0.0,0.125,46
3,1,16,6,1,0.109375,0,0.33333322222225925,0.7500000624999844,24.0,0.0,0.125,12
2,0,22,7,0,0.0,0,0.0,1.0,44.0,0.0,0.0,12
3,1,18,6,1,0.109375,0,0.33333322222225925,0.7500000624999844,27.0,0.0,0.125,21
1,0,19,7,0,0.0,0,0.0,1.0,19.0,0.0,0.0,8
4,0,17,8,0,0.0,0,0.0,1.0,68.0,0.0,0.0,38
4,6,14,8,4,1.6875,1,1.4999996250000938,2.499999375293882e-07,8.0,0.125,0.75,42
8,3,14,7,2,0.484375,0,0.3749999531250059,0.5000001249999688,28.0,0.0,0.375,49
4,7,16,7,3,1.109375,1,1.7499995625001092,0.2500001874999531,8.0,0.0,0.875,42
8,1,12,10,1,0.109375,0,0.12499998437500197,0.7500000624999844,48.0,0.0,0.125,52
4,0,20,7,0,0.0,0,0.0,1.0,80.0,0.0,0.0,31
5,2,15,8,2,0.4375,0,0.399999920000016,0.5000001249999688,25.0,0.0,0.25,52
8,5,13,9,2,0.484375,0,0.6249999218750099,0.5000001249999688,17.333333333333332,0.0,0.625,60
6,0,16,8,0,0.0,0,0.0,1.0,96.0,0.0,0.0,64
5,7,15,7,3,1.109375,1,1.399999720000056,0.2500001874999531,9.375,0.0,0.875,64
2,8,25,6,3,1.25,1,3.999998000001,0.2500001874999531,5.555555555555555,0.375,1.0,29
3,0,25,7,0,0.0,0,0.0,1.0,75.0,0.0,0.0,38
2,0,24,7,0,0.0,0,0.0,1.0,48.0,0.0,0.0,34
6,11,16,5,3,1.484375,1,1.8333330277778286,0.2500001874999531,8.0,0.0,1.375,58
5,0,23,7,0,0.0,0,0.0,1.0,115.0,0.0,0.0,55
4,3,25,6,1,0.234375,0,0.7499998125000469,0.7500000624999844,25.0,0.0,0.375,50
8,11,15,5,3,1.484375,1,1.3749998281250215,0.2500001874999531,10.0,0.0,1.375,59
6,8,26,6,3,1.25,1,1.3333331111111482,0.2500001874999531,17.333333333333332,0.0,1.0,57
6,0,21,7,0,0.0,0,0.0,1.0,126.0,0.0,0.0,54
8,0,15,7,0,0.0,0,0.0,1.0,120.0,0.0,0.0,70
6,2,26,6,1,0.1875,0,0.33333327777778704,0.7500000624999844,52.0,0.0,0.25,64
8,1,17,6,1,0.109375,0,0.12499998437500197,0.7500000624999844,68.0,0.0,0.125,74
7,1,25,7,1,0.109375,0,0.1428571224489825,0.7500000624999844,87.5,0.0,0.125,62
7,8,26,5,3,1.0,1,1.14285697959186,0.2500001874999531,20.22222222222222,0.0,1.0,65
5,0,29,7,0,0.0,0,0.0,1.0,145.0,0.0,0.0,64
8,8,28,6,3,1.25,1,0.9999998750000157,0.2500001874999531,24.88888888888889,0.0,1.0,69
6,8,27,6,3,1.25,1,1.3333331111111482,0.2500001874999531,18.0,0.0,1.0,69
5,0,26,7,0,0.0,0,0.0,1.0,130.0,0.0,0.0,67
7,0,28,7,0,0.0,0,0.0,1.0,196.0,0.0,0.0,71
1,8,1,6,4,3.0,1,7.9999920000080005,2.499999375293882e-07,0.1111111111111111,0.25,1.0,0
4,1,1,8,1,0.109375,0,0.24999993750001562,0.7500000624999844,2.0,0.0,0.125,3
6,8,0,6,4,3.0,1,1.3333331111111482,2.499999375293882e-07,0.0,0.0,1.0,0
2,25,1,2,4,2.359375,1,12.499993750003124,2.499999375293882e-07,0.07692307692307693,0.75,3.125,0
5,1,0,8,1,0.109375,0,0.199999960000008,0.7500000624999844,0.0,0.0,0.125,9
8,16,0,5,4,4.0,1,1.9999997500000315,2.499999375293882e-07,0.0,0.0,2.0,0
2,9,11,5,4,2.359375,1,4.499997750001125,2.499999375293882e-07,2.2,0.375,1.125,2
2,1,10,7,1,0.109375,0,0.499999750000125,0.7500000624999844,10.0,0.0,0.125,2
4,1,5,7,1,0.109375,0,0.24999993750001562,0.7500000624999844,10.0,0.0,0.125,9
4,1,6,7,1,0.109375,0,0.24999993750001562,0.7500000624999844,12.0,0.0,0.125,9
2,7,11,6,4,2.359375,1,3.499998250000875,2.499999375293882e-07,2.75,0.25,0.875,6
3,1,2,8,1,0.109375,0,0.33333322222225925,0.7500000624999844,3.0,0.0,0.125,7
1,7,10,6,4,2.359375,1,6.9999930000070005,2.499999375293882e-07,1.25,0.25,0.875,0
1,2,5,8,2,0.4375,1,1.9999980000020001,0.5000001249999688,1.6666666666666667,0.125,0.25,0
8,1,3,8,1,0.109375,0,0.12499998437500197,0.7500000624999844,12.0,0.0,0.125,14
4,4,5,7,3,1.0,1,0.9999997500000625,0.2500001874999531,4.0,0.0,0.5,6
8,1,4,8,1,0.109375,0,0.12499998437500197,0.7500000624999844,16.0,0.0,0.125,19
4,1,7,7,1,0.109375,0,0.24999993750001562,0.7500000624999844,14.0,0.0,0.125,9
2,1,8,9,1,0.109375,0,0.499999750000125,0.7500000624999844,8.0,0.0,0.125,2
5,1,5,9,1,0.109375,0,0.199999960000008,0.7500000624999844,12.5,0.0,0.125,16
7,1,9,7,1,0.109375,0,0.1428571224489825,0.7500000624999844,31.5,0.0,0.125,21
6,4,8,8,3,1.0,0,0.6666665555555741,0.2500001874999531,9.6,0.0,0.5,16
5,1,8,7,1,0.109375,0,0.199999960000008,0.7500000624999844,20.0,0.0,0.125,20
7,14,7,6,4,3.1875,1,1.999999714285755,2.499999375293882e-07,3.2666666666666666,0.0,1.75,14
5,1,6,9,1,0.109375,0,0.199999960000008,0.7500000624999844,15.0,0.0,0.125,20
2,1,9,6,1,0.109375,0,0.499999750000125,0.7500000624999844,9.0,0.0,0.125,6
7,1,7,9,1,0.109375,0,0.1428571224489825,0.7500000624999844,24.5,0.0,0.125,24
3,9,9,5,4,1.609375,1,2.9999990000003334,2.499999375293882e-07,2.7,0.125,1.125,16
6,4,8,7,2,0.75,0,0.6666665555555741,0.5000001249999688,9.6,0.0,0.5,22
6,1,7,8,1,0.109375,0,0.16666663888889352,0.7500000624999844,21.0,0.0,0.125,20
3,1,7,6,1,0.109375,0,0.33333322222225925,0.7500000624999844,10.5,0.0,0.125,16
5,1,8,6,1,0.109375,0,0.199999960000008,0.7500000624999844,20.0,0.0,0.125,23
6,1,13,6,1,0.109375,0,0.16666663888889352,0.7500000624999844,39.0,0.0,0.125,27
8,4,9,7,2,0.75,0,0.4999999375000079,0.5000001249999688,14.4,0.0,0.5,31
3,2,13,5,2,0.4375,0,0.6666664444445185,0.5000001249999688,13.0,0.0,0.25,19
2,1,11,6,1,0.109375,0,0.499999750000125,0.7500000624999844,11.0,0.0,0.125,1
1,0,12,7,0,0.0,0,0.0,1.0,12.0,0.0,0.0,2
5,1,10,6,1,0.109375,0,0.199999960000008,0.7500000624999844,25.0,0.0,0.125,28
5,0,11,7,0,0.0,0,0.0,1.0,55.0,0.0,0.0,9
4,0,12,8,0,0.0,0,0.0,1.0,48.0,0.0,0.0,3
8,1,11,6,1,0.109375,0,0.12499998437500197,0.7500000624999844,44.0,0.0,0.125,37
2,6,12,6,4,1.6875,1,2.99999850000075,2.499999375293882e-07,3.4285714285714284,0.125,0.75,3
8,0,13,6,0,0.0,0,0.0,1.0,104.0,0.0,0.0,34
1,1,15,5,1,0.109375,1,0.9999990000010001,0.7500000624999844,7.5,0.125,0.125,0
6,0,12,6,0,0.0,0,0.0,1.0,72.0,0.0,0.0,28
7,1,12,6,1,0.109375,0,0.1428571224489825,0.7500000624999844,42.0,0.0,0.125,38
7,5,12,5,3,1.234375,0,0.7142856122449125,0.2500001874999531,14.0,0.0,0.625,33
3,0,13,8,0,0.0,0,0.0,1.0,39.0,0.0,0.0,13
8,1,10,6,1,0.109375,0,0.12499998437500197,0.7500000624999844,40.0,0.0,0.125,31
6,5,11,6,2,0.734375,0,0.8333331944444675,0.5000001249999688,11.0,0.0,0.625,32
8,0,10,7,0,0.0,0,0.0,1.0,80.0,0.0,0.0,33
7,7,12,5,3,1.109375,1,0.9999998571428775,0.2500001874999531,10.5,0.0,0.875,30
3,0,11,6,0,0.0,0,0.0,1.0,33.0,0.0,0.0,20
8,0,13,7,0,0.0,0,0.0,1.0,104.0,0.0,0.0,39
8,6,11,6,4,1.6875,0,0.7499999062500118,2.499999375293882e-07,12.571428571428571,0.0,0.75,36
4,3,16,5,1,0.234375,0,0.7499998125000469,0.7500000624999844,16.0,0.0,0.375,17
2,0,12,6,0,0.0,0,0.0,1.0,24.0,0.0,0.0,23
7,5,12,7,2,0.734375,0,0.7142856122449125,0.5000001249999688,14.0,0.0,0.625,42
4,0,16,6,0,0.0,0,0.0,1.0,64.0,0.0,0.0,33
1,0,25,6,0,0.0,0,0.0,1.0,25.0,0.0,0.0,15
3,1,17,5,1,0.109375,0,0.33333322222225925,0.7500000624999844,25.5,0.0,0.125,23
7,0,13,6,0,0.0,0,0.0,1.0,91.0,0.0,0.0,38
2,7,19,4,3,1.609375,1,3.499998250000875,0.2500001874999531,4.75,0.25,0.875,27
8,6,14,7,4,1.6875,0,0.7499999062500118,2.499999375293882e-07,16.0,0.0,0.75,42
1,0,26,6,0,0.0,0,0.0,1.0,26.0,0.0,0.0,22
2,0,20,5,0,0.0,0,0.0,1.0,40.0,0.0,0.0,31
2,0,21,5,0,0.0,0,0.0,1.0,42.0,0.0,0.0,36
7,9,14,4,4,2.109375,1,1.2857141020408425,2.499999375293882e-07,9.8,0.0,1.125,42
3,0,23,5,0,0.0,0,0.0,1.0,69.0,0.0,0.0,38
4,0,17,6,0,0.0,0,0.0,1.0,68.0,0.0,0.0,38
1,0,28,6,0,0.0,0,0.0,1.0,28.0,0.0,0.0,23
7,9,15,4,4,2.109375,1,1.2857141020408425,2.499999375293882e-07,10.5,0.0,1.125,50
1,1,27,8,1,0.109375,1,0.9999990000010001,0.7500000624999844,13.5,0.125,0.125,0
6,1,14,6,1,0.109375,0,0.16666663888889352,0.7500000624999844,42.0,0.0,0.125,51
1,2,25,7,1,0.1875,1,1.9999980000020001,0.7500000624999844,8.333333333333334,0.25,0.25,0
5,7,18,4,4,1.609375,1,1.399999720000056,2.499999375293882e-07,11.25,0.0,0.875,50
7,1,15,6,1,0.109375,0,0.1428571224489825,0.7500000624999844,52.5,0.0,0.125,57
2,4,27,7,2,0.5,1,1.9999990000005,0.5000001249999688,10.8,0.125,0.5,5
4,7,18,4,3,1.609375,1,1.7499995625001092,0.2500001874999531,9.0,0.0,0.875,49
6,0,19,5,0,0.0,0,0.0,1.0,114.0,0.0,0.0,57
6,8,18,4,3,1.25,1,1.3333331111111482,0.2500001874999531,12.0,0.0,1.0,54
7,0,22,5,0,0.0,0,0.0,1.0,154.0,0.0,0.0,59
1,12,27,6,3,1.0,1,11.999988000012001,0.2500001874999531,2.076923076923077,0.875,1.5,4
4,0,25,5,0,0.0,0,0.0,1.0,100.0,0.0,0.0,60
6,0,25,5,0,0.0,0,0.0,1.0,150.0,0.0,0.0,64
7,0,26,5,0,0.0,0,0.0,1.0,182.0,0.0,0.0,62
4,0,24,5,0,0.0,0,0.0,1.0,96.0,0.0,0.0,55
4,9,26,6,4,2.109375,1,2.2499994375001404,2.499999375293882e-07,10.4,0.125,1.125,37
5,0,27,7,0,0.0,0,0.0,1.0,135.0,0.0,0.0,47
3,0,25,8,0,0.0,0,0.0,1.0,75.0,0.0,0.0,32
7,8,27,4,3,1.25,1,1.14285697959186,0.2500001874999531,21.0,0.0,1.0,63
5,0,29,6,0,0.0,0,0.0,1.0,145.0,0.0,0.0,61
4,2,26,7,1,0.1875,0,0.49999987500003124,0.7500000624999844,34.666666666666664,0.0,0.25,41
8,0,27,6,0,0.0,0,0.0,1.0,216.0,0.0,0.0,68
5,4,27,6,2,0.5,0,0.799999840000032,0.5000001249999688,27.0,0.0,0.5,54
7,0,30,6,0,0.0,0,0.0,1.0,210.0,0.0,0.0,81
3,0,26,8,0,0.0,0,0.0,1.0,78.0,0.0,0.0,33
7,0,30,6,0,0.0,0,0.0,1.0,210.0,0.0,0.0,76
5,2,25,7,2,0.4375,0,0.399999920000016,0.5000001249999688,41.666666666666664,0.0,0.25,49
4,0,26,8,0,0.0,0,0.0,1.0,104.0,0.0,0.0,44
6,2,28,6,2,0.4375,0,0.33333327777778704,0.5000001249999688,56.0,0.0,0.25,67
8,0,29,6,0,0.0,0,0.0,1.0,232.0,0.0,0.0,79
7,0,25,8,0,0.0,0,0.0,1.0,175.0,0.0,0.0,64
8,2,27,7,1,0.1875,0,0.24999996875000394,0.7500000624999844,72.0,0.0,0.25,75
8,1,27,6,1,0.109375,0,0.12499998437500197,0.7500000624999844,108.0,0.0,0.125,83
2,15,0,5,4,3.609375,1,7.499996250001875,2.499999375293882e-07,0.0,0.5,1.875,0
4,32,1,0,4,0.0,1,7.9999980000005,2.499999375293882e-07,0.12121212121212122,1.0,4.0,0
8,32,2,0,4,0.0,1,3.999999500000063,2.499999375293882e-07,0.48484848484848486,0.0,4.0,0
1,18,0,3,4,3.4375,1,17.999982000018,2.499999375293882e-07,0.0,0.625,2.25,0
2,32,0,0,4,0.0,1,15.999992000004,2.499999375293882e-07,0.0,1.0,4.0,0
2,17,0,4,4,3.609375,1,8.499995750002125,2.499999375293882e-07,0.0,0.5,2.125,0
5,12,0,6,4,2.75,1,2.399999520000096,2.499999375293882e-07,0.0,0.0,1.5,0
6,11,0,6,4,2.234375,1,1.8333330277778286,2.499999375293882e-07,0.0,0.0,1.375,0
3,12,1,6,4,2.75,1,3.999998666667111,2.499999375293882e-07,0.23076923076923078,0.25,1.5,0
5,17,0,5,4,3.109375,1,3.399999320000136,2.499999375293882e-07,0.0,0.0,2.125,0
1,7,0,6,4,1.859375,1,6.9999930000070005,2.499999375293882e-07,0.0,0.375,0.875,0
4,8,0,7,3,1.25,1,1.999999500000125,0.2500001874999531,0.0,0.0,1.0,0
3,13,0,6,4,3.484375,1,4.33333188888937,2.499999375293882e-07,0.0,0.375,1.625,0
4,4,0,8,3,1.0,1,0.9999997500000625,0.2500001874999531,0.0,0.0,0.5,0
3,12,0,6,4,3.0,1,3.999998666667111,2.499999375293882e-07,0.0,0.375,1.5,0
3,7,1,6,4,1.859375,1,2.3333325555558146,2.499999375293882e-07,0.375,0.125,0.875,0
4,0,2,9,0,0.0,0,0.0,1.0,8.0,0.0,0.0,3
2,4,1,8,3,1.0,1,1.9999990000005,0.2500001874999531,0.4,0.125,0.5,5
2,0,1,9,0,0.0,0,0.0,1.0,2.0,0.0,0.0,4
4,13,0,6,4,2.234375,1,3.2499991875002032,2.499999375293882e-07,0.0,0.125,1.625,0
6,9,1,7,4,2.359375,1,1.4999997500000417,2.499999375293882e-07,0.6,0.0,1.125,0
5,6,3,8,2,0.9375,1,1.199999760000048,0.5000001249999688,2.142857142857143,0.0,0.75,2
4,1,0,9,1,0.109375,0,0.24999993750001562,0.7500000624999844,0.0,0.0,0.125,2
2,6,1,7,2,0.6875,1,2.99999850000075,0.5000001249999688,0.2857142857142857,0.25,0.75,0
2,9,0,7,4,2.359375,1,4.499997750001125,2.499999375293882e-07,0.0,0.375,1.125,0
3,9,0,6,2,0.859375,1,2.9999990000003334,0.5000001249999688,0.0,0.0,1.125,0
6,10,1,6,3,1.1875,1,1.666666388888935,0.2500001874999531,0.5454545454545454,0.0,1.25,1
6,3,1,7,3,0.984375,0,0.49999991666668053,0.2500001874999531,1.5,0.0,0.375,3
7,9,1,6,2,0.859375,1,1.2857141020408425,0.5000001249999688,0.7,0.0,1.125,3
6,3,0,7,3,0.984375,0,0.49999991666668053,0.2500001874999531,0.0,0.0,0.375,3
4,8,5,6,3,1.75,1,1.999999500000125,0.2500001874999531,2.2222222222222223,0.0,1.0,11
8,3,2,7,3,0.984375,0,0.3749999531250059,0.2500001874999531,4.0,0.0,0.375,19
2,2,5,5,2,0.4375,1,0.99999950000025,0.5000001249999688,3.3333333333333335,0.125,0.25,0
6,8,4,6,3,1.75,1,1.3333331111111482,0.2500001874999531,2.6666666666666665,0.0,1.0,10
1,0,1,8,0,0.0,0,0.0,1.0,1.0,0.0,0.0,2
5,3,3,7,3,0.984375,0,0.599999880000024,0.2500001874999531,3.75,0.0,0.375,7
3,8,6,6,3,1.75,1,2.666665777778074,0.2500001874999531,2.0,0.25,1.0,14
2,6,4,5,2,0.6875,1,2.99999850000075,0.5000001249999688,1.1428571428571428,0.25,0.75,0
2,3,4,8,2,0.484375,1,1.499999250000375,0.5000001249999688,2.0,0.125,0.375,0
7,0,3,8,0,0.0,0,0.0,1.0,21.0,0.0,0.0,7
2,4,2,7,3,1.0,1,1.9999990000005,0.2500001874999531,0.8,0.125,0.5,0
5,7,5,4,2,0.859375,1,1.399999720000056,0.5000001249999688,3.125,0.0,0.875,18
7,0,2,8,0,0.0,0,0.0,1.0,14.0,0.0,0.0,7
4,0,3,8,0,0.0,0,0.0,1.0,12.0,0.0,0.0,3
1,0,5,8,0,0.0,0,0.0,1.0,5.0,0.0,0.0,1
4,4,4,7,2,0.5,1,0.9999997500000625,0.5000001249999688,3.2,0.0,0.5,4
1,5,5,6,2,0.734375,1,4.999995000005001,0.5000001249999688,0.8333333333333334,0.375,0.625,0
2,0,2,8,0,0.0,0,0.0,1.0,4.0,0.0,0.0,2
5,5,4,6,2,0.734375,1,0.99999980000004,0.5000001249999688,3.3333333333333335,0.0,0.625,4
8,9,4,8,3,0.859375,1,1.1249998593750177,0.2500001874999531,3.2,0.0,1.125,11
4,2,7,7,2,0.4375,0,0.49999987500003124,0.5000001249999688,9.333333333333334,0.0,0.25,11
7,7,2,7,2,0.609375,1,0.9999998571428775,0.5000001249999688,1.75,0.0,0.875,6
4,5,6,6,2,0.734375,1,1.249999687500078,0.5000001249999688,4.0,0.0,0.625,10
4,0,6,8,0,0.0,0,0.0,1.0,24.0,0.0,0.0,10
1,16,15,3,4,1.75,1,15.999984000016001,2.499999375293882e-07,0.8823529411764706,0.75,2.0,0
8,0,4,8,0,0.0,0,0.0,1.0,32.0,0.0,0.0,21
2,4,8,5,2,0.75,1,1.9999990000005,0.5000001249999688,3.2,0.25,0.5,7
6,0,5,8,0,0.0,0,0.0,1.0,30.0,0.0,0.0,14
4,0,6,8,0,0.0,0,0.0,1.0,24.0,0.0,0.0,8
4,0,7,8,0,0.0,0,0.0,1.0,28.0,0.0,0.0,10
3,1,8,6,1,0.109375,0,0.33333322222225925,0.7500000624999844,12.0,0.0,0.125,12
5,4,7,5,2,0.75,0,0.799999840000032,0.5000001249999688,7.0,0.0,0.5,16
4,1,9,6,1,0.109375,0,0.24999993750001562,0.7500000624999844,18.0,0.0,0.125,13
7,7,5,7,2,0.609375,1,0.9999998571428775,0.5000001249999688,4.375,0.0,0.875,20
7,4,8,7,2,0.5,0,0.57142848979593,0.5000001249999688,11.2,0.0,0.5,18
1,1,16,6,1,0.109375,1,0.9999990000010001,0.7500000624999844,8.0,0.125,0.125,0
3,0,14,7,0,0.0,0,0.0,1.0,42.0,0.0,0.0,13
8,5,8,5,3,1.234375,0,0.6249999218750099,0.2500001874999531,10.666666666666666,0.0,0.625,19
2,13,16,4,4,1.984375,1,6.499996750001625,2.499999375293882e-07,2.2857142857142856,0.375,1.625,1
8,1,12,6,1,0.109375,0,0.12499998437500197,0.7500000624999844,48.0,0.0,0.125,19
3,0,15,7,0,0.0,0,0.0,1.0,45.0,0.0,0.0,17
8,13,14,4,4,1.234375,1,1.6249997968750256,2.499999375293882e-07,8.0,0.0,1.625,27
4,1,11,6,1,0.109375,0,0.24999993750001562,0.7500000624999844,22.0,0.0,0.125,17
6,13,13,4,4,1.234375,1,2.1666663055556157,2.499999375293882e-07,5.571428571428571,0.0,1.625,25
6,1,10,6,1,0.109375,0,0.16666663888889352,0.7500000624999844,30.0,0.0,0.125,19
4,1,13,7,1,0.109375,0,0.24999993750001562,0.7500000624999844,26.0,0.0,0.125,14
1,1,13,6,1,0.109375,1,0.9999990000010001,0.7500000624999844,6.5,0.125,0.125,0
7,1,13,6,1,0.109375,0,0.1428571224489825,0.7500000624999844,45.5,0.0,0.125,31
4,13,15,4,4,1.984375,1,3.2499991875002032,2.499999375293882e-07,4.285714285714286,0.125,1.625,21
3,1,14,7,1,0.109375,0,0.33333322222225925,0.7500000624999844,21.0,0.0,0.125,16
5,1,17,6,1,0.109375,0,0.199999960000008,0.7500000624999844,42.5,0.0,0.125,25
6,1,14,6,1,0.109375,0,0.16666663888889352,0.7500000624999844,42.0,0.0,0.125,33
3,13,17,4,4,1.984375,1,4.33333188888937,2.499999375293882e-07,3.642857142857143,0.375,1.625,26
7,0,13,7,0,0.0,0,0.0,1.0,91.0,0.0,0.0,36
3,0,13,7,0,0.0,0,0.0,1.0,39.0,0.0,0.0,25
6,0,12,7,0,0.0,0,0.0,1.0,72.0,0.0,0.0,33
4,3,14,6,3,0.984375,0,0.7499998125000469,0.2500001874999531,14.0,0.0,0.375,27
2,6,18,7,4,1.6875,1,2.99999850000075,2.499999375293882e-07,5.142857142857143,0.125,0.75,0
7,3,15,6,3,0.984375,0,0.4285713673469475,0.2500001874999531,26.25,0.0,0.375,31
2,0,15,7,0,0.0,0,0.0,1.0,30.0,0.0,0.0,12
3,5,16,5,3,0.984375,1,1.6666661111112961,0.2500001874999531,8.0,0.125,0.625,29
6,0,16,7,0,0.0,0,0.0,1.0,96.0,0.0,0.0,32
2,6,17,6,4,1.6875,1,2.99999850000075,2.499999375293882e-07,4.857142857142857,0.125,0.75,12
3,0,16,7,0,0.0,0,0.0,1.0,48.0,0.0,0.0,20
3,0,15,8,0,0.0,0,0.0,1.0,45.0,0.0,0.0,7
8,0,15,7,0,0.0,0,0.0,1.0,120.0,0.0,0.0,38
5,2,17,7,1,0.1875,0,0.399999920000016,0.7500000624999844,28.333333333333332,0.0,0.25,39
4,5,18,5,2,0.734375,1,1.249999687500078,0.5000001249999688,12.0,0.0,0.625,17
7,8,17,6,4,1.5,1,1.14285697959186,2.499999375293882e-07,13.222222222222221,0.0,1.0,40
4,0,17,8,0,0.0,0,0.0,1.0,68.0,0.0,0.0,27
8,6,18,6,4,1.6875,0,0.7499999062500118,2.499999375293882e-07,20.571428571428573,0.0,0.75,40
5,0,17,7,0,0.0,0,0.0,1.0,85.0,0.0,0.0,38
8,8,18,6,3,1.75,1,0.9999998750000157,0.2500001874999531,16.0,0.0,1.0,40
7,0,16,7,0,0.0,0,0.0,1.0,112.0,0.0,0.0,40
6,8,17,5,3,1.25,1,1.3333331111111482,0.2500001874999531,11.333333333333334,0.0,1.0,46
7,0,14,8,0,0.0,0,0.0,1.0,98.0,0.0,0.0,44
6,3,18,8,2,0.484375,0,0.49999991666668053,0.5000001249999688,27.0,0.0,0.375,36
7,5,17,5,2,0.734375,0,0.7142856122449125,0.5000001249999688,19.833333333333332,0.0,0.625,49
8,6,19,7,4,1.6875,0,0.7499999062500118,2.499999375293882e-07,21.714285714285715,0.0,0.75,48
7,0,16,8,0,0.0,0,0.0,1.0,112.0,0.0,0.0,50
1,31,1,1,4,0.109375,1,30.999969000031,2.499999375293882e-07,0.03125,1.0,3.875,0
4,8,0,6,4,3.0,1,1.999999500000125,2.499999375293882e-07,0.0,0.25,1.0,0
1,32,0,0,4,0.0,1,31.999968000032002,2.499999375293882e-07,0.0,1.0,4.0,0
2,2,0,8,2,0.4375,1,0.99999950000025,0.5000001249999688,0.0,0.125,0.25,0
8,31,0,1,4,0.109375,1,3.8749995156250607,2.499999375293882e-07,0.0,0.0,3.875,0
3,22,0,3,4,2.9375,1,7.333330888889703,2.499999375293882e-07,0.0,0.625,2.75,0
2,8,1,6,4,3.0,1,3.999998000001,2.499999375293882e-07,0.2222222222222222,0.25,1.0,0
6,2,1,8,2,0.4375,0,0.33333327777778704,0.5000001249999688,2.0,0.0,0.25,5
8,0,1,9,0,0.0,0,0.0,1.0,8.0,0.0,0.0,8
2,9,5,6,4,2.109375,1,4.499997750001125,2.499999375293882e-07,1.0,0.25,1.125,0
4,6,3,7,4,1.9375,1,1.4999996250000938,2.499999375293882e-07,1.7142857142857142,0.125,0.75,7
2,1,2,8,1,0.109375,0,0.499999750000125,0.7500000624999844,2.0,0.0,0.125,1
2,9,6,6,4,2.859375,1,4.499997750001125,2.499999375293882e-07,1.2,0.25,1.125,1
6,1,4,7,1,0.109375,0,0.16666663888889352,0.7500000624999844,12.0,0.0,0.125,8
6,4,3,7,3,1.0,0,0.6666665555555741,0.2500001874999531,3.6,0.0,0.5,7
3,2,6,7,2,0.4375,0,0.6666664444445185,0.5000001249999688,6.0,0.0,0.25,1
3,0,3,8,0,0.0,0,0.0,1.0,9.0,0.0,0.0,7
5,6,4,7,4,1.9375,1,1.199999760000048,2.499999375293882e-07,2.857142857142857,0.0,0.75,11
4,9,6,6,4,2.109375,1,2.2499994375001404,2.499999375293882e-07,2.4,0.125,1.125,7
2,7,8,6,3,1.609375,1,3.499998250000875,0.2500001874999531,2.0,0.25,0.875,0
4,9,5,6,4,2.859375,1,2.2499994375001404,2.499999375293882e-07,2.0,0.25,1.125,7
6,6,5,6,3,1.1875,1,0.9999998333333611,0.2500001874999531,4.285714285714286,0.0,0.75,13
3,4,7,6,1,0.25,1,1.333332888889037,0.7500000624999844,4.2,0.0,0.5,3
5,2,5,7,2,0.4375,0,0.399999920000016,0.5000001249999688,8.333333333333334,0.0,0.25,11
3,7,8,6,4,1.859375,1,2.3333325555558146,2.499999375293882e-07,3.0,0.125,0.875,8
7,0,4,8,0,0.0,0,0.0,1.0,28.0,0.0,0.0,17
2,10,10,6,4,2.6875,1,4.99999750000125,2.499999375293882e-07,1.8181818181818181,0.375,1.25,0
2,2,10,8,2,0.4375,1,0.99999950000025,0.5000001249999688,6.666666666666667,0.125,0.25,0
3,0,6,8,0,0.0,0,0.0,1.0,18.0,0.0,0.0,5
2,3,12,7,1,0.234375,1,1.499999250000375,0.7500000624999844,6.0,0.0,0.375,1
6,4,4,7,2,0.5,0,0.6666665555555741,0.5000001249999688,4.8,0.0,0.5,17
6,2,5,7,1,0.1875,0,0.33333327777778704,0.7500000624999844,10.0,0.0,0.25,23
4,10,11,6,4,2.6875,1,2.499999375000156,2.499999375293882e-07,4.0,0.125,1.25,3
3,1,10,8,1,0.109375,0,0.33333322222225925,0.7500000624999844,15.0,0.0,0.125,2
8,0,7,8,0,0.0,0,0.0,1.0,56.0,0.0,0.0,22
2,3,12,8,1,0.234375,1,1.499999250000375,0.7500000624999844,6.0,0.0,0.375,0
6,2,6,7,1,0.1875,0,0.33333327777778704,0.7500000624999844,12.0,0.0,0.25,26
2,0,14,8,0,0.0,0,0.0,1.0,28.0,0.0,0.0,3
8,7,7,6,4,1.859375,0,0.8749998906250137,2.499999375293882e-07,7.0,0.0,0.875,26
2,0,14,7,0,0.0,0,0.0,1.0,28.0,0.0,0.0,3
8,0,10,8,0,0.0,0,0.0,1.0,80.0,0.0,0.0,30
2,8,14,4,3,1.75,1,3.999998000001,0.2500001874999531,3.111111111111111,0.375,1.0,5
5,4,11,7,2,0.75,0,0.799999840000032,0.5000001249999688,11.0,0.0,0.5,27
6,0,9,8,0,0.0,0,0.0,1.0,54.0,0.0,0.0,28
7,5,12,7,2,0.484375,0,0.7142856122449125,0.5000001249999688,14.0,0.0,0.625,37
1,0,16,6,0,0.0,0,0.0,1.0,16.0,0.0,0.0,3
2,0,16,6,0,0.0,0,0.0,1.0,32.0,0.0,0.0,8
2,8,19,6,2,0.75,1,3.999998000001,0.5000001249999688,4.222222222222222,0.375,1.0,3
5,4,11,8,2,0.75,0,0.799999840000032,0.5000001249999688,11.0,0.0,0.5,30
1,8,18,6,2,0.75,1,7.9999920000080005,0.5000001249999688,2.0,0.625,1.0,0
8,0,11,8,0,0.0,0,0.0,1.0,88.0,0.0,0.0,36
7,2,12,8,2,0.4375,0,0.285714244897965,0.5000001249999688,28.0,0.0,0.25,35
4,17,15,4,4,1.359375,1,4.249998937500266,2.499999375293882e-07,3.3333333333333335,0.125,2.125,30
5,2,11,8,2,0.4375,0,0.399999920000016,0.5000001249999688,18.333333333333332,0.0,0.25,32
2,7,20,6,3,1.109375,1,3.499998250000875,0.2500001874999531,5.0,0.25,0.875,7
5,4,12,8,2,0.75,0,0.799999840000032,0.5000001249999688,12.0,0.0,0.5,34
3,0,13,6,0,0.0,0,0.0,1.0,39.0,0.0,0.0,35
2,9,18,5,3,1.109375,1,4.499997750001125,0.2500001874999531,3.6,0.375,1.125,2
7,4,13,8,2,0.75,0,0.57142848979593,0.5000001249999688,18.2,0.0,0.5,39
8,6,14,7,2,0.9375,0,0.7499999062500118,0.5000001249999688,16.0,0.0,0.75,40
4,0,15,7,0,0.0,0,0.0,1.0,60.0,0.0,0.0,38
6,8,15,5,4,1.75,1,1.3333331111111482,2.499999375293882e-07,10.0,0.0,1.0,34
3,0,16,7,0,0.0,0,0.0,1.0,48.0,0.0,0.0,39
5,6,17,5,3,1.1875,1,1.199999760000048,0.2500001874999531,12.142857142857142,0.0,0.75,39
3,8,18,7,3,1.0,1,2.666665777778074,0.2500001874999531,6.0,0.125,1.0,26
3,5,18,6,3,1.234375,1,1.6666661111112961,0.2500001874999531,9.0,0.125,0.625,17
8,8,14,5,4,1.75,1,0.9999998750000157,2.499999375293882e-07,12.444444444444445,0.0,1.0,49
5,0,17,7,0,0.0,0,0.0,1.0,85.0,0.0,0.0,46
2,3,17,6,2,0.484375,1,1.499999250000375,0.5000001249999688,8.5,0.125,0.375,6
5,0,16,7,0,0.0,0,0.0,1.0,80.0,0.0,0.0,43
7,2,17,6,2,0.4375,0,0.285714244897965,0.5000001249999688,39.666666666666664,0.0,0.25,43
4,0,18,8,0,0.0,0,0.0,1.0,72.0,0.0,0.0,45
8,0,15,7,0,0.0,0,0.0,1.0,120.0,0.0,0.0,55
2,6,19,5,2,0.6875,1,2.99999850000075,0.5000001249999688,5.428571428571429,0.25,0.75,13
8,0,19,8,0,0.0,0,0.0,1.0,152.0,0.0,0.0,58
5,1,16,6,1,0.109375,0,0.199999960000008,0.7500000624999844,40.0,0.0,0.125,42
2,1,17,6,1,0.109375,0,0.499999750000125,0.7500000624999844,17.0,0.0,0.125,12
4,1,17,6,1,0.109375,0,0.24999993750001562,0.7500000624999844,34.0,0.0,0.125,43
2,0,22,7,0,0.0,0,0.0,1.0,44.0,0.0,0.0,3
7,1,18,6,1,0.109375,0,0.1428571224489825,0.7500000624999844,63.0,0.0,0.125,57
7,6,18,5,4,1.9375,0,0.857142734693895,2.499999375293882e-07,18.0,0.0,0.75,53
4,5,17,6,3,1.234375,1,1.249999687500078,0.2500001874999531,11.333333333333334,0.0,0.625,36
6,1,16,6,1,0.109375,0,0.16666663888889352,0.7500000624999844,48.0,0.0,0.125,54
7,1,15,6,1,0.109375,0,0.1428571224489825,0.7500000624999844,52.5,0.0,0.125,51
3,11,20,5,3,1.484375,1,3.6666654444448517,0.2500001874999531,5.0,0.25,1.375,16
4,1,17,7,1,0.109375,0,0.24999993750001562,0.7500000624999844,34.0,0.0,0.125,48
5,3,18,6,1,0.234375,0,0.599999880000024,0.7500000624999844,22.5,0.0,0.375,50
7,2,17,7,1,0.1875,0,0.285714244897965,0.7500000624999844,39.666666666666664,0.0,0.25,47
7,0,18,6,0,0.0,0,0.0,1.0,126.0,0.0,0.0,44
8,2,18,7,1,0.1875,0,0.24999996875000394,0.7500000624999844,48.0,0.0,0.25,60
6,10,19,6,3,1.6875,1,1.666666388888935,0.2500001874999531,10.363636363636363,0.0,1.25,55
2,0,23,7,0,0.0,0,0.0,1.0,46.0,0.0,0.0,29
7,1,19,6,1,0.109375,0,0.1428571224489825,0.7500000624999844,66.5,0.0,0.125,51
6,1,18,6,1,0.109375,0,0.16666663888889352,0.7500000624999844,54.0,0.0,0.125,51
8,6,18,5,2,0.6875,0,0.7499999062500118,0.5000001249999688,20.571428571428573,0.0,0.75,54
3,2,24,6,1,0.1875,0,0.6666664444445185,0.7500000624999844,24.0,0.0,0.25,36
8,1,20,6,1,0.109375,0,0.12499998437500197,0.7500000624999844,80.0,0.0,0.125,55
6,1,20,6,1,0.109375,0,0.16666663888889352,0.7500000624999844,60.0,0.0,0.125,57
3,0,24,7,0,0.0,0,0.0,1.0,72.0,0.0,0.0,45
7,9,20,5,3,1.109375,1,1.2857141020408425,0.2500001874999531,14.0,0.0,1.125,57
7,1,22,6,1,0.109375,0,0.1428571224489825,0.7500000624999844,77.0,0.0,0.125,64
8,6,21,5,2,0.6875,0,0.7499999062500118,0.5000001249999688,24.0,0.0,0.75,56
5,11,21,5,3,1.484375,1,2.199999560000088,0.2500001874999531,8.75,0.0,1.375,65
8,11,22,5,3,1.484375,1,1.3749998281250215,0.2500001874999531,14.666666666666666,0.0,1.375,65
7,1,21,6,1,0.109375,0,0.1428571224489825,0.7500000624999844,73.5,0.0,0.125,60
4,0,21,7,0,0.0,0,0.0,1.0,84.0,0.0,0.0,64
7,26,1,1,4,1.9375,1,3.714285183673545,2.499999375293882e-07,0.25925925925925924,0.0,3.25,0
6,26,3,1,4,1.9375,1,4.333332611111231,2.499999375293882e-07,0.6666666666666666,0.0,3.25,0
6,26,2,1,4,1.9375,1,4.333332611111231,2.499999375293882e-07,0.4444444444444444,0.0,3.25,0
2,4,0,5,4,1.75,1,1.9999990000005,2.499999375293882e-07,0.0,0.125,0.5,0
2,4,1,5,4,1.75,1,1.9999990000005,2.499999375293882e-07,0.4,0.125,0.5,0
5,3,0,6,3,0.984375,0,0.599999880000024,0.2500001874999531,0.0,0.0,0.375,3
7,10,0,5,4,2.9375,1,1.428571224489825,2.499999375293882e-07,0.0,0.0,1.25,0
1,7,3,6,4,1.859375,1,6.9999930000070005,2.499999375293882e-07,0.375,0.375,0.875,0
7,1,1,7,1,0.109375,0,0.1428571224489825,0.7500000624999844,3.5,0.0,0.125,3
6,1,2,8,1,0.109375,0,0.16666663888889352,0.7500000624999844,6.0,0.0,0.125,4
8,1,2,7,1,0.109375,0,0.12499998437500197,0.7500000624999844,8.0,0.0,0.125,6
3,9,0,5,4,2.859375,1,2.9999990000003334,2.499999375293882e-07,0.0,0.25,1.125,0
7,2,2,7,2,0.4375,0,0.285714244897965,0.5000001249999688,4.666666666666667,0.0,0.25,4
7,9,1,5,4,2.859375,1,1.2857141020408425,2.499999375293882e-07,0.7,0.0,1.125,7
3,5,0,6,2,0.734375,1,1.6666661111112961,0.5000001249999688,0.0,0.0,0.625,0
2,10,0,5,4,2.1875,1,4.99999750000125,2.499999375293882e-07,0.0,0.375,1.25,0
4,11,3,6,4,1.984375,1,2.749999312500172,2.499999375293882e-07,1.0,0.125,1.375,1
3,5,2,8,2,0.734375,1,1.6666661111112961,0.5000001249999688,1.0,0.0,0.625,4
5,5,1,7,4,1.734375,1,0.99999980000004,2.499999375293882e-07,0.8333333333333334,0.0,0.625,0
1,6,1,6,4,1.9375,1,5.999994000006001,2.499999375293882e-07,0.14285714285714285,0.25,0.75,0
1,0,2,8,0,0.0,0,0.0,1.0,2.0,0.0,0.0,1
8,5,1,8,2,0.734375,0,0.6249999218750099,0.5000001249999688,1.3333333333333333,0.0,0.625,3
3,10,1,6,3,1.1875,1,3.3333322222225923,0.2500001874999531,0.2727272727272727,0.125,1.25,2
8,4,0,9,2,0.5,0,0.4999999375000079,0.5000001249999688,0.0,0.0,0.5,4
7,10,2,6,3,1.1875,1,1.428571224489825,0.2500001874999531,1.2727272727272727,0.0,1.25,3
8,7,2,6,3,1.109375,0,0.8749998906250137,0.2500001874999531,2.0,0.0,0.875,6
2,2,2,7,2,0.4375,1,0.99999950000025,0.5000001249999688,1.3333333333333333,0.125,0.25,0
6,9,3,6,4,1.859375,1,1.4999997500000417,2.499999375293882e-07,1.8,0.0,1.125,14
2,12,7,4,4,1.5,1,5.9999970000015,2.499999375293882e-07,1.0769230769230769,0.5,1.5,0
5,12,6,4,4,1.5,1,2.399999520000096,2.499999375293882e-07,2.3076923076923075,0.0,1.5,2
2,8,8,7,4,1.75,1,3.999998000001,2.499999375293882e-07,1.7777777777777777,0.25,1.0,2
7,7,3,6,3,1.109375,1,0.9999998571428775,0.2500001874999531,2.625,0.0,0.875,14
1,0,6,6,0,0.0,0,0.0,1.0,6.0,0.0,0.0,5
6,3,3,6,2,0.484375,0,0.49999991666668053,0.5000001249999688,4.5,0.0,0.375,15
6,0,5,6,0,0.0,0,0.0,1.0,30.0,0.0,0.0,17
6,4,4,5,2,0.5,0,0.6666665555555741,0.5000001249999688,4.8,0.0,0.5,15
1,0,9,6,0,0.0,0,0.0,1.0,9.0,0.0,0.0,3
2,0,8,6,0,0.0,0,0.0,1.0,16.0,0.0,0.0,5
6,12,5,4,4,1.5,1,1.9999996666667221,2.499999375293882e-07,2.3076923076923075,0.0,1.5,15
2,8,9,7,4,1.75,1,3.999998000001,2.499999375293882e-07,2.0,0.25,1.0,11
3,0,7,6,0,0.0,0,0.0,1.0,21.0,0.0,0.0,12
3,0,8,9,0,0.0,0,0.0,1.0,24.0,0.0,0.0,13
5,7,6,7,3,1.109375,1,1.399999720000056,0.2500001874999531,3.75,0.0,0.875,7
5,1,6,8,1,0.109375,0,0.199999960000008,0.7500000624999844,15.0,0.0,0.125,11
5,0,10,6,0,0.0,0,0.0,1.0,50.0,0.0,0.0,17
8,6,5,7,4,1.9375,0,0.7499999062500118,2.499999375293882e-07,5.714285714285714,0.0,0.75,13
8,0,7,8,0,0.0,0,0.0,1.0,56.0,0.0,0.0,16
2,3,8,6,2,0.484375,1,1.499999250000375,0.5000001249999688,4.0,0.125,0.375,0
4,1,4,7,1,0.109375,0,0.24999993750001562,0.7500000624999844,8.0,0.0,0.125,9
5,6,6,7,4,1.9375,1,1.199999760000048,2.499999375293882e-07,4.285714285714286,0.0,0.75,15
1,5,10,5,3,1.234375,1,4.999995000005001,0.2500001874999531,1.6666666666666667,0.25,0.625,0
1,8,10,6,3,1.0,1,7.9999920000080005,0.2500001874999531,1.1111111111111112,0.625,1.0,0
8,7,6,7,3,1.109375,0,0.8749998906250137,0.2500001874999531,6.0,0.0,0.875,17
4,1,5,7,1,0.109375,0,0.24999993750001562,0.7500000624999844,10.0,0.0,0.125,10
6,11,5,5,3,1.734375,1,1.8333330277778286,0.2500001874999531,2.5,0.0,1.375,18
3,0,9,6,0,0.0,0,0.0,1.0,27.0,0.0,0.0,14
8,1,6,7,1,0.109375,0,0.12499998437500197,0.7500000624999844,24.0,0.0,0.125,25
7,1,8,7,1,0.109375,0,0.1428571224489825,0.7500000624999844,28.0,0.0,0.125,15
3,1,10,8,1,0.109375,0,0.33333322222225925,0.7500000624999844,15.0,0.0,0.125,3
7,12,10,4,4,2.0,1,1.71428546938779,2.499999375293882e-07,5.384615384615385,0.0,1.5,27
8,3,7,6,2,0.484375,0,0.3749999531250059,0.5000001249999688,14.0,0.0,0.375,28
2,1,12,6,1,0.109375,0,0.499999750000125,0.7500000624999844,12.0,0.0,0.125,4
1,0,15,7,0,0.0,0,0.0,1.0,15.0,0.0,0.0,3
7,5,10,5,3,0.984375,0,0.7142856122449125,0.2500001874999531,11.666666666666666,0.0,0.625,30
1,9,16,6,3,1.609375,1,8.999991000009,0.2500001874999531,1.6,0.5,1.125,0
8,12,9,4,4,2.0,1,1.4999998125000236,2.499999375293882e-07,5.538461538461538,0.0,1.5,26
3,11,17,5,4,2.234375,1,3.6666654444448517,2.499999375293882e-07,4.25,0.25,1.375,0
2,0,16,7,0,0.0,0,0.0,1.0,32.0,0.0,0.0,2
4,1,14,6,1,0.109375,0,0.24999993750001562,0.7500000624999844,28.0,0.0,0.125,17
8,0,9,7,0,0.0,0,0.0,1.0,72.0,0.0,0.0,33
6,0,9,7,0,0.0,0,0.0,1.0,54.0,0.0,0.0,30
2,1,18,6,1,0.109375,0,0.499999750000125,0.7500000624999844,18.0,0.0,0.125,3
5,1,11,8,1,0.109375,0,0.199999960000008,0.7500000624999844,27.5,0.0,0.125,35
5,1,10,6,1,0.109375,0,0.199999960000008,0.7500000624999844,25.0,0.0,0.125,37
6,7,12,6,4,1.859375,1,1.1666664722222546,2.499999375293882e-07,9.0,0.0,0.875,38
2,4,17,7,2,0.75,1,1.9999990000005,0.5000001249999688,6.8,0.25,0.5,9
4,7,16,7,4,1.859375,1,1.7499995625001092,2.499999375293882e-07,8.0,0.125,0.875,14
6,1,9,8,1,0.109375,0,0.16666663888889352,0.7500000624999844,27.0,0.0,0.125,35
7,1,11,6,1,0.109375,0,0.1428571224489825,0.7500000624999844,38.5,0.0,0.125,41
2,0,23,7,0,0.0,0,0.0,1.0,46.0,0.0,0.0,4
5,2,16,8,2,0.4375,0,0.399999920000016,0.5000001249999688,26.666666666666668,0.0,0.25,24
6,2,17,7,2,0.4375,0,0.33333327777778704,0.5000001249999688,34.0,0.0,0.25,38
6,0,17,8,0,0.0,0,0.0,1.0,102.0,0.0,0.0,26
6,9,17,6,3,1.609375,1,1.4999997500000417,0.2500001874999531,10.2,0.0,1.125,28
7,8,14,6,3,1.25,1,1.14285697959186,0.2500001874999531,10.88888888888889,0.0,1.0,46
7,4,16,6,2,0.75,0,0.57142848979593,0.5000001249999688,22.4,0.0,0.5,56
3,1,17,6,1,0.109375,0,0.33333322222225925,0.7500000624999844,25.5,0.0,0.125,30
5,1,18,6,1,0.109375,0,0.199999960000008,0.7500000624999844,45.0,0.0,0.125,39
8,8,15,6,3,1.25,1,0.9999998750000157,0.2500001874999531,13.333333333333334,0.0,1.0,54
7,0,15,7,0,0.0,0,0.0,1.0,105.0,0.0,0.0,56
8,0,17,7,0,0.0,0,0.0,1.0,136.0,0.0,0.0,64
7,2,16,7,2,0.4375,0,0.285714244897965,0.5000001249999688,37.333333333333336,0.0,0.25,60
7,6,18,5,2,0.6875,0,0.857142734693895,0.5000001249999688,18.0,0.0,0.75,46
3,6,17,5,2,0.6875,1,1.9999993333335555,0.5000001249999688,7.285714285714286,0.0,0.75,45
8,9,19,5,4,1.859375,1,1.1249998593750177,2.499999375293882e-07,15.2,0.0,1.125,54
5,1,19,6,1,0.109375,0,0.199999960000008,0.7500000624999844,47.5,0.0,0.125,45
7,1,22,6,1,0.109375,0,0.1428571224489825,0.7500000624999844,77.0,0.0,0.125,54
6,1,20,6,1,0.109375,0,0.16666663888889352,0.7500000624999844,60.0,0.0,0.125,54
6,2,20,7,2,0.4375,0,0.33333327777778704,0.5000001249999688,40.0,0.0,0.25,50
4,7,22,6,2,0.609375,1,1.7499995625001092,0.5000001249999688,11.0,0.0,0.875,49
6,1,23,6,1,0.109375,0,0.16666663888889352,0.7500000624999844,69.0,0.0,0.125,56
8,7,21,6,2,0.609375,0,0.8749998906250137,0.5000001249999688,21.0,0.0,0.875,53
4,21,1,2,4,3.234375,1,5.2499986875003275,2.499999375293882e-07,0.18181818181818182,0.625,2.625,0
6,22,0,2,4,2.9375,1,3.666666055555657,2.499999375293882e-07,0.0,0.0,2.75,0
2,21,0,2,4,3.234375,1,10.499994750002624,2.499999375293882e-07,0.0,0.625,2.625,0
5,5,1,6,4,1.734375,1,0.99999980000004,2.499999375293882e-07,0.8333333333333334,0.0,0.625,0
2,21,2,2,4,3.234375,1,10.499994750002624,2.499999375293882e-07,0.18181818181818182,0.625,2.625,0
8,13,0,5,4,3.484375,1,1.6249997968750256,2.499999375293882e-07,0.0,0.0,1.625,0
7,5,2,6,4,1.734375,0,0.7142856122449125,2.499999375293882e-07,2.3333333333333335,0.0,0.625,9
6,0,2,7,0,0.0,0,0.0,1.0,12.0,0.0,0.0,10
4,8,4,5,4,2.25,1,1.999999500000125,2.499999375293882e-07,1.7777777777777777,0.125,1.0,4
7,5,0,6,4,1.734375,0,0.7142856122449125,2.499999375293882e-07,0.0,0.0,0.625,5
2,0,6,5,0,0.0,0,0.0,1.0,12.0,0.0,0.0,1
3,8,5,5,4,2.25,1,2.666665777778074,2.499999375293882e-07,1.6666666666666667,0.25,1.0,13
6,2,2,6,1,0.1875,0,0.33333327777778704,0.7500000624999844,4.0,0.0,0.25,13
1,0,9,6,0,0.0,0,0.0,1.0,9.0,0.0,0.0,1
3,0,4,5,0,0.0,0,0.0,1.0,12.0,0.0,0.0,7
5,2,3,6,1,0.1875,0,0.399999920000016,0.7500000624999844,5.0,0.0,0.25,14
5,0,8,6,0,0.0,0,0.0,1.0,40.0,0.0,0.0,10
4,2,4,5,2,0.4375,0,0.49999987500003124,0.5000001249999688,5.333333333333333,0.0,0.25,10
3,0,7,6,0,0.0,0,0.0,1.0,21.0,0.0,0.0,4
1,1,9,8,1,0.109375,1,0.9999990000010001,0.7500000624999844,4.5,0.125,0.125,0
7,8,7,4,4,2.25,1,1.14285697959186,2.499999375293882e-07,5.444444444444445,0.0,1.0,8
3,0,5,5,0,0.0,0,0.0,1.0,15.0,0.0,0.0,7
1,5,12,6,3,0.984375,1,4.999995000005001,0.2500001874999531,2.0,0.375,0.625,1
5,8,7,7,4,1.75,1,1.599999680000064,2.499999375293882e-07,3.888888888888889,0.0,1.0,15
5,7,10,5,4,2.359375,1,1.399999720000056,2.499999375293882e-07,6.25,0.0,0.875,17
8,8,8,4,4,2.25,1,0.9999998750000157,2.499999375293882e-07,7.111111111111111,0.0,1.0,18
7,8,6,7,4,1.75,1,1.14285697959186,2.499999375293882e-07,4.666666666666667,0.0,1.0,19
5,1,8,8,1,0.109375,0,0.199999960000008,0.7500000624999844,20.0,0.0,0.125,13
1,10,15,5,3,0.9375,1,9.999990000010001,0.2500001874999531,1.3636363636363635,0.75,1.25,0
6,8,8,7,4,1.75,1,1.3333331111111482,2.499999375293882e-07,5.333333333333333,0.0,1.0,31
8,7,7,7,2,0.609375,0,0.8749998906250137,0.5000001249999688,7.0,0.0,0.875,29
4,3,12,6,3,0.984375,0,0.7499998125000469,0.2500001874999531,12.0,0.0,0.375,14
6,6,8,7,4,1.6875,1,0.9999998333333611,2.499999375293882e-07,6.857142857142857,0.0,0.75,26
3,1,18,6,1,0.109375,0,0.33333322222225925,0.7500000624999844,27.0,0.0,0.125,10
1,5,14,6,2,0.484375,1,4.999995000005001,0.5000001249999688,2.3333333333333335,0.5,0.625,8
6,0,7,8,0,0.0,0,0.0,1.0,42.0,0.0,0.0,27
6,1,10,8,1,0.109375,0,0.16666663888889352,0.7500000624999844,30.0,0.0,0.125,29
4,0,15,7,0,0.0,0,0.0,1.0,60.0,0.0,0.0,18
6,9,12,6,3,2.109375,1,1.4999997500000417,0.2500001874999531,7.2,0.0,1.125,30
2,9,17,5,4,2.109375,1,4.499997750001125,2.499999375293882e-07,3.4,0.25,1.125,6
7,9,11,6,3,2.109375,1,1.2857141020408425,0.2500001874999531,7.7,0.0,1.125,41
5,0,14,7,0,0.0,0,0.0,1.0,70.0,0.0,0.0,33
2,1,18,7,1,0.109375,0,0.499999750000125,0.7500000624999844,18.0,0.0,0.125,1
2,6,23,6,3,1.6875,1,2.99999850000075,0.2500001874999531,6.571428571428571,0.25,0.75,5
6,3,14,6,2,0.484375,0,0.49999991666668053,0.5000001249999688,21.0,0.0,0.375,34
8,9,13,6,3,2.109375,1,1.1249998593750177,0.2500001874999531,10.4,0.0,1.125,44
1,0,22,7,0,0.0,0,0.0,1.0,22.0,0.0,0.0,3
7,3,13,6,3,0.984375,0,0.4285713673469475,0.2500001874999531,22.75,0.0,0.375,43
2,0,24,7,0,0.0,0,0.0,1.0,48.0,0.0,0.0,8
6,0,17,7,0,0.0,0,0.0,1.0,102.0,0.0,0.0,37
4,5,20,6,3,0.984375,1,1.249999687500078,0.2500001874999531,13.333333333333334,0.0,0.625,40
3,0,19,7,0,0.0,0,0.0,1.0,57.0,0.0,0.0,29
7,0,16,7,0,0.0,0,0.0,1.0,112.0,0.0,0.0,46
8,0,18,7,0,0.0,0,0.0,1.0,144.0,0.0,0.0,46
2,2,26,6,1,0.1875,1,0.99999950000025,0.7500000624999844,17.333333333333332,0.0,0.25,4
1,0,28,7,0,0.0,0,0.0,1.0,28.0,0.0,0.0,4
1,0,26,7,0,0.0,0,0.0,1.0,26.0,0.0,0.0,5
4,20,19,4,4,2.5,1,4.999998750000312,2.499999375293882e-07,3.619047619047619,0.375,2.5,48
2,8,25,7,3,1.5,1,3.999998000001,0.2500001874999531,5.555555555555555,0.25,1.0,4
2,0,27,7,0,0.0,0,0.0,1.0,54.0,0.0,0.0,10
1,0,25,8,0,0.0,0,0.0,1.0,25.0,0.0,0.0,4
8,3,13,6,2,0.484375,0,0.3749999531250059,0.5000001249999688,26.0,0.0,0.375,53
7,5,19,6,3,0.984375,0,0.7142856122449125,0.2500001874999531,22.166666666666668,0.0,0.625,49
4,0,18,7,0,0.0,0,0.0,1.0,72.0,0.0,0.0,38
3,2,20,6,1,0.1875,0,0.6666664444445185,0.7500000624999844,20.0,0.0,0.25,28
3,0,22,7,0,0.0,0,0.0,1.0,66.0,0.0,0.0,38
3,0,26,7,0,0.0,0,0.0,1.0,78.0,0.0,0.0,36
1,4,22,8,3,1.0,1,3.9999960000040002,0.2500001874999531,4.4,0.25,0.5,0
1,5,25,6,2,0.484375,1,4.999995000005001,0.5000001249999688,4.166666666666667,0.5,0.625,1
3,1,26,7,1,0.109375,0,0.33333322222225925,0.7500000624999844,39.0,0.0,0.125,33
2,2,23,8,1,0.1875,1,0.99999950000025,0.7500000624999844,15.333333333333334,0.0,0.25,3
6,0,17,7,0,0.0,0,0.0,1.0,102.0,0.0,0.0,52
2,15,24,6,4,2.359375,1,7.499996250001875,2.499999375293882e-07,3.0,0.5,1.875,5
4,0,21,7,0,0.0,0,0.0,1.0,84.0,0.0,0.0,35
1,5,24,6,2,0.484375,1,4.999995000005001,0.5000001249999688,4.0,0.5,0.625,0
4,6,30,6,3,1.6875,1,1.4999996250000938,0.2500001874999531,17.142857142857142,0.0,0.75,28
8,1,17,6,1,0.109375,0,0.12499998437500197,0.7500000624999844,68.0,0.0,0.125,57
2,2,18,7,2,0.4375,1,0.99999950000025,0.5000001249999688,12.0,0.125,0.25,0
6,2,19,6,1,0.1875,0,0.33333327777778704,0.7500000624999844,38.0,0.0,0.25,57
5,8,25,6,4,1.75,1,1.599999680000064,2.499999375293882e-07,13.88888888888889,0.0,1.0,42
5,0,29,7,0,0.0,0,0.0,1.0,145.0,0.0,0.0,41
2,0,18,8,0,0.0,0,0.0,1.0,36.0,0.0,0.0,1
1,0,19,8,0,0.0,0,0.0,1.0,19.0,0.0,0.0,5
7,4,18,6,3,1.0,0,0.57142848979593,0.2500001874999531,25.2,0.0,0.5,74
5,6,29,6,3,1.6875,1,1.199999760000048,0.2500001874999531,20.714285714285715,0.0,0.75,45
4,5,24,7,3,1.234375,1,1.249999687500078,0.2500001874999531,16.0,0.0,0.625,30
3,1,18,9,1,0.109375,0,0.33333322222225925,0.7500000624999844,27.0,0.0,0.125,21
4,0,24,8,0,0.0,0,0.0,1.0,96.0,0.0,0.0,32
8,9,18,5,4,2.109375,1,1.1249998593750177,2.499999375293882e-07,14.4,0.0,1.125,73
6,0,25,7,0,0.0,0,0.0,1.0,150.0,0.0,0.0,73
3,5,19,6,2,0.484375,1,1.6666661111112961,0.5000001249999688,9.5,0.0,0.625,19
3,0,17,8,0,0.0,0,0.0,1.0,51.0,0.0,0.0,20
6,0,21,7,0,0.0,0,0.0,1.0,126.0,0.0,0.0,77
6,2,21,6,1,0.1875,0,0.33333327777778704,0.7500000624999844,42.0,0.0,0.25,78
7,0,23,7,0,0.0,0,0.0,1.0,161.0,0.0,0.0,75
6,10,27,5,3,1.9375,1,1.666666388888935,0.2500001874999531,14.727272727272727,0.0,1.25,77
4,10,23,5,4,2.9375,1,2.499999375000156,2.499999375293882e-07,8.363636363636363,0.25,1.25,29
6,18,28,5,4,1.9375,1,2.9999995000000834,2.499999375293882e-07,8.842105263157896,0.0,2.25,75
8,8,26,6,4,1.75,1,0.9999998750000157,2.499999375293882e-07,23.11111111111111,0.0,1.0,84
6,0,26,8,0,0.0,0,0.0,1.0,156.0,0.0,0.0,74
8,0,23,9,0,0.0,0,0.0,1.0,184.0,0.0,0.0,65
7,5,21,6,2,0.484375,0,0.7142856122449125,0.5000001249999688,24.5,0.0,0.625,51
8,5,20,6,2,0.484375,0,0.6249999218750099,0.5000001249999688,26.666666666666668,0.0,0.625,50
8,4,22,6,2,0.5,0,0.4999999375000079,0.5000001249999688,35.2,0.0,0.5,52
6,10,22,5,4,2.9375,1,1.666666388888935,2.499999375293882e-07,12.0,0.0,1.25,59
6,19,0,3,4,2.984375,1,3.166666138888977,2.499999375293882e-07,0.0,0.0,2.375,0
2,6,0,5,4,1.9375,1,2.99999850000075,2.499999375293882e-07,0.0,0.25,0.75,0
7,1,1,7,1,0.109375,0,0.1428571224489825,0.7500000624999844,3.5,0.0,0.125,1
7,19,1,3,4,2.984375,1,2.7142853265306677,2.499999375293882e-07,0.35,0.0,2.375,0
3,6,1,5,4,1.9375,1,1.9999993333335555,2.499999375293882e-07,0.42857142857142855,0.125,0.75,0
1,2,5,6,2,0.4375,1,1.9999980000020001,0.5000001249999688,1.6666666666666667,0.125,0.25,4
3,0,6,7,0,0.0,0,0.0,1.0,18.0,0.0,0.0,2
2,7,2,6,4,1.859375,1,3.499998250000875,2.499999375293882e-07,0.5,0.25,0.875,4
7,0,2,7,0,0.0,0,0.0,1.0,14.0,0.0,0.0,4
4,7,6,6,4,2.359375,1,1.7499995625001092,2.499999375293882e-07,3.0,0.125,0.875,9
1,0,3,7,0,0.0,0,0.0,1.0,3.0,0.0,0.0,7
1,0,4,7,0,0.0,0,0.0,1.0,4.0,0.0,0.0,7
2,0,8,9,0,0.0,0,0.0,1.0,16.0,0.0,0.0,2
6,0,7,7,0,0.0,0,0.0,1.0,42.0,0.0,0.0,11
4,0,4,9,0,0.0,0,0.0,1.0,16.0,0.0,0.0,5
7,2,6,6,2,0.4375,0,0.285714244897965,0.5000001249999688,14.0,0.0,0.25,9
6,0,5,9,0,0.0,0,0.0,1.0,30.0,0.0,0.0,11
1,0,4,8,0,0.0,0,0.0,1.0,4.0,0.0,0.0,3
5,1,5,9,1,0.109375,0,0.199999960000008,0.7500000624999844,12.5,0.0,0.125,12
5,0,7,9,0,0.0,0,0.0,1.0,35.0,0.0,0.0,10
8,6,2,5,4,1.9375,0,0.7499999062500118,2.499999375293882e-07,2.2857142857142856,0.0,0.75,30
3,0,7,8,0,0.0,0,0.0,1.0,21.0,0.0,0.0,9
1,0,12,6,0,0.0,0,0.0,1.0,12.0,0.0,0.0,3
2,2,8,6,1,0.1875,1,0.99999950000025,0.7500000624999844,5.333333333333333,0.0,0.25,13
2,5,8,5,3,1.234375,1,2.499998750000625,0.2500001874999531,2.6666666666666665,0.25,0.625,11
5,9,8,5,4,2.109375,1,1.799999640000072,2.499999375293882e-07,4.0,0.0,1.125,14
3,0,6,8,0,0.0,0,0.0,1.0,18.0,0.0,0.0,9
4,1,8,5,1,0.109375,0,0.24999993750001562,0.7500000624999844,16.0,0.0,0.125,17
2,1,9,5,1,0.109375,0,0.499999750000125,0.7500000624999844,9.0,0.0,0.125,10
5,0,9,6,0,0.0,0,0.0,1.0,45.0,0.0,0.0,20
2,5,14,5,3,1.234375,1,2.499998750000625,0.2500001874999531,4.666666666666667,0.25,0.625,12
2,0,13,6,0,0.0,0,0.0,1.0,26.0,0.0,0.0,12
7,0,5,8,0,0.0,0,0.0,1.0,35.0,0.0,0.0,18
1,0,10,8,0,0.0,0,0.0,1.0,10.0,0.0,0.0,1
3,6,11,4,3,1.1875,1,1.9999993333335555,0.2500001874999531,4.714285714285714,0.125,0.75,10
5,7,9,6,4,1.859375,1,1.399999720000056,2.499999375293882e-07,5.625,0.0,0.875,5
8,1,10,5,1,0.109375,0,0.12499998437500197,0.7500000624999844,40.0,0.0,0.125,25
6,0,8,6,0,0.0,0,0.0,1.0,48.0,0.0,0.0,19
6,0,10,6,0,0.0,0,0.0,1.0,60.0,0.0,0.0,26
8,0,11,6,0,0.0,0,0.0,1.0,88.0,0.0,0.0,27
4,3,9,7,2,0.484375,0,0.7499998125000469,0.5000001249999688,9.0,0.0,0.375,10
6,0,10,9,0,0.0,0,0.0,1.0,60.0,0.0,0.0,19
1,0,12,5,0,0.0,0,0.0,1.0,12.0,0.0,0.0,1
8,9,11,7,4,1.859375,1,1.1249998593750177,2.499999375293882e-07,8.8,0.0,1.125,21
2,9,12,5,4,1.609375,1,4.499997750001125,2.499999375293882e-07,2.4,0.25,1.125,0
4,0,9,8,0,0.0,0,0.0,1.0,36.0,0.0,0.0,13
7,0,10,9,0,0.0,0,0.0,1.0,70.0,0.0,0.0,28
1,0,12,7,0,0.0,0,0.0,1.0,12.0,0.0,0.0,1
3,8,10,6,4,2.0,1,2.666665777778074,2.499999375293882e-07,3.3333333333333335,0.125,1.0,17
8,1,9,8,1,0.109375,0,0.12499998437500197,0.7500000624999844,36.0,0.0,0.125,29
1,4,13,6,3,1.0,1,3.9999960000040002,0.2500001874999531,2.6,0.25,0.5,11
1,0,17,7,0,0.0,0,0.0,1.0,17.0,0.0,0.0,1
8,2,10,6,2,0.4375,0,0.24999996875000394,0.5000001249999688,26.666666666666668,0.0,0.25,30
7,0,8,8,0,0.0,0,0.0,1.0,56.0,0.0,0.0,27
3,8,11,4,4,1.75,1,2.666665777778074,2.499999375293882e-07,3.6666666666666665,0.125,1.0,24
6,8,10,4,4,1.75,1,1.3333331111111482,2.499999375293882e-07,6.666666666666667,0.0,1.0,33
2,0,12,7,0,0.0,0,0.0,1.0,24.0,0.0,0.0,15
3,0,13,7,0,0.0,0,0.0,1.0,39.0,0.0,0.0,19
4,8,11,4,4,2.0,1,1.999999500000125,2.499999375293882e-07,4.888888888888889,0.125,1.0,28
4,6,11,4,4,1.9375,1,1.4999996250000938,2.499999375293882e-07,6.285714285714286,0.125,0.75,33
8,2,11,6,2,0.4375,0,0.24999996875000394,0.5000001249999688,29.333333333333332,0.0,0.25,31
3,0,11,7,0,0.0,0,0.0,1.0,33.0,0.0,0.0,24
3,0,15,7,0,0.0,0,0.0,1.0,45.0,0.0,0.0,20
6,0,11,5,0,0.0,0,0.0,1.0,66.0,0.0,0.0,35
7,1,11,6,1,0.109375,0,0.1428571224489825,0.7500000624999844,38.5,0.0,0.125,39
3,9,15,6,2,0.859375,1,2.9999990000003334,0.5000001249999688,4.5,0.0,1.125,16
3,7,14,6,4,1.859375,1,2.3333325555558146,2.499999375293882e-07,5.25,0.125,0.875,13
3,12,15,5,4,2.0,1,3.999998666667111,2.499999375293882e-07,3.4615384615384617,0.25,1.5,16
5,0,15,7,0,0.0,0,0.0,1.0,75.0,0.0,0.0,25
1,3,13,7,2,0.484375,1,2.9999970000030003,0.5000001249999688,3.25,0.25,0.375,5
2,0,13,7,0,0.0,0,0.0,1.0,26.0,0.0,0.0,12
7,4,14,6,3,1.0,0,0.57142848979593,0.2500001874999531,19.6,0.0,0.5,41
3,3,12,7,2,0.484375,1,0.9999996666667778,0.5000001249999688,9.0,0.0,0.375,10
5,0,14,8,0,0.0,0,0.0,1.0,70.0,0.0,0.0,20
2,3,13,7,2,0.484375,1,1.499999250000375,0.5000001249999688,6.5,0.125,0.375,14
3,6,14,7,2,0.6875,1,1.9999993333335555,0.5000001249999688,6.0,0.0,0.75,17
4,0,13,8,0,0.0,0,0.0,1.0,52.0,0.0,0.0,15
2,8,15,8,4,1.75,1,3.999998000001,2.499999375293882e-07,3.3333333333333335,0.25,1.0,13
7,0,16,7,0,0.0,0,0.0,1.0,112.0,0.0,0.0,34
3,7,15,7,2,0.859375,1,2.3333325555558146,0.5000001249999688,5.625,0.0,0.875,15
7,7,15,6,4,1.859375,1,0.9999998571428775,2.499999375293882e-07,13.125,0.0,0.875,32
4,0,14,8,0,0.0,0,0.0,1.0,56.0,0.0,0.0,17
8,0,14,7,0,0.0,0,0.0,1.0,112.0,0.0,0.0,47
3,1,15,9,1,0.109375,0,0.33333322222225925,0.7500000624999844,22.5,0.0,0.125,15
8,9,13,6,4,1.859375,1,1.1249998593750177,2.499999375293882e-07,10.4,0.0,1.125,35
6,0,15,8,0,0.0,0,0.0,1.0,90.0,0.0,0.0,35
3,5,14,7,2,0.734375,1,1.6666661111112961,0.5000001249999688,7.0,0.0,0.625,18
2,3,15,6,3,0.984375,1,1.499999250000375,0.2500001874999531,7.5,0.125,0.375,17
1,0,15,6,0,0.0,0,0.0,1.0,15.0,0.0,0.0,3
7,0,13,8,0,0.0,0,0.0,1.0,91.0,0.0,0.0,37
2,1,14,7,1,0.109375,0,0.499999750000125,0.7500000624999844,14.0,0.0,0.125,18
6,0,16,8,0,0.0,0,0.0,1.0,96.0,0.0,0.0,38
4,1,16,7,1,0.109375,0,0.24999993750001562,0.7500000624999844,32.0,0.0,0.125,18
5,1,15,7,1,0.109375,0,0.199999960000008,0.7500000624999844,37.5,0.0,0.125,29
6,8,14,8,4,1.75,1,1.3333331111111482,2.499999375293882e-07,9.333333333333334,0.0,1.0,39
6,8,13,8,4,1.75,1,1.3333331111111482,2.499999375293882e-07,8.666666666666666,0.0,1.0,34
3,8,15,5,4,2.0,1,2.666665777778074,2.499999375293882e-07,5.0,0.125,1.0,22
6,4,15,5,2,0.75,0,0.6666665555555741,0.5000001249999688,18.0,0.0,0.5,28
8,0,16,6,0,0.0,0,0.0,1.0,128.0,0.0,0.0,33
6,4,15,5,2,0.5,0,0.6666665555555741,0.5000001249999688,18.0,0.0,0.5,29
6,4,16,5,2,0.75,0,0.6666665555555741,0.5000001249999688,19.2,0.0,0.5,34
8,0,17,6,0,0.0,0,0.0,1.0,136.0,0.0,0.0,42
